"filename","functions","first_line","first_byte","last_line","last_byte","first_column","last_column","first_parsed","last_parsed","value"
"R/AllGenerics.R","primaryAASeqS1",27,30,27,79,30,79,29,29,24
"R/AllGenerics.R","primaryAASeqS2",38,30,38,79,30,79,40,40,12
"R/AllGenerics.R","primaryAASeqS3",49,30,49,79,30,79,51,51,12
"R/AllGenerics.R","qualityBasePlot",69,5,69,38,5,38,71,71,20
"R/AllGenerics.R","updateQualityParam",121,5,121,41,5,41,123,123,241
"R/AllGenerics.R","MakeBaseCalls",141,5,141,36,5,36,143,143,16
"R/AllGenerics.R","writeFastaSA",167,5,167,35,5,35,169,169,10
"R/AllGenerics.R","writeFastaSC",190,5,190,35,5,35,192,192,10
"R/AllGenerics.R","writeFastaSR",211,5,211,35,5,35,213,213,13
"R/AllGenerics.R","launchAppSC",237,5,237,34,5,34,239,239,0
"R/AllGenerics.R","launchAppSA",260,5,260,34,5,34,262,262,0
"R/AllGenerics.R","readTable",287,5,287,32,5,32,289,289,36
"R/AllGenerics.R","generateReportSR",314,5,314,39,5,39,316,316,1
"R/AllGenerics.R","generateReportSC",340,5,340,39,5,39,342,342,0
"R/AllGenerics.R","generateReportSA",368,5,368,39,5,39,370,370,0
"R/ClassChromatogramParam.R","ChromatogramParam",45,15,45,56,15,56,417,417,509
"R/ClassChromatogramParam.R","ChromatogramParam",46,15,46,84,15,84,418,418,509
"R/ClassChromatogramParam.R","ChromatogramParam",47,15,47,83,15,83,419,419,509
"R/ClassChromatogramParam.R","ChromatogramParam",48,15,48,92,15,92,420,420,509
"R/ClassChromatogramParam.R","ChromatogramParam",49,15,49,80,15,80,421,421,509
"R/ClassChromatogramParam.R","ChromatogramParam",50,19,50,42,19,42,50,50,509
"R/ClassChromatogramParam.R","ChromatogramParam",55,17,55,55,17,55,427,427,0
"R/ClassChromatogramParam.R","ChromatogramParam",57,15,61,61,15,61,429,433,509
"R/ClassObjectResults.R","ObjectResults",54,13,61,57,13,57,522,529,1346
"R/ClassQualityReport.R","QualityReport",84,15,84,56,15,56,639,639,508
"R/ClassQualityReport.R","QualityReport",85,15,85,94,15,94,640,640,508
"R/ClassQualityReport.R","QualityReport",90,15,94,64,15,64,645,649,508
"R/ClassQualityReport.R","QualityReport",95,19,95,42,19,42,95,95,508
"R/ClassQualityReport.R","QualityReport",102,19,102,74,19,74,657,657,508
"R/ClassQualityReport.R","QualityReport",108,23,108,44,23,44,108,108,508
"R/ClassQualityReport.R","QualityReport",113,23,116,71,23,71,668,671,489
"R/ClassQualityReport.R","QualityReport",117,30,117,51,30,51,117,117,19
"R/ClassQualityReport.R","QualityReport",122,23,125,74,23,74,677,680,19
"R/ClassQualityReport.R","QualityReport",127,19,127,63,19,63,682,682,508
"R/ClassQualityReport.R","QualityReport",128,19,128,77,19,77,683,683,508
"R/ClassQualityReport.R","QualityReport",129,19,129,75,19,75,684,684,508
"R/ClassQualityReport.R","QualityReport",130,19,130,69,19,69,685,685,508
"R/ClassQualityReport.R","QualityReport",131,19,131,71,19,71,686,686,508
"R/ClassQualityReport.R","QualityReport",132,19,132,71,19,71,687,687,508
"R/ClassQualityReport.R","QualityReport",133,19,134,62,19,62,688,689,508
"R/ClassQualityReport.R","QualityReport",135,19,136,61,19,61,690,691,508
"R/ClassQualityReport.R","QualityReport",137,19,137,67,19,67,692,692,508
"R/ClassQualityReport.R","QualityReport",138,19,138,54,19,54,693,693,508
"R/ClassQualityReport.R","QualityReport",140,19,140,30,19,30,695,695,0
"R/ClassQualityReport.R","QualityReport",142,15,157,75,15,75,697,712,508
"R/ClassSangerAlignment.R","SangerAlignment",188,5,188,26,5,26,1390,1390,184
"R/ClassSangerAlignment.R","SangerAlignment",189,5,189,46,5,46,1391,1391,184
"R/ClassSangerAlignment.R","SangerAlignment",190,5,190,48,5,48,1392,1392,184
"R/ClassSangerAlignment.R","SangerAlignment",191,5,192,72,5,72,1393,1394,184
"R/ClassSangerAlignment.R","SangerAlignment",193,5,193,35,5,35,1395,1395,184
"R/ClassSangerAlignment.R","SangerAlignment",197,9,197,39,9,39,197,197,184
"R/ClassSangerAlignment.R","SangerAlignment",198,9,198,73,9,73,1400,1400,184
"R/ClassSangerAlignment.R","SangerAlignment",199,9,199,90,9,90,1401,1401,184
"R/ClassSangerAlignment.R","SangerAlignment",200,9,200,73,9,73,1402,1402,184
"R/ClassSangerAlignment.R","SangerAlignment",202,9,202,72,9,72,1404,1404,184
"R/ClassSangerAlignment.R","SangerAlignment",203,9,203,73,9,73,1405,1405,184
"R/ClassSangerAlignment.R","SangerAlignment",204,9,204,77,9,77,1406,1406,184
"R/ClassSangerAlignment.R","SangerAlignment",205,9,205,81,9,81,1407,1407,184
"R/ClassSangerAlignment.R","SangerAlignment",206,9,206,81,9,81,1408,1408,184
"R/ClassSangerAlignment.R","SangerAlignment",207,9,207,83,9,83,1409,1409,184
"R/ClassSangerAlignment.R","SangerAlignment",208,9,208,75,9,75,1410,1410,184
"R/ClassSangerAlignment.R","SangerAlignment",209,9,209,77,9,77,1411,1411,184
"R/ClassSangerAlignment.R","SangerAlignment",210,13,210,33,13,33,210,210,184
"R/ClassSangerAlignment.R","SangerAlignment",215,13,216,67,13,67,1417,1418,135
"R/ClassSangerAlignment.R","SangerAlignment",217,13,217,30,13,30,1419,1419,135
"R/ClassSangerAlignment.R","SangerAlignment",219,13,223,62,13,62,1421,1425,135
"R/ClassSangerAlignment.R","SangerAlignment",224,17,224,38,17,38,224,224,135
"R/ClassSangerAlignment.R","SangerAlignment",225,17,225,43,17,43,1427,1427,132
"R/ClassSangerAlignment.R","SangerAlignment",226,17,226,42,17,42,1428,1428,132
"R/ClassSangerAlignment.R","SangerAlignment",227,24,227,45,24,45,227,227,3
"R/ClassSangerAlignment.R","SangerAlignment",228,17,228,39,17,39,1430,1430,2
"R/ClassSangerAlignment.R","SangerAlignment",231,13,231,82,13,82,1433,1433,135
"R/ClassSangerAlignment.R","SangerAlignment",232,13,232,80,13,80,1434,1434,135
"R/ClassSangerAlignment.R","SangerAlignment",233,13,234,71,13,71,1435,1436,135
"R/ClassSangerAlignment.R","SangerAlignment",235,13,235,78,13,78,1437,1437,135
"R/ClassSangerAlignment.R","SangerAlignment",236,20,236,41,20,41,236,236,49
"R/ClassSangerAlignment.R","SangerAlignment",241,13,242,63,13,63,1443,1444,48
"R/ClassSangerAlignment.R","SangerAlignment",243,13,243,34,13,34,1445,1445,48
"R/ClassSangerAlignment.R","SangerAlignment",245,13,245,31,13,31,1447,1447,48
"R/ClassSangerAlignment.R","SangerAlignment",246,13,246,35,13,35,1448,1448,48
"R/ClassSangerAlignment.R","SangerAlignment",247,13,247,39,13,39,1449,1449,48
"R/ClassSangerAlignment.R","SangerAlignment",248,13,248,38,13,38,1450,1450,48
"R/ClassSangerAlignment.R","SangerAlignment",249,17,249,40,17,40,249,249,48
"R/ClassSangerAlignment.R","SangerAlignment",251,17,251,69,17,69,1453,1453,46
"R/ClassSangerAlignment.R","SangerAlignment",252,17,252,46,17,46,1454,1454,46
"R/ClassSangerAlignment.R","SangerAlignment",255,13,255,34,13,34,255,255,184
"R/ClassSangerAlignment.R","SangerAlignment",261,13,262,72,13,72,1463,1464,174
"R/ClassSangerAlignment.R","SangerAlignment",263,13,264,72,13,72,1465,1466,174
"R/ClassSangerAlignment.R","SangerAlignment",265,13,265,39,13,39,1467,1467,174
"R/ClassSangerAlignment.R","SangerAlignment",266,20,266,39,20,39,266,266,10
"R/ClassSangerAlignment.R","SangerAlignment",272,13,273,72,13,72,1474,1475,9
"R/ClassSangerAlignment.R","SangerAlignment",274,13,274,39,13,39,1476,1476,9
"R/ClassSangerAlignment.R","SangerAlignment",275,13,275,39,13,39,1477,1477,9
"R/ClassSangerAlignment.R","SangerAlignment",276,13,278,64,13,64,1478,1480,9
"R/ClassSangerAlignment.R","SangerAlignment",281,9,281,32,9,32,281,281,184
"R/ClassSangerAlignment.R","SangerAlignment",282,9,282,69,9,69,1484,1484,168
"R/ClassSangerAlignment.R","SangerAlignment",283,9,283,69,9,69,1485,1485,168
"R/ClassSangerAlignment.R","SangerAlignment",284,9,284,69,9,69,1486,1486,168
"R/ClassSangerAlignment.R","SangerAlignment",285,9,285,58,9,58,1487,1487,168
"R/ClassSangerAlignment.R","SangerAlignment",286,9,286,58,9,58,1488,1488,168
"R/ClassSangerAlignment.R","SangerAlignment",287,13,287,61,13,61,287,287,168
"R/ClassSangerAlignment.R","SangerAlignment",288,13,289,44,13,44,1490,1491,119
"R/ClassSangerAlignment.R","SangerAlignment",290,13,290,74,13,74,1492,1492,119
"R/ClassSangerAlignment.R","SangerAlignment",291,13,292,74,13,74,1493,1494,119
"R/ClassSangerAlignment.R","SangerAlignment",293,13,294,74,13,74,1495,1496,119
"R/ClassSangerAlignment.R","SangerAlignment",296,13,297,71,13,71,1498,1499,119
"R/ClassSangerAlignment.R","SangerAlignment",298,13,299,71,13,71,1500,1501,119
"R/ClassSangerAlignment.R","SangerAlignment",301,13,304,67,13,67,1503,1506,119
"R/ClassSangerAlignment.R","SangerAlignment",305,13,308,67,13,67,1507,1510,119
"R/ClassSangerAlignment.R","SangerAlignment",309,13,309,70,13,70,1511,1511,119
"R/ClassSangerAlignment.R","SangerAlignment",310,13,310,47,13,47,1512,1512,119
"R/ClassSangerAlignment.R","SangerAlignment",316,13,361,25,13,25,1518,1563,119
"R/ClassSangerAlignment.R","SangerAlignment",319,28,319,64,28,64,1521,1521,404
"R/ClassSangerAlignment.R","SangerAlignment",320,28,320,69,28,69,1522,1522,404
"R/ClassSangerAlignment.R","SangerAlignment",324,28,354,65,28,65,1526,1556,404
"R/ClassSangerAlignment.R","SangerAlignment",355,28,355,116,28,116,1557,1557,380
"R/ClassSangerAlignment.R","SangerAlignment",356,32,356,75,32,75,356,356,380
"R/ClassSangerAlignment.R","SangerAlignment",357,32,357,46,32,46,1559,1559,380
"R/ClassSangerAlignment.R","SangerAlignment",359,32,359,35,32,35,1561,1561,0
"R/ClassSangerAlignment.R","SangerAlignment",362,13,362,50,13,50,1564,1564,95
"R/ClassSangerAlignment.R","SangerAlignment",363,20,363,66,20,66,363,363,49
"R/ClassSangerAlignment.R","SangerAlignment",364,13,365,43,13,43,1566,1567,3
"R/ClassSangerAlignment.R","SangerAlignment",366,13,366,74,13,74,1568,1568,3
"R/ClassSangerAlignment.R","SangerAlignment",367,13,367,67,13,67,1569,1569,3
"R/ClassSangerAlignment.R","SangerAlignment",368,13,369,52,13,52,1570,1571,3
"R/ClassSangerAlignment.R","SangerAlignment",370,13,370,63,13,63,1572,1572,3
"R/ClassSangerAlignment.R","SangerAlignment",371,13,376,14,13,14,1573,1578,3
"R/ClassSangerAlignment.R","SangerAlignment",372,17,373,69,17,69,1574,1575,12
"R/ClassSangerAlignment.R","SangerAlignment",374,17,374,96,17,96,1576,1576,12
"R/ClassSangerAlignment.R","SangerAlignment",375,17,375,34,17,34,1577,1577,12
"R/ClassSangerAlignment.R","SangerAlignment",377,13,377,72,13,72,1579,1579,3
"R/ClassSangerAlignment.R","SangerAlignment",378,13,418,14,13,14,1580,1620,3
"R/ClassSangerAlignment.R","SangerAlignment",379,17,379,51,17,51,1581,1581,12
"R/ClassSangerAlignment.R","SangerAlignment",380,17,380,56,17,56,1582,1582,12
"R/ClassSangerAlignment.R","SangerAlignment",381,17,411,54,17,54,1583,1613,12
"R/ClassSangerAlignment.R","SangerAlignment",412,17,412,105,17,105,1614,1614,12
"R/ClassSangerAlignment.R","SangerAlignment",413,21,413,64,21,64,413,413,12
"R/ClassSangerAlignment.R","SangerAlignment",414,21,414,35,21,35,1616,1616,11
"R/ClassSangerAlignment.R","SangerAlignment",416,21,416,24,21,24,1618,1618,1
"R/ClassSangerAlignment.R","SangerAlignment",419,13,419,50,13,50,1621,1621,3
"R/ClassSangerAlignment.R","SangerAlignment",422,13,422,62,13,62,422,422,144
"R/ClassSangerAlignment.R","SangerAlignment",423,13,424,67,13,67,1625,1626,44
"R/ClassSangerAlignment.R","SangerAlignment",425,13,425,42,13,42,1627,1627,44
"R/ClassSangerAlignment.R","SangerAlignment",426,13,427,68,13,68,1628,1629,44
"R/ClassSangerAlignment.R","SangerAlignment",428,13,429,68,13,68,1630,1631,44
"R/ClassSangerAlignment.R","SangerAlignment",430,13,431,71,13,71,1632,1633,44
"R/ClassSangerAlignment.R","SangerAlignment",432,13,433,71,13,71,1634,1635,44
"R/ClassSangerAlignment.R","SangerAlignment",435,13,437,76,13,76,1637,1639,44
"R/ClassSangerAlignment.R","SangerAlignment",438,13,440,76,13,76,1640,1642,44
"R/ClassSangerAlignment.R","SangerAlignment",441,13,441,70,13,70,1643,1643,44
"R/ClassSangerAlignment.R","SangerAlignment",442,13,479,14,13,14,1644,1681,44
"R/ClassSangerAlignment.R","SangerAlignment",443,17,472,54,17,54,1645,1674,152
"R/ClassSangerAlignment.R","SangerAlignment",473,17,473,105,17,105,1675,1675,136
"R/ClassSangerAlignment.R","SangerAlignment",474,21,474,64,21,64,474,474,136
"R/ClassSangerAlignment.R","SangerAlignment",475,21,475,35,21,35,1677,1677,136
"R/ClassSangerAlignment.R","SangerAlignment",477,21,477,24,21,24,1679,1679,0
"R/ClassSangerAlignment.R","SangerAlignment",480,13,480,50,13,50,1682,1682,28
"R/ClassSangerAlignment.R","SangerAlignment",481,20,481,67,20,67,481,481,100
"R/ClassSangerAlignment.R","SangerAlignment",482,13,483,69,13,69,1684,1685,2
"R/ClassSangerAlignment.R","SangerAlignment",484,13,484,67,13,67,1686,1686,2
"R/ClassSangerAlignment.R","SangerAlignment",485,13,485,63,13,63,1687,1687,2
"R/ClassSangerAlignment.R","SangerAlignment",486,13,523,14,13,14,1688,1725,2
"R/ClassSangerAlignment.R","SangerAlignment",487,17,516,54,17,54,1689,1718,8
"R/ClassSangerAlignment.R","SangerAlignment",517,17,517,105,17,105,1719,1719,8
"R/ClassSangerAlignment.R","SangerAlignment",518,21,518,64,21,64,518,518,8
"R/ClassSangerAlignment.R","SangerAlignment",519,21,519,35,21,35,1721,1721,7
"R/ClassSangerAlignment.R","SangerAlignment",521,21,521,24,21,24,1723,1723,1
"R/ClassSangerAlignment.R","SangerAlignment",524,13,524,50,13,50,1726,1726,2
"R/ClassSangerAlignment.R","SangerAlignment",528,9,528,32,9,32,528,528,144
"R/ClassSangerAlignment.R","SangerAlignment",529,9,529,69,9,69,1731,1731,128
"R/ClassSangerAlignment.R","SangerAlignment",530,9,533,51,9,51,1732,1735,128
"R/ClassSangerAlignment.R","SangerAlignment",534,9,534,44,9,44,1736,1736,128
"R/ClassSangerAlignment.R","SangerAlignment",535,9,535,32,9,32,1737,1737,128
"R/ClassSangerAlignment.R","SangerAlignment",536,9,536,42,9,42,1738,1738,128
"R/ClassSangerAlignment.R","SangerAlignment",539,9,539,45,9,45,1741,1741,128
"R/ClassSangerAlignment.R","SangerAlignment",546,9,546,84,9,84,1748,1748,128
"R/ClassSangerAlignment.R","SangerAlignment",547,9,547,84,9,84,1749,1749,128
"R/ClassSangerAlignment.R","SangerAlignment",548,9,548,84,9,84,1750,1750,128
"R/ClassSangerAlignment.R","SangerAlignment",550,13,550,25,13,25,550,550,128
"R/ClassSangerAlignment.R","SangerAlignment",551,17,551,40,17,40,551,551,128
"R/ClassSangerAlignment.R","SangerAlignment",552,17,552,92,17,92,1754,1754,123
"R/ClassSangerAlignment.R","SangerAlignment",553,24,553,45,24,45,553,553,5
"R/ClassSangerAlignment.R","SangerAlignment",554,17,554,82,17,82,1756,1756,5
"R/ClassSangerAlignment.R","SangerAlignment",556,13,556,24,13,24,1758,1758,128
"R/ClassSangerAlignment.R","SangerAlignment",557,17,557,44,17,44,557,557,128
"R/ClassSangerAlignment.R","SangerAlignment",558,17,558,70,17,70,1760,1760,474
"R/ClassSangerAlignment.R","SangerAlignment",559,17,559,92,17,92,1761,1761,474
"R/ClassSangerAlignment.R","SangerAlignment",560,17,560,92,17,92,1762,1762,474
"R/ClassSangerAlignment.R","SangerAlignment",561,17,561,100,17,100,1763,1763,474
"R/ClassSangerAlignment.R","SangerAlignment",563,13,563,85,13,85,1765,1765,128
"R/ClassSangerAlignment.R","SangerAlignment",564,17,564,38,17,38,564,564,128
"R/ClassSangerAlignment.R","SangerAlignment",565,17,565,87,17,87,1767,1767,96
"R/ClassSangerAlignment.R","SangerAlignment",566,24,566,45,24,45,566,566,32
"R/ClassSangerAlignment.R","SangerAlignment",567,17,567,83,17,83,1769,1769,2
"R/ClassSangerAlignment.R","SangerAlignment",569,20,569,33,20,33,569,569,0
"R/ClassSangerAlignment.R","SangerAlignment",573,13,574,74,13,74,1775,1776,0
"R/ClassSangerAlignment.R","SangerAlignment",575,13,575,46,13,46,1777,1777,0
"R/ClassSangerAlignment.R","SangerAlignment",576,13,576,69,13,69,1778,1778,0
"R/ClassSangerAlignment.R","SangerAlignment",580,9,580,32,9,32,580,580,144
"R/ClassSangerAlignment.R","SangerAlignment",581,9,581,31,9,31,1783,1783,16
"R/ClassSangerAlignment.R","SangerAlignment",582,9,583,43,9,43,1784,1785,16
"R/ClassSangerAlignment.R","SangerAlignment",584,9,584,35,9,35,1786,1786,16
"R/ClassSangerAlignment.R","SangerAlignment",585,9,585,35,9,35,1787,1787,16
"R/ClassSangerAlignment.R","SangerAlignment",586,9,586,33,9,33,1788,1788,16
"R/ClassSangerAlignment.R","SangerAlignment",587,9,587,37,9,37,1789,1789,16
"R/ClassSangerAlignment.R","SangerAlignment",588,9,588,35,9,35,1790,1790,16
"R/ClassSangerAlignment.R","SangerAlignment",589,9,589,36,9,36,1791,1791,16
"R/ClassSangerAlignment.R","SangerAlignment",590,9,590,36,9,36,1792,1792,16
"R/ClassSangerAlignment.R","SangerAlignment",591,9,591,34,9,34,1793,1793,16
"R/ClassSangerAlignment.R","SangerAlignment",592,9,592,38,9,38,1794,1794,16
"R/ClassSangerAlignment.R","SangerAlignment",593,9,593,33,9,33,1795,1795,16
"R/ClassSangerAlignment.R","SangerAlignment",594,9,594,33,9,33,1796,1796,16
"R/ClassSangerAlignment.R","SangerAlignment",595,9,595,34,9,34,1797,1797,16
"R/ClassSangerAlignment.R","SangerAlignment",596,9,596,43,9,43,1798,1798,16
"R/ClassSangerAlignment.R","SangerAlignment",597,9,597,34,9,34,1799,1799,16
"R/ClassSangerAlignment.R","SangerAlignment",598,9,598,46,9,46,1800,1800,16
"R/ClassSangerAlignment.R","SangerAlignment",599,9,599,53,9,53,1801,1801,16
"R/ClassSangerAlignment.R","SangerAlignment",601,9,601,39,9,39,601,601,144
"R/ClassSangerAlignment.R","SangerAlignment",602,13,602,68,13,68,602,602,144
"R/ClassSangerAlignment.R","SangerAlignment",603,13,603,57,13,57,1805,1805,128
"R/ClassSangerAlignment.R","SangerAlignment",605,9,605,69,9,69,1807,1807,144
"R/ClassSangerAlignment.R","SangerAlignment",606,9,606,111,9,111,1808,1808,144
"R/ClassSangerAlignment.R","SangerAlignment",608,5,611,84,5,84,1810,1813,144
"R/ClassSangerAlignment.R","SangerAlignment",612,5,626,52,5,52,1814,1828,144
"R/ClassSangerContig.R","SangerContig",191,5,191,26,5,26,2022,2022,663
"R/ClassSangerContig.R","SangerContig",192,5,192,46,5,46,2023,2023,663
"R/ClassSangerContig.R","SangerContig",193,5,193,48,5,48,2024,2024,663
"R/ClassSangerContig.R","SangerContig",194,5,195,72,5,72,2025,2026,663
"R/ClassSangerContig.R","SangerContig",196,5,196,35,5,35,2027,2027,663
"R/ClassSangerContig.R","SangerContig",197,9,197,36,9,36,197,197,663
"R/ClassSangerContig.R","SangerContig",201,9,201,73,9,73,2032,2032,87
"R/ClassSangerContig.R","SangerContig",202,9,203,62,9,62,2033,2034,87
"R/ClassSangerContig.R","SangerContig",204,9,204,71,9,71,2035,2035,87
"R/ClassSangerContig.R","SangerContig",205,9,205,73,9,73,2036,2036,87
"R/ClassSangerContig.R","SangerContig",206,9,206,72,9,72,2037,2037,87
"R/ClassSangerContig.R","SangerContig",207,9,207,73,9,73,2038,2038,87
"R/ClassSangerContig.R","SangerContig",208,9,208,77,9,77,2039,2039,87
"R/ClassSangerContig.R","SangerContig",209,9,209,81,9,81,2040,2040,87
"R/ClassSangerContig.R","SangerContig",210,9,210,81,9,81,2041,2041,87
"R/ClassSangerContig.R","SangerContig",211,9,211,83,9,83,2042,2042,87
"R/ClassSangerContig.R","SangerContig",212,9,212,75,9,75,2043,2043,87
"R/ClassSangerContig.R","SangerContig",213,9,213,77,9,77,2044,2044,87
"R/ClassSangerContig.R","SangerContig",214,13,214,33,13,33,214,214,87
"R/ClassSangerContig.R","SangerContig",219,13,220,67,13,67,2050,2051,55
"R/ClassSangerContig.R","SangerContig",221,13,221,30,13,30,2052,2052,55
"R/ClassSangerContig.R","SangerContig",223,13,227,62,13,62,2054,2058,55
"R/ClassSangerContig.R","SangerContig",228,17,228,38,17,38,228,228,55
"R/ClassSangerContig.R","SangerContig",229,17,229,43,17,43,2060,2060,55
"R/ClassSangerContig.R","SangerContig",230,17,230,42,17,42,2061,2061,55
"R/ClassSangerContig.R","SangerContig",231,24,231,45,24,45,231,231,0
"R/ClassSangerContig.R","SangerContig",232,17,232,39,17,39,2063,2063,0
"R/ClassSangerContig.R","SangerContig",235,13,235,82,13,82,2066,2066,55
"R/ClassSangerContig.R","SangerContig",236,13,236,80,13,80,2067,2067,55
"R/ClassSangerContig.R","SangerContig",237,13,238,71,13,71,2068,2069,55
"R/ClassSangerContig.R","SangerContig",239,13,239,78,13,78,2070,2070,55
"R/ClassSangerContig.R","SangerContig",240,20,240,41,20,41,240,240,32
"R/ClassSangerContig.R","SangerContig",245,13,246,63,13,63,2076,2077,32
"R/ClassSangerContig.R","SangerContig",247,13,247,34,13,34,2078,2078,32
"R/ClassSangerContig.R","SangerContig",249,13,249,31,13,31,2080,2080,32
"R/ClassSangerContig.R","SangerContig",250,13,250,35,13,35,2081,2081,32
"R/ClassSangerContig.R","SangerContig",251,13,251,39,13,39,2082,2082,32
"R/ClassSangerContig.R","SangerContig",252,13,252,38,13,38,2083,2083,32
"R/ClassSangerContig.R","SangerContig",254,13,254,34,13,34,254,254,87
"R/ClassSangerContig.R","SangerContig",260,13,261,72,13,72,2091,2092,73
"R/ClassSangerContig.R","SangerContig",262,13,263,72,13,72,2093,2094,73
"R/ClassSangerContig.R","SangerContig",264,13,264,39,13,39,2095,2095,73
"R/ClassSangerContig.R","SangerContig",265,20,265,39,20,39,265,265,14
"R/ClassSangerContig.R","SangerContig",271,13,272,72,13,72,2102,2103,14
"R/ClassSangerContig.R","SangerContig",273,13,273,39,13,39,2104,2104,14
"R/ClassSangerContig.R","SangerContig",274,13,274,39,13,39,2105,2105,14
"R/ClassSangerContig.R","SangerContig",275,13,277,64,13,64,2106,2108,14
"R/ClassSangerContig.R","SangerContig",280,9,280,32,9,32,280,280,663
"R/ClassSangerContig.R","SangerContig",284,9,284,76,9,76,2115,2115,663
"R/ClassSangerContig.R","SangerContig",285,9,285,76,9,76,2116,2116,663
"R/ClassSangerContig.R","SangerContig",286,9,286,76,9,76,2117,2117,663
"R/ClassSangerContig.R","SangerContig",287,9,287,56,9,56,2118,2118,663
"R/ClassSangerContig.R","SangerContig",288,9,288,58,9,58,2119,2119,663
"R/ClassSangerContig.R","SangerContig",289,9,289,58,9,58,2120,2120,663
"R/ClassSangerContig.R","SangerContig",290,13,290,61,13,61,290,290,663
"R/ClassSangerContig.R","SangerContig",291,17,291,44,17,44,291,291,459
"R/ClassSangerContig.R","SangerContig",292,17,293,48,17,48,2123,2124,55
"R/ClassSangerContig.R","SangerContig",294,17,294,63,17,63,2125,2125,55
"R/ClassSangerContig.R","SangerContig",296,13,296,56,13,56,2127,2127,459
"R/ClassSangerContig.R","SangerContig",297,13,299,53,13,53,2128,2130,459
"R/ClassSangerContig.R","SangerContig",300,13,302,53,13,53,2131,2133,459
"R/ClassSangerContig.R","SangerContig",303,13,304,71,13,71,2134,2135,459
"R/ClassSangerContig.R","SangerContig",305,13,306,71,13,71,2136,2137,459
"R/ClassSangerContig.R","SangerContig",307,13,308,62,13,62,2138,2139,459
"R/ClassSangerContig.R","SangerContig",309,13,310,62,13,62,2140,2141,459
"R/ClassSangerContig.R","SangerContig",314,13,331,14,13,14,2145,2162,459
"R/ClassSangerContig.R","SangerContig",315,17,330,66,17,66,2146,2161,195
"R/ClassSangerContig.R","SangerContig",332,13,332,58,13,58,2163,2163,449
"R/ClassSangerContig.R","SangerContig",336,13,353,14,13,14,2167,2184,449
"R/ClassSangerContig.R","SangerContig",337,17,352,67,17,67,2168,2183,195
"R/ClassSangerContig.R","SangerContig",354,13,354,58,13,58,2185,2185,439
"R/ClassSangerContig.R","SangerContig",355,20,355,66,20,66,355,355,204
"R/ClassSangerContig.R","SangerContig",356,17,356,44,17,44,356,356,12
"R/ClassSangerContig.R","SangerContig",357,17,358,47,17,47,2188,2189,0
"R/ClassSangerContig.R","SangerContig",359,17,359,63,17,63,2190,2190,0
"R/ClassSangerContig.R","SangerContig",361,13,361,56,13,56,2192,2192,12
"R/ClassSangerContig.R","SangerContig",362,13,362,67,13,67,2193,2193,12
"R/ClassSangerContig.R","SangerContig",363,13,363,70,13,70,2194,2194,12
"R/ClassSangerContig.R","SangerContig",365,13,365,76,13,76,2196,2196,12
"R/ClassSangerContig.R","SangerContig",366,13,366,61,13,61,2197,2197,12
"R/ClassSangerContig.R","SangerContig",367,13,367,70,13,70,2198,2198,12
"R/ClassSangerContig.R","SangerContig",368,13,369,73,13,73,2199,2200,12
"R/ClassSangerContig.R","SangerContig",370,13,370,67,13,67,2201,2201,12
"R/ClassSangerContig.R","SangerContig",375,13,392,14,13,14,2206,2223,12
"R/ClassSangerContig.R","SangerContig",376,17,391,67,17,67,2207,2222,11
"R/ClassSangerContig.R","SangerContig",393,13,393,50,13,50,2224,2224,12
"R/ClassSangerContig.R","SangerContig",395,13,395,76,13,76,2226,2226,12
"R/ClassSangerContig.R","SangerContig",396,13,396,61,13,61,2227,2227,12
"R/ClassSangerContig.R","SangerContig",397,13,397,70,13,70,2228,2228,12
"R/ClassSangerContig.R","SangerContig",398,13,399,73,13,73,2229,2230,12
"R/ClassSangerContig.R","SangerContig",400,13,400,67,13,67,2231,2231,12
"R/ClassSangerContig.R","SangerContig",404,13,421,14,13,14,2235,2252,12
"R/ClassSangerContig.R","SangerContig",405,17,420,67,17,67,2236,2251,12
"R/ClassSangerContig.R","SangerContig",422,13,422,50,13,50,2253,2253,12
"R/ClassSangerContig.R","SangerContig",424,13,424,62,13,62,424,424,643
"R/ClassSangerContig.R","SangerContig",425,17,425,44,17,44,425,425,170
"R/ClassSangerContig.R","SangerContig",426,17,427,71,17,71,2257,2258,18
"R/ClassSangerContig.R","SangerContig",428,17,428,63,17,63,2259,2259,18
"R/ClassSangerContig.R","SangerContig",431,13,431,65,13,65,2262,2262,170
"R/ClassSangerContig.R","SangerContig",432,13,432,42,13,42,2263,2263,170
"R/ClassSangerContig.R","SangerContig",436,13,437,69,13,69,2267,2268,170
"R/ClassSangerContig.R","SangerContig",441,13,443,63,13,63,2272,2274,170
"R/ClassSangerContig.R","SangerContig",447,13,449,63,13,63,2278,2280,170
"R/ClassSangerContig.R","SangerContig",450,13,451,71,13,71,2281,2282,170
"R/ClassSangerContig.R","SangerContig",452,13,453,71,13,71,2283,2284,170
"R/ClassSangerContig.R","SangerContig",458,13,475,14,13,14,2289,2306,170
"R/ClassSangerContig.R","SangerContig",459,17,474,67,17,67,2290,2305,18
"R/ClassSangerContig.R","SangerContig",476,13,476,56,13,56,2307,2307,165
"R/ClassSangerContig.R","SangerContig",480,13,497,14,13,14,2311,2328,165
"R/ClassSangerContig.R","SangerContig",481,17,496,67,17,67,2312,2327,18
"R/ClassSangerContig.R","SangerContig",498,13,498,56,13,56,2329,2329,160
"R/ClassSangerContig.R","SangerContig",499,20,499,67,20,67,499,499,473
"R/ClassSangerContig.R","SangerContig",500,17,500,44,17,44,500,500,22
"R/ClassSangerContig.R","SangerContig",501,17,502,73,17,73,2332,2333,14
"R/ClassSangerContig.R","SangerContig",503,17,503,63,17,63,2334,2334,14
"R/ClassSangerContig.R","SangerContig",506,13,506,65,13,65,2337,2337,22
"R/ClassSangerContig.R","SangerContig",507,13,507,42,13,42,2338,2338,22
"R/ClassSangerContig.R","SangerContig",508,13,508,67,13,67,2339,2339,22
"R/ClassSangerContig.R","SangerContig",509,13,509,70,13,70,2340,2340,22
"R/ClassSangerContig.R","SangerContig",511,13,511,77,13,77,2342,2342,22
"R/ClassSangerContig.R","SangerContig",512,13,512,61,13,61,2343,2343,22
"R/ClassSangerContig.R","SangerContig",513,13,513,66,13,66,2344,2344,22
"R/ClassSangerContig.R","SangerContig",514,13,515,73,13,73,2345,2346,22
"R/ClassSangerContig.R","SangerContig",520,13,537,14,13,14,2351,2368,22
"R/ClassSangerContig.R","SangerContig",521,17,536,67,17,67,2352,2367,9
"R/ClassSangerContig.R","SangerContig",538,13,538,50,13,50,2369,2369,21
"R/ClassSangerContig.R","SangerContig",543,13,543,77,13,77,2374,2374,21
"R/ClassSangerContig.R","SangerContig",544,13,544,61,13,61,2375,2375,21
"R/ClassSangerContig.R","SangerContig",545,13,545,66,13,66,2376,2376,21
"R/ClassSangerContig.R","SangerContig",546,13,547,73,13,73,2377,2378,21
"R/ClassSangerContig.R","SangerContig",548,13,565,14,13,14,2379,2396,21
"R/ClassSangerContig.R","SangerContig",549,17,564,67,17,67,2380,2395,10
"R/ClassSangerContig.R","SangerContig",566,13,566,50,13,50,2397,2397,20
"R/ClassSangerContig.R","SangerContig",574,9,574,68,9,68,2405,2405,631
"R/ClassSangerContig.R","SangerContig",575,9,575,65,9,65,2406,2406,631
"R/ClassSangerContig.R","SangerContig",576,9,632,10,9,10,2407,2463,631
"R/ClassSangerContig.R","SangerContig",577,17,577,49,17,49,577,577,629
"R/ClassSangerContig.R","SangerContig",578,21,578,41,21,41,578,578,629
"R/ClassSangerContig.R","SangerContig",579,21,580,58,21,58,2410,2411,450
"R/ClassSangerContig.R","SangerContig",581,28,581,49,28,49,581,581,179
"R/ClassSangerContig.R","SangerContig",582,21,582,53,21,53,2413,2413,179
"R/ClassSangerContig.R","SangerContig",584,21,584,43,21,43,584,584,629
"R/ClassSangerContig.R","SangerContig",588,21,588,24,21,24,2419,2419,629
"R/ClassSangerContig.R","SangerContig",590,21,592,88,21,88,2421,2423,0
"R/ClassSangerContig.R","SangerContig",593,21,593,59,21,59,2424,2424,0
"R/ClassSangerContig.R","SangerContig",594,21,594,86,21,86,2425,2425,0
"R/ClassSangerContig.R","SangerContig",598,25,598,45,25,45,598,598,0
"R/ClassSangerContig.R","SangerContig",599,25,601,78,25,78,2430,2432,0
"R/ClassSangerContig.R","SangerContig",602,32,602,53,32,53,602,602,0
"R/ClassSangerContig.R","SangerContig",603,25,605,78,25,78,2434,2436,0
"R/ClassSangerContig.R","SangerContig",607,21,607,53,21,53,2438,2438,0
"R/ClassSangerContig.R","SangerContig",608,21,608,67,21,67,2439,2439,0
"R/ClassSangerContig.R","SangerContig",609,21,609,24,21,24,2440,2440,0
"R/ClassSangerContig.R","SangerContig",615,21,615,41,21,41,615,615,0
"R/ClassSangerContig.R","SangerContig",616,21,620,73,21,73,2447,2451,0
"R/ClassSangerContig.R","SangerContig",621,28,621,49,28,49,621,621,0
"R/ClassSangerContig.R","SangerContig",622,21,626,73,21,73,2453,2457,0
"R/ClassSangerContig.R","SangerContig",628,17,628,49,17,49,2459,2459,0
"R/ClassSangerContig.R","SangerContig",629,17,629,63,17,63,2460,2460,0
"R/ClassSangerContig.R","SangerContig",630,17,630,20,17,20,2461,2461,0
"R/ClassSangerContig.R","SangerContig",633,9,689,10,9,10,2464,2520,631
"R/ClassSangerContig.R","SangerContig",634,17,634,49,17,49,634,634,631
"R/ClassSangerContig.R","SangerContig",635,21,635,41,21,41,635,635,631
"R/ClassSangerContig.R","SangerContig",636,21,637,58,21,58,2467,2468,451
"R/ClassSangerContig.R","SangerContig",638,28,638,49,28,49,638,638,180
"R/ClassSangerContig.R","SangerContig",639,21,639,53,21,53,2470,2470,180
"R/ClassSangerContig.R","SangerContig",641,21,641,43,21,43,641,641,631
"R/ClassSangerContig.R","SangerContig",645,21,645,24,21,24,2476,2476,631
"R/ClassSangerContig.R","SangerContig",647,21,649,88,21,88,2478,2480,0
"R/ClassSangerContig.R","SangerContig",650,21,650,59,21,59,2481,2481,0
"R/ClassSangerContig.R","SangerContig",651,21,651,86,21,86,2482,2482,0
"R/ClassSangerContig.R","SangerContig",655,25,655,45,25,45,655,655,0
"R/ClassSangerContig.R","SangerContig",656,25,658,78,25,78,2487,2489,0
"R/ClassSangerContig.R","SangerContig",659,32,659,53,32,53,659,659,0
"R/ClassSangerContig.R","SangerContig",660,25,662,78,25,78,2491,2493,0
"R/ClassSangerContig.R","SangerContig",664,21,664,53,21,53,2495,2495,0
"R/ClassSangerContig.R","SangerContig",665,21,665,67,21,67,2496,2496,0
"R/ClassSangerContig.R","SangerContig",666,21,666,24,21,24,2497,2497,0
"R/ClassSangerContig.R","SangerContig",672,21,672,41,21,41,672,672,0
"R/ClassSangerContig.R","SangerContig",673,21,677,73,21,73,2504,2508,0
"R/ClassSangerContig.R","SangerContig",678,28,678,49,28,49,678,678,0
"R/ClassSangerContig.R","SangerContig",679,21,683,73,21,73,2510,2514,0
"R/ClassSangerContig.R","SangerContig",685,17,685,49,17,49,2516,2516,0
"R/ClassSangerContig.R","SangerContig",686,17,686,63,17,63,2517,2517,0
"R/ClassSangerContig.R","SangerContig",687,17,687,20,17,20,2518,2518,0
"R/ClassSangerContig.R","SangerContig",695,9,695,79,9,79,2526,2526,631
"R/ClassSangerContig.R","SangerContig",696,9,696,79,9,79,2527,2527,631
"R/ClassSangerContig.R","SangerContig",697,9,697,54,9,54,2528,2528,631
"R/ClassSangerContig.R","SangerContig",698,9,698,54,9,54,2529,2529,631
"R/ClassSangerContig.R","SangerContig",699,9,699,51,9,51,2530,2530,631
"R/ClassSangerContig.R","SangerContig",700,13,700,37,13,37,700,700,631
"R/ClassSangerContig.R","SangerContig",701,13,701,21,13,21,2532,2532,629
"R/ClassSangerContig.R","SangerContig",702,17,702,31,17,31,702,702,629
"R/ClassSangerContig.R","SangerContig",703,17,714,75,17,75,2534,2545,629
"R/ClassSangerContig.R","SangerContig",715,17,715,58,17,58,2546,2546,605
"R/ClassSangerContig.R","SangerContig",716,17,716,50,17,50,2547,2547,605
"R/ClassSangerContig.R","SangerContig",718,17,718,43,17,43,2549,2549,605
"R/ClassSangerContig.R","SangerContig",719,17,719,37,17,37,2550,2550,605
"R/ClassSangerContig.R","SangerContig",720,17,720,37,17,37,2551,2551,605
"R/ClassSangerContig.R","SangerContig",721,17,721,37,17,37,2552,2552,605
"R/ClassSangerContig.R","SangerContig",722,17,722,41,17,41,2553,2553,605
"R/ClassSangerContig.R","SangerContig",723,17,723,43,17,43,2554,2554,605
"R/ClassSangerContig.R","SangerContig",724,17,724,37,17,37,2555,2555,605
"R/ClassSangerContig.R","SangerContig",725,24,725,38,24,38,725,725,0
"R/ClassSangerContig.R","SangerContig",726,21,726,38,21,38,726,726,0
"R/ClassSangerContig.R","SangerContig",727,21,727,46,21,46,2558,2558,0
"R/ClassSangerContig.R","SangerContig",728,21,729,88,21,88,2559,2560,0
"R/ClassSangerContig.R","SangerContig",730,21,730,58,21,58,2561,2561,0
"R/ClassSangerContig.R","SangerContig",731,28,731,45,28,45,731,731,0
"R/ClassSangerContig.R","SangerContig",732,21,733,88,21,88,2563,2564,0
"R/ClassSangerContig.R","SangerContig",734,21,734,58,21,58,2565,2565,0
"R/ClassSangerContig.R","SangerContig",736,17,736,39,17,39,2567,2567,0
"R/ClassSangerContig.R","SangerContig",737,17,737,38,17,38,2568,2568,0
"R/ClassSangerContig.R","SangerContig",738,17,738,32,17,32,2569,2569,0
"R/ClassSangerContig.R","SangerContig",739,17,739,30,17,30,2570,2570,0
"R/ClassSangerContig.R","SangerContig",740,17,740,38,17,38,2571,2571,0
"R/ClassSangerContig.R","SangerContig",741,17,741,39,17,39,2572,2572,0
"R/ClassSangerContig.R","SangerContig",742,17,742,36,17,36,2573,2573,0
"R/ClassSangerContig.R","SangerContig",747,13,747,85,13,85,2578,2578,605
"R/ClassSangerContig.R","SangerContig",748,13,748,85,13,85,2579,2579,605
"R/ClassSangerContig.R","SangerContig",749,13,749,85,13,85,2580,2580,605
"R/ClassSangerContig.R","SangerContig",750,13,750,91,13,91,2581,2581,605
"R/ClassSangerContig.R","SangerContig",751,17,751,40,17,40,751,751,605
"R/ClassSangerContig.R","SangerContig",752,17,752,124,17,124,2583,2583,577
"R/ClassSangerContig.R","SangerContig",753,17,753,124,17,124,2584,2584,577
"R/ClassSangerContig.R","SangerContig",754,24,754,45,24,45,754,754,28
"R/ClassSangerContig.R","SangerContig",755,17,755,114,17,114,2586,2586,28
"R/ClassSangerContig.R","SangerContig",756,17,756,114,17,114,2587,2587,28
"R/ClassSangerContig.R","SangerContig",759,17,759,34,17,34,759,759,605
"R/ClassSangerContig.R","SangerContig",760,17,760,63,17,63,2591,2591,0
"R/ClassSangerContig.R","SangerContig",762,17,762,34,17,34,762,762,605
"R/ClassSangerContig.R","SangerContig",763,17,763,63,17,63,2594,2594,0
"R/ClassSangerContig.R","SangerContig",765,17,765,31,17,31,765,765,605
"R/ClassSangerContig.R","SangerContig",766,17,766,78,17,78,2597,2597,0
"R/ClassSangerContig.R","SangerContig",768,17,768,44,17,44,768,768,605
"R/ClassSangerContig.R","SangerContig",769,21,769,42,21,42,769,769,71
"R/ClassSangerContig.R","SangerContig",770,21,770,82,21,82,2601,2601,47
"R/ClassSangerContig.R","SangerContig",771,28,771,49,28,49,771,771,24
"R/ClassSangerContig.R","SangerContig",772,21,772,78,21,78,2603,2603,0
"R/ClassSangerContig.R","SangerContig",779,13,781,71,13,71,2610,2612,2
"R/ClassSangerContig.R","SangerContig",782,13,782,46,13,46,2613,2613,2
"R/ClassSangerContig.R","SangerContig",783,13,783,62,13,62,2614,2614,2
"R/ClassSangerContig.R","SangerContig",785,13,797,14,13,14,2616,2628,2
"R/ClassSangerContig.R","SangerContig",786,21,786,41,21,41,786,786,0
"R/ClassSangerContig.R","SangerContig",787,21,789,73,21,73,2618,2620,0
"R/ClassSangerContig.R","SangerContig",790,28,790,49,28,49,790,790,0
"R/ClassSangerContig.R","SangerContig",791,21,793,73,21,73,2622,2624,0
"R/ClassSangerContig.R","SangerContig",795,17,795,49,17,49,2626,2626,0
"R/ClassSangerContig.R","SangerContig",796,17,796,63,17,63,2627,2627,0
"R/ClassSangerContig.R","SangerContig",798,13,810,14,13,14,2629,2641,2
"R/ClassSangerContig.R","SangerContig",799,21,799,41,21,41,799,799,2
"R/ClassSangerContig.R","SangerContig",800,21,802,73,21,73,2631,2633,1
"R/ClassSangerContig.R","SangerContig",803,28,803,49,28,49,803,803,1
"R/ClassSangerContig.R","SangerContig",804,21,806,73,21,73,2635,2637,1
"R/ClassSangerContig.R","SangerContig",808,17,808,49,17,49,2639,2639,2
"R/ClassSangerContig.R","SangerContig",809,17,809,63,17,63,2640,2640,2
"R/ClassSangerContig.R","SangerContig",816,9,832,10,9,10,2647,2663,607
"R/ClassSangerContig.R","SangerContig",817,17,817,74,17,74,817,817,605
"R/ClassSangerContig.R","SangerContig",818,21,818,41,21,41,818,818,605
"R/ClassSangerContig.R","SangerContig",819,21,822,73,21,73,2650,2653,438
"R/ClassSangerContig.R","SangerContig",823,28,823,49,28,49,823,823,167
"R/ClassSangerContig.R","SangerContig",824,21,827,73,21,73,2655,2658,167
"R/ClassSangerContig.R","SangerContig",829,17,829,49,17,49,2660,2660,605
"R/ClassSangerContig.R","SangerContig",830,17,830,63,17,63,2661,2661,605
"R/ClassSangerContig.R","SangerContig",833,9,849,10,9,10,2664,2680,607
"R/ClassSangerContig.R","SangerContig",834,17,834,74,17,74,834,834,607
"R/ClassSangerContig.R","SangerContig",835,21,835,41,21,41,835,835,606
"R/ClassSangerContig.R","SangerContig",836,21,839,73,21,73,2667,2670,438
"R/ClassSangerContig.R","SangerContig",840,28,840,49,28,49,840,840,168
"R/ClassSangerContig.R","SangerContig",841,21,844,73,21,73,2672,2675,168
"R/ClassSangerContig.R","SangerContig",846,17,846,49,17,49,2677,2677,606
"R/ClassSangerContig.R","SangerContig",847,17,847,63,17,63,2678,2678,606
"R/ClassSangerContig.R","SangerContig",851,9,851,34,9,34,851,851,607
"R/ClassSangerContig.R","SangerContig",852,9,853,42,9,42,2683,2684,2
"R/ClassSangerContig.R","SangerContig",855,9,855,32,9,32,855,855,607
"R/ClassSangerContig.R","SangerContig",856,9,856,31,9,31,2687,2687,2
"R/ClassSangerContig.R","SangerContig",857,9,858,43,9,43,2688,2689,2
"R/ClassSangerContig.R","SangerContig",859,9,859,35,9,35,2690,2690,2
"R/ClassSangerContig.R","SangerContig",860,9,860,35,9,35,2691,2691,2
"R/ClassSangerContig.R","SangerContig",861,9,861,34,9,34,2692,2692,2
"R/ClassSangerContig.R","SangerContig",862,9,862,38,9,38,2693,2693,2
"R/ClassSangerContig.R","SangerContig",863,9,863,36,9,36,2694,2694,2
"R/ClassSangerContig.R","SangerContig",864,9,864,37,9,37,2695,2695,2
"R/ClassSangerContig.R","SangerContig",865,9,865,37,9,37,2696,2696,2
"R/ClassSangerContig.R","SangerContig",866,9,866,37,9,37,2697,2697,2
"R/ClassSangerContig.R","SangerContig",867,9,867,39,9,39,2698,2698,2
"R/ClassSangerContig.R","SangerContig",868,9,868,39,9,39,2699,2699,2
"R/ClassSangerContig.R","SangerContig",869,9,869,35,9,35,2700,2700,2
"R/ClassSangerContig.R","SangerContig",870,9,870,34,9,34,2701,2701,2
"R/ClassSangerContig.R","SangerContig",871,9,871,34,9,34,2702,2702,2
"R/ClassSangerContig.R","SangerContig",872,9,872,35,9,35,2703,2703,2
"R/ClassSangerContig.R","SangerContig",873,9,873,34,9,34,2704,2704,2
"R/ClassSangerContig.R","SangerContig",874,9,874,34,9,34,2705,2705,2
"R/ClassSangerContig.R","SangerContig",875,9,875,35,9,35,2706,2706,2
"R/ClassSangerContig.R","SangerContig",876,9,876,38,9,38,2707,2707,2
"R/ClassSangerContig.R","SangerContig",877,9,877,34,9,34,2708,2708,2
"R/ClassSangerContig.R","SangerContig",878,9,878,44,9,44,2709,2709,2
"R/ClassSangerContig.R","SangerContig",879,9,879,45,9,45,2710,2710,2
"R/ClassSangerContig.R","SangerContig",880,9,880,47,9,47,2711,2711,2
"R/ClassSangerContig.R","SangerContig",881,9,881,41,9,41,2712,2712,2
"R/ClassSangerContig.R","SangerContig",882,9,882,39,9,39,2713,2713,2
"R/ClassSangerContig.R","SangerContig",883,9,883,45,9,45,2714,2714,2
"R/ClassSangerContig.R","SangerContig",884,9,884,45,9,45,2715,2715,2
"R/ClassSangerContig.R","SangerContig",885,9,885,45,9,45,2716,2716,2
"R/ClassSangerContig.R","SangerContig",887,9,887,36,9,36,887,887,607
"R/ClassSangerContig.R","SangerContig",888,13,888,68,13,68,888,888,71
"R/ClassSangerContig.R","SangerContig",889,13,889,57,13,57,2720,2720,71
"R/ClassSangerContig.R","SangerContig",891,9,891,68,9,68,2722,2722,71
"R/ClassSangerContig.R","SangerContig",892,9,892,111,9,111,2723,2723,71
"R/ClassSangerContig.R","SangerContig",894,5,897,84,5,84,2725,2728,607
"R/ClassSangerContig.R","SangerContig",898,5,925,49,5,49,2729,2756,607
"R/ClassSangerRead.R","SangerRead",153,5,153,26,5,26,912,912,595
"R/ClassSangerRead.R","SangerRead",154,5,154,46,5,46,913,913,595
"R/ClassSangerRead.R","SangerRead",155,5,156,72,5,72,914,915,595
"R/ClassSangerRead.R","SangerRead",160,5,160,77,5,77,919,919,595
"R/ClassSangerRead.R","SangerRead",161,9,161,32,9,32,161,161,595
"R/ClassSangerRead.R","SangerRead",165,9,165,89,9,89,924,924,584
"R/ClassSangerRead.R","SangerRead",166,13,166,38,13,38,166,166,584
"R/ClassSangerRead.R","SangerRead",167,13,167,78,13,78,926,926,116
"R/ClassSangerRead.R","SangerRead",168,13,168,78,13,78,927,927,116
"R/ClassSangerRead.R","SangerRead",169,13,169,78,13,78,928,928,116
"R/ClassSangerRead.R","SangerRead",171,13,171,36,13,36,171,171,584
"R/ClassSangerRead.R","SangerRead",172,17,172,37,17,37,172,172,582
"R/ClassSangerRead.R","SangerRead",179,21,179,46,21,46,179,179,508
"R/ClassSangerRead.R","SangerRead",180,21,184,70,21,70,939,943,95
"R/ClassSangerRead.R","SangerRead",188,21,188,89,21,89,947,947,95
"R/ClassSangerRead.R","SangerRead",189,21,189,87,21,87,948,948,95
"R/ClassSangerRead.R","SangerRead",190,21,190,97,21,97,949,949,95
"R/ClassSangerRead.R","SangerRead",191,21,191,85,21,85,950,950,95
"R/ClassSangerRead.R","SangerRead",193,20,193,43,20,43,193,193,508
"R/ClassSangerRead.R","SangerRead",194,25,194,50,25,50,194,194,508
"R/ClassSangerRead.R","SangerRead",195,25,195,84,25,84,954,954,95
"R/ClassSangerRead.R","SangerRead",196,25,196,84,25,84,955,955,95
"R/ClassSangerRead.R","SangerRead",197,25,197,84,25,84,956,956,95
"R/ClassSangerRead.R","SangerRead",198,25,198,87,25,87,957,957,95
"R/ClassSangerRead.R","SangerRead",199,25,199,83,25,83,958,958,95
"R/ClassSangerRead.R","SangerRead",201,21,201,57,21,57,960,960,508
"R/ClassSangerRead.R","SangerRead",202,25,202,50,25,50,202,202,506
"R/ClassSangerRead.R","SangerRead",203,25,203,88,25,88,962,962,93
"R/ClassSangerRead.R","SangerRead",205,21,205,59,21,59,964,964,506
"R/ClassSangerRead.R","SangerRead",206,21,206,62,21,62,965,965,505
"R/ClassSangerRead.R","SangerRead",207,21,207,66,21,66,966,966,505
"R/ClassSangerRead.R","SangerRead",212,21,212,64,21,64,971,971,505
"R/ClassSangerRead.R","SangerRead",213,21,213,64,21,64,972,972,505
"R/ClassSangerRead.R","SangerRead",214,21,214,66,21,66,973,973,505
"R/ClassSangerRead.R","SangerRead",215,21,215,66,21,66,974,974,505
"R/ClassSangerRead.R","SangerRead",216,21,216,65,21,65,975,975,505
"R/ClassSangerRead.R","SangerRead",217,21,217,67,21,67,976,976,505
"R/ClassSangerRead.R","SangerRead",218,21,218,67,21,67,977,977,505
"R/ClassSangerRead.R","SangerRead",219,21,219,67,21,67,978,978,505
"R/ClassSangerRead.R","SangerRead",220,21,220,67,21,67,979,979,505
"R/ClassSangerRead.R","SangerRead",235,21,239,56,21,56,994,998,505
"R/ClassSangerRead.R","SangerRead",246,21,246,75,21,75,1005,1005,505
"R/ClassSangerRead.R","SangerRead",250,21,256,72,21,72,1009,1015,505
"R/ClassSangerRead.R","SangerRead",261,21,261,59,21,59,1020,1020,505
"R/ClassSangerRead.R","SangerRead",262,21,262,63,21,63,1021,1021,505
"R/ClassSangerRead.R","SangerRead",263,21,263,65,21,65,1022,1022,505
"R/ClassSangerRead.R","SangerRead",264,21,264,65,21,65,1023,1023,505
"R/ClassSangerRead.R","SangerRead",268,21,273,60,21,60,1027,1032,505
"R/ClassSangerRead.R","SangerRead",274,21,274,68,21,68,1033,1033,505
"R/ClassSangerRead.R","SangerRead",275,21,275,70,21,70,1034,1034,505
"R/ClassSangerRead.R","SangerRead",277,24,277,45,24,45,277,277,74
"R/ClassSangerRead.R","SangerRead",278,17,278,35,17,35,1037,1037,74
"R/ClassSangerRead.R","SangerRead",279,17,279,49,17,49,1038,1038,74
"R/ClassSangerRead.R","SangerRead",280,17,280,36,17,36,1039,1039,74
"R/ClassSangerRead.R","SangerRead",281,17,281,44,17,44,1040,1040,74
"R/ClassSangerRead.R","SangerRead",282,21,282,46,21,46,282,282,74
"R/ClassSangerRead.R","SangerRead",283,21,283,80,21,80,1042,1042,19
"R/ClassSangerRead.R","SangerRead",284,21,284,80,21,80,1043,1043,19
"R/ClassSangerRead.R","SangerRead",285,21,285,80,21,80,1044,1044,19
"R/ClassSangerRead.R","SangerRead",286,21,286,81,21,81,1045,1045,19
"R/ClassSangerRead.R","SangerRead",288,17,288,71,17,71,1047,1047,74
"R/ClassSangerRead.R","SangerRead",292,17,292,46,17,46,1051,1051,74
"R/ClassSangerRead.R","SangerRead",293,17,293,74,17,74,1052,1052,74
"R/ClassSangerRead.R","SangerRead",294,17,296,72,17,72,1053,1055,74
"R/ClassSangerRead.R","SangerRead",297,20,297,43,20,43,297,297,74
"R/ClassSangerRead.R","SangerRead",298,21,299,77,21,77,1057,1058,74
"R/ClassSangerRead.R","SangerRead",301,21,301,47,21,47,1060,1060,0
"R/ClassSangerRead.R","SangerRead",303,17,303,48,17,48,1062,1062,74
"R/ClassSangerRead.R","SangerRead",304,17,304,48,17,48,1063,1063,74
"R/ClassSangerRead.R","SangerRead",305,17,305,45,17,45,1064,1064,74
"R/ClassSangerRead.R","SangerRead",306,17,306,45,17,45,1065,1065,74
"R/ClassSangerRead.R","SangerRead",307,17,307,45,17,45,1066,1066,74
"R/ClassSangerRead.R","SangerRead",308,17,308,45,17,45,1067,1067,74
"R/ClassSangerRead.R","SangerRead",309,17,309,45,17,45,1068,1068,74
"R/ClassSangerRead.R","SangerRead",310,17,310,41,17,41,1069,1069,74
"R/ClassSangerRead.R","SangerRead",311,17,311,41,17,41,1070,1070,74
"R/ClassSangerRead.R","SangerRead",312,17,312,36,17,36,1071,1071,74
"R/ClassSangerRead.R","SangerRead",313,17,313,54,17,54,1072,1072,74
"R/ClassSangerRead.R","SangerRead",317,16,317,39,16,39,317,317,579
"R/ClassSangerRead.R","SangerRead",318,17,318,46,17,46,1077,1077,0
"R/ClassSangerRead.R","SangerRead",319,17,319,46,17,46,1078,1078,0
"R/ClassSangerRead.R","SangerRead",320,17,320,46,17,46,1079,1079,0
"R/ClassSangerRead.R","SangerRead",327,21,327,26,21,26,327,327,579
"R/ClassSangerRead.R","SangerRead",328,21,328,50,21,50,1087,1087,515
"R/ClassSangerRead.R","SangerRead",329,21,329,50,21,50,1088,1088,515
"R/ClassSangerRead.R","SangerRead",330,21,330,50,21,50,1089,1089,515
"R/ClassSangerRead.R","SangerRead",332,21,333,84,21,84,1091,1092,64
"R/ClassSangerRead.R","SangerRead",334,21,334,69,21,69,1093,1093,64
"R/ClassSangerRead.R","SangerRead",335,21,335,69,21,69,1094,1094,64
"R/ClassSangerRead.R","SangerRead",336,21,336,69,21,69,1095,1095,64
"R/ClassSangerRead.R","SangerRead",338,17,338,87,17,87,1097,1097,579
"R/ClassSangerRead.R","SangerRead",339,17,339,87,17,87,1098,1098,579
"R/ClassSangerRead.R","SangerRead",340,17,340,87,17,87,1099,1099,579
"R/ClassSangerRead.R","SangerRead",341,21,341,41,21,41,341,341,579
"R/ClassSangerRead.R","SangerRead",342,21,342,122,21,122,1101,1101,505
"R/ClassSangerRead.R","SangerRead",343,28,343,49,28,49,343,343,74
"R/ClassSangerRead.R","SangerRead",344,21,344,123,21,123,1103,1103,74
"R/ClassSangerRead.R","SangerRead",346,21,346,46,21,46,346,346,579
"R/ClassSangerRead.R","SangerRead",347,25,347,76,25,76,347,347,111
"R/ClassSangerRead.R","SangerRead",348,25,348,94,25,94,1107,1107,111
"R/ClassSangerRead.R","SangerRead",349,32,349,83,32,83,349,349,0
"R/ClassSangerRead.R","SangerRead",350,25,350,90,25,90,1109,1109,0
"R/ClassSangerRead.R","SangerRead",356,9,356,32,9,32,356,356,592
"R/ClassSangerRead.R","SangerRead",357,9,357,31,9,31,1116,1116,13
"R/ClassSangerRead.R","SangerRead",358,13,358,33,13,33,358,358,13
"R/ClassSangerRead.R","SangerRead",359,13,361,67,13,67,1118,1120,13
"R/ClassSangerRead.R","SangerRead",362,20,362,41,20,41,362,362,0
"R/ClassSangerRead.R","SangerRead",363,13,365,67,13,67,1122,1124,0
"R/ClassSangerRead.R","SangerRead",367,9,368,43,9,43,1126,1127,13
"R/ClassSangerRead.R","SangerRead",370,9,370,32,9,32,1129,1129,13
"R/ClassSangerRead.R","SangerRead",371,9,371,32,9,32,1130,1130,13
"R/ClassSangerRead.R","SangerRead",372,9,372,32,9,32,1131,1131,13
"R/ClassSangerRead.R","SangerRead",373,9,373,32,9,32,1132,1132,13
"R/ClassSangerRead.R","SangerRead",374,9,374,32,9,32,1133,1133,13
"R/ClassSangerRead.R","SangerRead",375,9,375,32,9,32,1134,1134,13
"R/ClassSangerRead.R","SangerRead",376,9,376,43,9,43,1135,1135,13
"R/ClassSangerRead.R","SangerRead",377,9,377,43,9,43,1136,1136,13
"R/ClassSangerRead.R","SangerRead",378,9,378,32,9,32,1137,1137,13
"R/ClassSangerRead.R","SangerRead",379,9,379,43,9,43,1138,1138,13
"R/ClassSangerRead.R","SangerRead",380,9,380,43,9,43,1139,1139,13
"R/ClassSangerRead.R","SangerRead",381,9,381,42,9,42,1140,1140,13
"R/ClassSangerRead.R","SangerRead",382,9,382,42,9,42,1141,1141,13
"R/ClassSangerRead.R","SangerRead",383,9,383,42,9,42,1142,1142,13
"R/ClassSangerRead.R","SangerRead",384,9,384,38,9,38,1143,1143,13
"R/ClassSangerRead.R","SangerRead",385,9,385,38,9,38,1144,1144,13
"R/ClassSangerRead.R","SangerRead",386,9,386,38,9,38,1145,1145,13
"R/ClassSangerRead.R","SangerRead",387,9,387,38,9,38,1146,1146,13
"R/ClassSangerRead.R","SangerRead",388,9,388,38,9,38,1147,1147,13
"R/ClassSangerRead.R","SangerRead",389,9,389,34,9,34,1148,1148,13
"R/ClassSangerRead.R","SangerRead",390,9,390,34,9,34,1149,1149,13
"R/ClassSangerRead.R","SangerRead",391,9,391,34,9,34,1150,1150,13
"R/ClassSangerRead.R","SangerRead",393,13,393,33,13,33,393,393,579
"R/ClassSangerRead.R","SangerRead",394,13,396,67,13,67,1153,1155,505
"R/ClassSangerRead.R","SangerRead",397,20,397,41,20,41,397,397,74
"R/ClassSangerRead.R","SangerRead",398,13,400,67,13,67,1157,1159,74
"R/ClassSangerRead.R","SangerRead",404,9,404,34,9,34,404,404,592
"R/ClassSangerRead.R","SangerRead",405,13,405,68,13,68,405,405,124
"R/ClassSangerRead.R","SangerRead",406,13,406,57,13,57,1165,1165,124
"R/ClassSangerRead.R","SangerRead",408,9,408,69,9,69,1167,1167,124
"R/ClassSangerRead.R","SangerRead",409,9,410,59,9,59,1168,1169,124
"R/ClassSangerRead.R","SangerRead",412,5,412,49,5,49,1171,1171,592
"R/ClassSangerRead.R","SangerRead",413,5,417,59,5,59,1172,1176,592
"R/ClassSangerRead.R","SangerRead",418,5,441,59,5,59,1177,1200,592
"R/Constructors.R","SangerAlignment",88,5,114,40,5,40,2846,2872,30
"R/Constructors.R","SangerAlignment",115,5,115,24,5,24,2873,2873,22
"R/Constructors.R","SangerContig",211,5,239,40,5,40,2969,2997,9
"R/Constructors.R","SangerContig",240,5,240,21,5,21,2998,2998,9
"R/Constructors.R","SangerRead",308,5,323,37,5,37,3066,3081,9
"R/Constructors.R","SangerRead",324,5,324,19,5,19,3082,3082,9
"R/GlobalTrimApp.R","globalTrimApp",42,9,42,34,9,34,42,42,5
"R/GlobalTrimApp.R","globalTrimApp",43,9,43,56,9,56,3127,3127,2
"R/GlobalTrimApp.R","globalTrimApp",45,9,45,32,9,32,45,45,3
"R/GlobalTrimApp.R","globalTrimApp",46,9,47,74,9,74,3130,3131,1
"R/GlobalTrimApp.R","globalTrimApp",50,5,93,5,5,5,3134,3177,2
"R/GlobalTrimApp.R","globalTrimApp",95,5,177,5,5,5,3179,3261,2
"R/GlobalTrimApp.R","globalTrimApp",96,9,96,64,9,64,3180,3180,1
"R/GlobalTrimApp.R","globalTrimApp",99,9,112,9,9,9,3183,3196,1
"R/GlobalTrimApp.R","globalTrimApp",100,13,111,13,13,13,3184,3195,4
"R/GlobalTrimApp.R","globalTrimApp",114,9,114,71,9,71,3198,3198,1
"R/GlobalTrimApp.R","globalTrimApp",114,48,114,68,48,68,3198,3198,4
"R/GlobalTrimApp.R","globalTrimApp",116,9,124,10,9,10,3200,3208,1
"R/GlobalTrimApp.R","globalTrimApp",117,13,117,54,13,54,3201,3201,3
"R/GlobalTrimApp.R","globalTrimApp",118,17,118,31,17,31,118,118,3
"R/GlobalTrimApp.R","globalTrimApp",118,34,118,60,34,60,118,118,0
"R/GlobalTrimApp.R","globalTrimApp",120,13,122,50,13,50,3204,3206,3
"R/GlobalTrimApp.R","globalTrimApp",123,13,123,48,13,48,3207,3207,3
"R/GlobalTrimApp.R","globalTrimApp",126,9,134,10,9,10,3210,3218,1
"R/GlobalTrimApp.R","globalTrimApp",127,13,127,23,13,23,3211,3211,3
"R/GlobalTrimApp.R","globalTrimApp",128,13,133,13,13,13,3212,3217,3
"R/GlobalTrimApp.R","globalTrimApp",137,9,168,10,9,10,3221,3252,1
"R/GlobalTrimApp.R","globalTrimApp",138,13,139,51,13,51,3222,3223,2
"R/GlobalTrimApp.R","globalTrimApp",140,13,159,14,13,14,3224,3243,2
"R/GlobalTrimApp.R","globalTrimApp",141,21,141,44,21,44,141,141,2
"R/GlobalTrimApp.R","globalTrimApp",142,21,146,69,21,69,3226,3230,1
"R/GlobalTrimApp.R","globalTrimApp",148,21,152,79,21,79,3232,3236,1
"R/GlobalTrimApp.R","globalTrimApp",155,17,157,56,17,56,3239,3241,0
"R/GlobalTrimApp.R","globalTrimApp",158,17,158,20,17,20,3242,3242,0
"R/GlobalTrimApp.R","globalTrimApp",160,17,160,32,17,32,160,160,2
"R/GlobalTrimApp.R","globalTrimApp",161,17,161,31,17,31,3245,3245,2
"R/GlobalTrimApp.R","globalTrimApp",162,17,162,57,17,57,3246,3246,2
"R/GlobalTrimApp.R","globalTrimApp",163,17,166,52,17,52,3247,3250,2
"R/GlobalTrimApp.R","globalTrimApp",171,9,173,10,9,10,3255,3257,1
"R/GlobalTrimApp.R","globalTrimApp",172,13,172,33,13,33,3256,3256,0
"R/GlobalTrimApp.R","globalTrimApp",174,9,176,10,9,10,3258,3260,1
"R/GlobalTrimApp.R","globalTrimApp",175,13,175,32,13,32,3259,3259,0
"R/GlobalTrimApp.R","globalTrimApp",179,5,181,82,5,82,3263,3265,2
"R/LoadMessage.R",".onAttach",2,3,2,32,3,32,3269,3269,58
"R/LoadMessage.R",".onAttach",3,3,3,22,3,22,3270,3270,58
"R/LoadMessage.R",".onAttach",4,3,4,52,3,52,3271,3271,58
"R/MethodSangerAlignment.R","SangerAlignment",34,9,34,36,9,36,34,34,11
"R/MethodSangerAlignment.R","SangerAlignment",39,9,39,50,9,50,3312,3312,10
"R/MethodSangerAlignment.R","SangerAlignment",40,9,44,58,9,58,3313,3317,10
"R/MethodSangerAlignment.R","SangerAlignment",45,13,45,36,13,36,45,45,10
"R/MethodSangerAlignment.R","SangerAlignment",46,13,57,25,13,25,3319,3330,9
"R/MethodSangerAlignment.R","SangerAlignment",49,28,56,74,28,74,3322,3329,36
"R/MethodSangerAlignment.R","SangerAlignment",58,13,58,46,13,46,3331,3331,9
"R/MethodSangerAlignment.R","SangerAlignment",59,13,63,66,13,66,3332,3336,9
"R/MethodSangerAlignment.R","SangerAlignment",64,13,64,62,13,62,3337,3337,9
"R/MethodSangerAlignment.R","SangerAlignment",65,13,65,56,13,56,3338,3338,9
"R/MethodSangerAlignment.R","SangerAlignment",66,13,66,56,13,56,3339,3339,9
"R/MethodSangerAlignment.R","SangerAlignment",67,13,67,26,13,26,3340,3340,9
"R/MethodSangerAlignment.R","SangerAlignment",69,13,70,47,13,47,3342,3343,1
"R/MethodSangerAlignment.R","SangerAlignment",72,16,72,44,16,44,72,72,1
"R/MethodSangerAlignment.R","SangerAlignment",73,9,74,51,9,51,3346,3347,1
"R/MethodSangerAlignment.R","SangerAlignment",100,9,100,36,9,36,100,100,0
"R/MethodSangerAlignment.R","SangerAlignment",105,13,105,30,13,30,105,105,0
"R/MethodSangerAlignment.R","SangerAlignment",106,13,106,34,13,34,3379,3379,0
"R/MethodSangerAlignment.R","SangerAlignment",108,13,108,34,13,34,108,108,0
"R/MethodSangerAlignment.R","SangerAlignment",109,13,109,69,13,69,3382,3382,0
"R/MethodSangerAlignment.R","SangerAlignment",111,9,111,47,9,47,3384,3384,0
"R/MethodSangerAlignment.R","SangerAlignment",113,13,113,33,13,33,113,113,0
"R/MethodSangerAlignment.R","SangerAlignment",114,13,114,56,13,56,3387,3387,0
"R/MethodSangerAlignment.R","SangerAlignment",115,13,115,52,13,52,3388,3388,0
"R/MethodSangerAlignment.R","SangerAlignment",116,13,116,41,13,41,3389,3389,0
"R/MethodSangerAlignment.R","SangerAlignment",117,13,117,84,13,84,3390,3390,0
"R/MethodSangerAlignment.R","SangerAlignment",118,13,118,38,13,38,3391,3391,0
"R/MethodSangerAlignment.R","SangerAlignment",120,13,120,75,13,75,3393,3393,0
"R/MethodSangerAlignment.R","SangerAlignment",122,16,122,44,16,44,122,122,0
"R/MethodSangerAlignment.R","SangerAlignment",123,9,125,47,9,47,3396,3398,0
"R/MethodSangerAlignment.R","SangerAlignment",155,9,156,70,9,70,155,156,10
"R/MethodSangerAlignment.R","SangerAlignment",157,9,158,62,9,62,3430,3431,0
"R/MethodSangerAlignment.R","SangerAlignment",163,9,163,26,9,26,163,163,10
"R/MethodSangerAlignment.R","SangerAlignment",164,9,164,30,9,30,3437,3437,0
"R/MethodSangerAlignment.R","SangerAlignment",166,9,166,30,9,30,166,166,10
"R/MethodSangerAlignment.R","SangerAlignment",167,9,167,65,9,65,3440,3440,0
"R/MethodSangerAlignment.R","SangerAlignment",169,5,169,41,5,41,3442,3442,10
"R/MethodSangerAlignment.R","SangerAlignment",170,5,170,43,5,43,3443,3443,10
"R/MethodSangerAlignment.R","SangerAlignment",171,5,171,68,5,68,3444,3444,10
"R/MethodSangerAlignment.R","SangerAlignment",175,9,175,62,9,62,175,175,10
"R/MethodSangerAlignment.R","SangerAlignment",176,9,176,61,9,61,3449,3449,10
"R/MethodSangerAlignment.R","SangerAlignment",177,9,177,49,9,49,3450,3450,10
"R/MethodSangerAlignment.R","SangerAlignment",178,13,178,37,13,37,178,178,10
"R/MethodSangerAlignment.R","SangerAlignment",179,13,182,66,13,66,3452,3455,10
"R/MethodSangerAlignment.R","SangerAlignment",184,13,185,73,13,73,3457,3458,0
"R/MethodSangerAlignment.R","SangerAlignment",192,9,192,64,9,64,192,192,10
"R/MethodSangerAlignment.R","SangerAlignment",193,9,193,59,9,59,3466,3466,10
"R/MethodSangerAlignment.R","SangerAlignment",194,9,196,10,9,10,3467,3469,10
"R/MethodSangerAlignment.R","SangerAlignment",195,13,195,28,13,28,3468,3468,40
"R/MethodSangerAlignment.R","SangerAlignment",197,9,197,53,9,53,3470,3470,10
"R/MethodSangerAlignment.R","SangerAlignment",198,9,201,62,9,62,3471,3474,10
"R/MethodSangerAlignment.R","SangerAlignment",220,9,220,54,9,54,220,220,10
"R/MethodSangerAlignment.R","SangerAlignment",221,9,221,66,9,66,3494,3494,10
"R/MethodSangerAlignment.R","SangerAlignment",222,9,234,24,9,24,3495,3507,10
"R/MethodSangerAlignment.R","SangerAlignment",223,13,231,28,13,28,3496,3504,40
"R/MethodSangerAlignment.R","SangerAlignment",224,17,224,66,17,66,3497,3497,40
"R/MethodSangerAlignment.R","SangerAlignment",225,21,225,48,21,48,225,225,40
"R/MethodSangerAlignment.R","SangerAlignment",226,21,226,80,21,80,3499,3499,40
"R/MethodSangerAlignment.R","SangerAlignment",227,21,227,82,21,82,3500,3500,40
"R/MethodSangerAlignment.R","SangerAlignment",228,21,228,89,21,89,3501,3501,40
"R/MethodSangerAlignment.R","SangerAlignment",230,17,230,34,17,34,3503,3503,40
"R/MethodSangerAlignment.R","SangerAlignment",232,13,232,68,13,68,3505,3505,40
"R/MethodSangerAlignment.R","SangerAlignment",233,13,233,26,13,26,3506,3506,40
"R/MethodSangerAlignment.R","SangerAlignment",235,9,249,24,9,24,3508,3522,10
"R/MethodSangerAlignment.R","SangerAlignment",236,13,246,28,13,28,3509,3519,40
"R/MethodSangerAlignment.R","SangerAlignment",237,17,237,66,17,66,3510,3510,40
"R/MethodSangerAlignment.R","SangerAlignment",238,21,238,48,21,48,238,238,40
"R/MethodSangerAlignment.R","SangerAlignment",240,21,240,80,21,80,3513,3513,40
"R/MethodSangerAlignment.R","SangerAlignment",241,21,241,82,21,82,3514,3514,40
"R/MethodSangerAlignment.R","SangerAlignment",242,21,243,77,21,77,3515,3516,40
"R/MethodSangerAlignment.R","SangerAlignment",245,17,245,34,17,34,3518,3518,40
"R/MethodSangerAlignment.R","SangerAlignment",247,13,247,68,13,68,3520,3520,40
"R/MethodSangerAlignment.R","SangerAlignment",248,13,248,26,13,26,3521,3521,40
"R/MethodSangerAlignment.R","SangerAlignment",250,9,250,56,9,56,3523,3523,10
"R/MethodSangerAlignment.R","SangerAlignment",251,9,254,62,9,62,3524,3527,10
"R/MethodSangerAlignment.R","SangerAlignment",257,5,257,66,5,66,3530,3530,10
"R/MethodSangerAlignment.R","SangerAlignment",293,9,293,26,9,26,293,293,0
"R/MethodSangerAlignment.R","SangerAlignment",294,9,294,30,9,30,3567,3567,0
"R/MethodSangerAlignment.R","SangerAlignment",296,9,296,30,9,30,296,296,0
"R/MethodSangerAlignment.R","SangerAlignment",297,9,297,65,9,65,3570,3570,0
"R/MethodSangerAlignment.R","SangerAlignment",299,5,299,41,5,41,3572,3572,0
"R/MethodSangerAlignment.R","SangerAlignment",300,5,300,43,5,43,3573,3573,0
"R/MethodSangerAlignment.R","SangerAlignment",305,5,305,58,5,58,3578,3578,0
"R/MethodSangerAlignment.R","SangerAlignment",306,9,306,32,9,32,306,306,0
"R/MethodSangerAlignment.R","SangerAlignment",307,9,307,67,9,67,3580,3580,0
"R/MethodSangerAlignment.R","SangerAlignment",309,5,309,66,5,66,3582,3582,0
"R/MethodSangerAlignment.R","SangerAlignment",310,5,310,54,5,54,3583,3583,0
"R/MethodSangerAlignment.R","SangerAlignment",311,5,311,72,5,72,3584,3584,0
"R/MethodSangerAlignment.R","SangerAlignment",312,5,312,71,5,71,3585,3585,0
"R/MethodSangerAlignment.R","SangerAlignment",315,9,315,27,9,27,315,315,0
"R/MethodSangerAlignment.R","SangerAlignment",316,9,322,10,9,10,3589,3595,0
"R/MethodSangerAlignment.R","SangerAlignment",317,13,317,52,13,52,3590,3590,0
"R/MethodSangerAlignment.R","SangerAlignment",318,13,321,64,13,64,3591,3594,0
"R/MethodSangerAlignment.R","SangerAlignment",324,9,324,25,9,25,3597,3597,0
"R/MethodSangerAlignment.R","SangerAlignment",326,5,331,49,5,49,3599,3604,0
"R/MethodSangerAlignment.R","SangerAlignment",332,5,332,22,5,22,3605,3605,0
"R/MethodSangerContig.R","SangerContig",33,9,33,36,9,36,33,33,38
"R/MethodSangerContig.R","SangerContig",38,9,38,50,9,50,3645,3645,38
"R/MethodSangerContig.R","SangerContig",39,9,43,58,9,58,3646,3650,38
"R/MethodSangerContig.R","SangerContig",44,13,44,36,13,36,44,44,38
"R/MethodSangerContig.R","SangerContig",45,13,55,25,13,25,3652,3662,38
"R/MethodSangerContig.R","SangerContig",48,28,54,80,28,80,3655,3661,38
"R/MethodSangerContig.R","SangerContig",56,13,56,56,13,56,3663,3663,38
"R/MethodSangerContig.R","SangerContig",57,13,67,25,13,25,3664,3674,38
"R/MethodSangerContig.R","SangerContig",60,28,66,80,28,80,3667,3673,38
"R/MethodSangerContig.R","SangerContig",68,13,68,56,13,56,3675,3675,38
"R/MethodSangerContig.R","SangerContig",69,13,79,84,13,84,3676,3686,38
"R/MethodSangerContig.R","SangerContig",80,13,80,57,13,57,3687,3687,38
"R/MethodSangerContig.R","SangerContig",81,13,81,52,13,52,3688,3688,38
"R/MethodSangerContig.R","SangerContig",82,13,82,45,13,45,3689,3689,38
"R/MethodSangerContig.R","SangerContig",83,13,83,50,13,50,3690,3690,38
"R/MethodSangerContig.R","SangerContig",84,13,84,46,13,46,3691,3691,38
"R/MethodSangerContig.R","SangerContig",85,13,85,46,13,46,3692,3692,38
"R/MethodSangerContig.R","SangerContig",86,13,86,51,13,51,3693,3693,38
"R/MethodSangerContig.R","SangerContig",87,13,87,51,13,51,3694,3694,38
"R/MethodSangerContig.R","SangerContig",88,13,88,26,13,26,3695,3695,38
"R/MethodSangerContig.R","SangerContig",90,13,91,47,13,47,3697,3698,0
"R/MethodSangerContig.R","SangerContig",93,16,93,44,16,44,93,93,0
"R/MethodSangerContig.R","SangerContig",94,9,95,51,9,51,3701,3702,0
"R/MethodSangerContig.R","SangerContig",120,9,120,36,9,36,120,120,0
"R/MethodSangerContig.R","SangerContig",125,13,125,30,13,30,125,125,0
"R/MethodSangerContig.R","SangerContig",126,13,126,34,13,34,3733,3733,0
"R/MethodSangerContig.R","SangerContig",128,13,128,34,13,34,128,128,0
"R/MethodSangerContig.R","SangerContig",129,13,129,69,13,69,3736,3736,0
"R/MethodSangerContig.R","SangerContig",131,9,131,47,9,47,3738,3738,0
"R/MethodSangerContig.R","SangerContig",132,13,132,33,13,33,132,132,0
"R/MethodSangerContig.R","SangerContig",133,13,133,53,13,53,3740,3740,0
"R/MethodSangerContig.R","SangerContig",134,13,134,52,13,52,3741,3741,0
"R/MethodSangerContig.R","SangerContig",135,13,135,41,13,41,3742,3742,0
"R/MethodSangerContig.R","SangerContig",136,13,137,60,13,60,3743,3744,0
"R/MethodSangerContig.R","SangerContig",138,13,138,35,13,35,3745,3745,0
"R/MethodSangerContig.R","SangerContig",140,13,140,70,13,70,3747,3747,0
"R/MethodSangerContig.R","SangerContig",142,16,142,44,16,44,142,142,0
"R/MethodSangerContig.R","SangerContig",143,9,145,47,9,47,3750,3752,0
"R/MethodSangerContig.R","SangerContig",175,9,176,65,9,65,175,176,10
"R/MethodSangerContig.R","SangerContig",177,9,178,66,9,66,3784,3785,0
"R/MethodSangerContig.R","SangerContig",180,9,180,26,9,26,180,180,10
"R/MethodSangerContig.R","SangerContig",181,9,181,30,9,30,3788,3788,0
"R/MethodSangerContig.R","SangerContig",182,9,182,65,9,65,3789,3789,0
"R/MethodSangerContig.R","SangerContig",184,5,184,41,5,41,3791,3791,10
"R/MethodSangerContig.R","SangerContig",185,5,185,43,5,43,3792,3792,10
"R/MethodSangerContig.R","SangerContig",186,5,186,34,5,34,3793,3793,10
"R/MethodSangerContig.R","SangerContig",187,5,187,69,5,69,3794,3794,10
"R/MethodSangerContig.R","SangerContig",191,9,191,60,9,60,191,191,10
"R/MethodSangerContig.R","SangerContig",192,9,192,59,9,59,3799,3799,10
"R/MethodSangerContig.R","SangerContig",193,9,193,42,9,42,3800,3800,10
"R/MethodSangerContig.R","SangerContig",194,9,194,41,9,41,3801,3801,10
"R/MethodSangerContig.R","SangerContig",195,9,195,73,9,73,3802,3802,10
"R/MethodSangerContig.R","SangerContig",196,9,196,75,9,75,3803,3803,10
"R/MethodSangerContig.R","SangerContig",197,9,198,48,9,48,3804,3805,10
"R/MethodSangerContig.R","SangerContig",199,9,203,62,9,62,3806,3810,10
"R/MethodSangerContig.R","SangerContig",209,9,209,62,9,62,209,209,10
"R/MethodSangerContig.R","SangerContig",210,9,210,66,9,66,3817,3817,10
"R/MethodSangerContig.R","SangerContig",211,9,223,10,9,10,3818,3830,10
"R/MethodSangerContig.R","SangerContig",212,13,212,62,13,62,3819,3819,10
"R/MethodSangerContig.R","SangerContig",216,17,216,44,17,44,216,216,10
"R/MethodSangerContig.R","SangerContig",217,17,217,76,17,76,3824,3824,10
"R/MethodSangerContig.R","SangerContig",218,17,218,78,17,78,3825,3825,10
"R/MethodSangerContig.R","SangerContig",219,17,220,73,17,73,3826,3827,10
"R/MethodSangerContig.R","SangerContig",222,13,222,30,13,30,3829,3829,10
"R/MethodSangerContig.R","SangerContig",224,9,224,64,9,64,3831,3831,10
"R/MethodSangerContig.R","SangerContig",225,9,238,10,9,10,3832,3845,10
"R/MethodSangerContig.R","SangerContig",229,13,229,62,13,62,3836,3836,10
"R/MethodSangerContig.R","SangerContig",230,17,230,44,17,44,230,230,10
"R/MethodSangerContig.R","SangerContig",232,17,232,76,17,76,3839,3839,10
"R/MethodSangerContig.R","SangerContig",233,17,233,78,17,78,3840,3840,10
"R/MethodSangerContig.R","SangerContig",234,17,235,73,17,73,3841,3842,10
"R/MethodSangerContig.R","SangerContig",237,13,237,30,13,30,3844,3844,10
"R/MethodSangerContig.R","SangerContig",239,9,239,64,9,64,3846,3846,10
"R/MethodSangerContig.R","SangerContig",240,9,241,60,9,60,3847,3848,10
"R/MethodSangerContig.R","SangerContig",242,9,247,62,9,62,3849,3854,10
"R/MethodSangerContig.R","SangerContig",253,9,253,51,9,51,253,253,10
"R/MethodSangerContig.R","SangerContig",254,9,254,64,9,64,3861,3861,10
"R/MethodSangerContig.R","SangerContig",256,9,256,53,9,53,3863,3863,10
"R/MethodSangerContig.R","SangerContig",257,9,257,59,9,59,3864,3864,10
"R/MethodSangerContig.R","SangerContig",258,9,261,62,9,62,3865,3868,10
"R/MethodSangerContig.R","SangerContig",263,5,263,67,5,67,3870,3870,10
"R/MethodSangerContig.R","SangerContig",305,9,305,26,9,26,305,305,0
"R/MethodSangerContig.R","SangerContig",306,9,306,30,9,30,3913,3913,0
"R/MethodSangerContig.R","SangerContig",308,9,308,30,9,30,308,308,0
"R/MethodSangerContig.R","SangerContig",309,9,309,65,9,65,3916,3916,0
"R/MethodSangerContig.R","SangerContig",311,5,311,41,5,41,3918,3918,0
"R/MethodSangerContig.R","SangerContig",312,5,312,43,5,43,3919,3919,0
"R/MethodSangerContig.R","SangerContig",317,5,317,58,5,58,3924,3924,0
"R/MethodSangerContig.R","SangerContig",318,9,318,32,9,32,318,318,0
"R/MethodSangerContig.R","SangerContig",319,9,319,67,9,67,3926,3926,0
"R/MethodSangerContig.R","SangerContig",322,5,322,54,5,54,3929,3929,0
"R/MethodSangerContig.R","SangerContig",323,5,323,69,5,69,3930,3930,0
"R/MethodSangerContig.R","SangerContig",325,9,325,36,9,36,325,325,0
"R/MethodSangerContig.R","SangerContig",326,9,326,72,9,72,3933,3933,0
"R/MethodSangerContig.R","SangerContig",327,16,327,44,16,44,327,327,0
"R/MethodSangerContig.R","SangerContig",328,9,328,72,9,72,3935,3935,0
"R/MethodSangerContig.R","SangerContig",330,5,330,42,5,42,3937,3937,0
"R/MethodSangerContig.R","SangerContig",331,5,331,42,5,42,3938,3938,0
"R/MethodSangerContig.R","SangerContig",333,8,333,24,8,24,333,333,0
"R/MethodSangerContig.R","SangerContig",334,9,338,78,9,78,3941,3945,0
"R/MethodSangerContig.R","SangerContig",339,9,343,78,9,78,3946,3950,0
"R/MethodSangerContig.R","SangerContig",345,9,345,28,9,28,3952,3952,0
"R/MethodSangerContig.R","SangerContig",346,9,346,28,9,28,3953,3953,0
"R/MethodSangerContig.R","SangerContig",348,5,355,49,5,49,3955,3962,0
"R/MethodSangerContig.R","SangerContig",356,5,356,22,5,22,3963,3963,0
"R/MethodSangerContig.R","SangerContig",389,5,389,56,5,56,3996,3996,9
"R/MethodSangerContig.R","SangerContig",390,5,390,37,5,37,3997,3997,9
"R/MethodSangerContig.R","SangerContig",391,5,391,53,5,53,3998,3998,9
"R/MethodSangerContig.R","SangerContig",392,5,392,35,5,35,3999,3999,9
"R/MethodSangerContig.R","SangerContig",393,5,393,53,5,53,4000,4000,9
"R/MethodSangerContig.R","SangerContig",394,5,394,53,5,53,4001,4001,9
"R/MethodSangerContig.R","SangerContig",395,5,395,37,5,37,4002,4002,9
"R/MethodSangerContig.R","SangerContig",396,5,396,41,5,41,4003,4003,9
"R/MethodSangerContig.R","SangerContig",397,5,397,45,5,45,4004,4004,9
"R/MethodSangerContig.R","SangerContig",398,5,398,45,5,45,4005,4005,9
"R/MethodSangerContig.R","SangerContig",399,5,399,45,5,45,4006,4006,9
"R/MethodSangerContig.R","SangerContig",400,5,400,47,5,47,4007,4007,9
"R/MethodSangerContig.R","SangerContig",401,5,401,39,5,39,4008,4008,9
"R/MethodSangerContig.R","SangerContig",402,5,402,33,5,33,4009,4009,9
"R/MethodSangerContig.R","SangerContig",404,5,404,45,5,45,4011,4011,9
"R/MethodSangerContig.R","SangerContig",405,5,405,45,5,45,4012,4012,9
"R/MethodSangerContig.R","SangerContig",407,5,407,41,5,41,4014,4014,9
"R/MethodSangerContig.R","SangerContig",408,5,408,43,5,43,4015,4015,9
"R/MethodSangerContig.R","SangerContig",409,5,409,31,5,31,4016,4016,9
"R/MethodSangerContig.R","SangerContig",410,5,410,39,5,39,4017,4017,9
"R/MethodSangerContig.R","SangerContig",411,5,411,45,5,45,4018,4018,9
"R/MethodSangerContig.R","SangerContig",413,9,413,24,9,24,413,413,9
"R/MethodSangerContig.R","SangerContig",414,9,414,66,9,66,4021,4021,9
"R/MethodSangerContig.R","SangerContig",415,9,415,66,9,66,4022,4022,9
"R/MethodSangerContig.R","SangerContig",416,9,416,66,9,66,4023,4023,9
"R/MethodSangerContig.R","SangerContig",418,5,420,45,5,45,4025,4027,9
"R/MethodSangerContig.R","SangerContig",421,5,434,5,5,5,4028,4041,9
"R/MethodSangerContig.R","SangerContig",435,5,435,55,5,55,4042,4042,9
"R/MethodSangerContig.R","SangerContig",436,5,436,55,5,55,4043,4043,9
"R/MethodSangerRead.R",".computeAASeq",11,9,12,38,9,38,11,12,36
"R/MethodSangerRead.R",".computeAASeq",13,9,13,50,9,50,4058,4058,36
"R/MethodSangerRead.R",".computeAASeq",14,9,14,51,9,51,4059,4059,36
"R/MethodSangerRead.R",".computeAASeq",16,9,16,15,9,15,4061,4061,0
"R/MethodSangerRead.R",".computeAASeq",17,9,17,39,9,39,4062,4062,0
"R/MethodSangerRead.R",".computeAASeq",19,5,19,72,5,72,4064,4064,36
"R/MethodSangerRead.R",".computeAASeq",20,5,20,41,5,41,4065,4065,36
"R/MethodSangerRead.R","SangerRead",26,9,26,42,9,42,26,26,24
"R/MethodSangerRead.R","SangerRead",26,45,26,73,45,73,26,26,10
"R/MethodSangerRead.R","SangerRead",27,5,27,29,5,29,4072,4072,14
"R/MethodSangerRead.R","SangerRead",33,9,33,42,9,42,33,33,12
"R/MethodSangerRead.R","SangerRead",33,45,33,73,45,73,33,33,1
"R/MethodSangerRead.R","SangerRead",34,5,34,29,5,29,4079,4079,11
"R/MethodSangerRead.R","SangerRead",40,9,40,42,9,42,40,40,12
"R/MethodSangerRead.R","SangerRead",40,45,40,73,45,73,40,40,1
"R/MethodSangerRead.R","SangerRead",41,5,41,29,5,29,4086,4086,11
"R/MethodSangerRead.R","SangerRead",62,9,62,36,9,36,62,62,10
"R/MethodSangerRead.R","SangerRead",63,9,63,60,9,60,4108,4108,10
"R/MethodSangerRead.R","SangerRead",64,9,64,16,9,16,4109,4109,10
"R/MethodSangerRead.R","SangerRead",65,16,65,44,16,44,65,65,0
"R/MethodSangerRead.R","SangerRead",66,9,67,45,9,45,4111,4112,0
"R/MethodSangerRead.R","SangerRead",101,19,101,46,19,46,101,101,95
"R/MethodSangerRead.R","SangerRead",106,19,106,60,19,60,4151,4151,95
"R/MethodSangerRead.R","SangerRead",107,19,111,68,19,68,4152,4156,95
"R/MethodSangerRead.R","SangerRead",112,22,112,45,22,45,112,112,95
"R/MethodSangerRead.R","SangerRead",113,23,118,65,23,65,4158,4163,94
"R/MethodSangerRead.R","SangerRead",119,23,122,75,23,75,4164,4167,94
"R/MethodSangerRead.R","SangerRead",123,23,123,78,23,78,4168,4168,94
"R/MethodSangerRead.R","SangerRead",124,23,124,78,23,78,4169,4169,94
"R/MethodSangerRead.R","SangerRead",125,23,125,78,23,78,4170,4170,94
"R/MethodSangerRead.R","SangerRead",126,23,126,36,23,36,4171,4171,94
"R/MethodSangerRead.R","SangerRead",128,23,129,57,23,57,4173,4174,1
"R/MethodSangerRead.R","SangerRead",131,26,131,54,26,54,131,131,0
"R/MethodSangerRead.R","SangerRead",132,19,133,62,19,62,4177,4178,0
"R/MethodSangerRead.R","SangerRead",155,9,155,36,9,36,155,155,16
"R/MethodSangerRead.R","SangerRead",156,9,156,50,9,50,4201,4201,16
"R/MethodSangerRead.R","SangerRead",157,9,158,66,9,66,4202,4203,16
"R/MethodSangerRead.R","SangerRead",159,13,159,36,13,36,159,159,16
"R/MethodSangerRead.R","SangerRead",160,13,160,45,13,45,4205,4205,16
"R/MethodSangerRead.R","SangerRead",161,13,161,55,13,55,4206,4206,16
"R/MethodSangerRead.R","SangerRead",163,13,163,67,13,67,4208,4208,16
"R/MethodSangerRead.R","SangerRead",164,13,164,45,13,45,4209,4209,16
"R/MethodSangerRead.R","SangerRead",165,13,169,63,13,63,4210,4214,16
"R/MethodSangerRead.R","SangerRead",170,13,170,64,13,64,4215,4215,16
"R/MethodSangerRead.R","SangerRead",171,13,171,64,13,64,4216,4216,16
"R/MethodSangerRead.R","SangerRead",172,13,172,58,13,58,4217,4217,16
"R/MethodSangerRead.R","SangerRead",173,13,173,62,13,62,4218,4218,16
"R/MethodSangerRead.R","SangerRead",175,13,179,51,13,51,4220,4224,16
"R/MethodSangerRead.R","SangerRead",180,13,180,68,13,68,4225,4225,16
"R/MethodSangerRead.R","SangerRead",181,13,181,68,13,68,4226,4226,16
"R/MethodSangerRead.R","SangerRead",182,13,182,68,13,68,4227,4227,16
"R/MethodSangerRead.R","SangerRead",183,13,183,75,13,75,4228,4228,16
"R/MethodSangerRead.R","SangerRead",184,13,184,26,13,26,4229,4229,16
"R/MethodSangerRead.R","SangerRead",186,13,187,47,13,47,4231,4232,0
"R/MethodSangerRead.R","SangerRead",188,16,188,44,16,44,188,188,0
"R/MethodSangerRead.R","SangerRead",189,9,189,78,9,78,4234,4234,0
"R/MethodSangerRead.R","SangerRead",214,9,214,26,9,26,214,214,13
"R/MethodSangerRead.R","SangerRead",215,9,215,30,9,30,4260,4260,3
"R/MethodSangerRead.R","SangerRead",217,9,217,30,9,30,217,217,13
"R/MethodSangerRead.R","SangerRead",218,9,218,65,9,65,4263,4263,0
"R/MethodSangerRead.R","SangerRead",220,5,220,41,5,41,4265,4265,13
"R/MethodSangerRead.R","SangerRead",221,5,221,43,5,43,4266,4266,13
"R/MethodSangerRead.R","SangerRead",222,5,222,77,5,77,4267,4267,13
"R/MethodSangerRead.R","SangerRead",223,5,224,56,5,56,4268,4269,13
"R/MethodSangerRead.R","SangerRead",225,5,225,54,5,54,4270,4270,13
"R/MethodSangerRead.R","SangerRead",229,8,229,35,8,35,229,229,13
"R/MethodSangerRead.R","SangerRead",230,9,230,63,9,63,4275,4275,11
"R/MethodSangerRead.R","SangerRead",231,9,231,65,9,65,4276,4276,11
"R/MethodSangerRead.R","SangerRead",232,9,233,75,9,75,4277,4278,11
"R/MethodSangerRead.R","SangerRead",234,16,234,44,16,44,234,234,2
"R/MethodSangerRead.R","SangerRead",235,9,235,38,9,38,4280,4280,2
"R/MethodSangerRead.R","SangerRead",243,5,243,42,5,42,4288,4288,13
"R/MethodSangerRead.R","SangerRead",244,5,244,55,5,55,4289,4289,13
"R/MethodSangerRead.R","SangerRead",245,5,248,58,5,58,4290,4293,13
"R/MethodSangerRead.R","SangerRead",249,5,249,55,5,55,4294,4294,13
"R/MethodSangerRead.R","SangerRead",250,5,250,26,5,26,4295,4295,13
"R/MethodSangerRead.R","SangerRead",286,19,286,36,19,36,286,286,1
"R/MethodSangerRead.R","SangerRead",287,19,287,40,19,40,4332,4332,0
"R/MethodSangerRead.R","SangerRead",289,19,289,40,19,40,289,289,1
"R/MethodSangerRead.R","SangerRead",290,19,290,75,19,75,4335,4335,0
"R/MethodSangerRead.R","SangerRead",292,15,292,51,15,51,4337,4337,1
"R/MethodSangerRead.R","SangerRead",293,15,293,53,15,53,4338,4338,1
"R/MethodSangerRead.R","SangerRead",294,19,294,46,19,46,294,294,1
"R/MethodSangerRead.R","SangerRead",295,19,295,79,19,79,4340,4340,1
"R/MethodSangerRead.R","SangerRead",296,26,296,54,26,54,296,296,0
"R/MethodSangerRead.R","SangerRead",297,19,297,78,19,78,4342,4342,0
"R/MethodSangerRead.R","SangerRead",298,19,298,60,19,60,4343,4343,0
"R/MethodSangerRead.R","SangerRead",300,15,300,59,15,59,4345,4345,1
"R/MethodSangerRead.R","SangerRead",304,19,304,42,19,42,304,304,1
"R/MethodSangerRead.R","SangerRead",305,19,305,77,19,77,4350,4350,1
"R/MethodSangerRead.R","SangerRead",307,15,307,64,15,64,4352,4352,1
"R/MethodSangerRead.R","SangerRead",308,19,308,46,19,46,308,308,1
"R/MethodSangerRead.R","SangerRead",309,19,309,85,19,85,4354,4354,1
"R/MethodSangerRead.R","SangerRead",310,19,310,84,19,84,4355,4355,1
"R/MethodSangerRead.R","SangerRead",311,26,311,54,26,54,311,311,0
"R/MethodSangerRead.R","SangerRead",312,19,312,87,19,87,4357,4357,0
"R/MethodSangerRead.R","SangerRead",313,19,313,86,19,86,4358,4358,0
"R/MethodSangerRead.R","SangerRead",315,15,321,59,15,59,4360,4366,1
"R/MethodSangerRead.R","SangerRead",322,15,322,32,15,32,4367,4367,1
"R/MethodSangerRead.R","SangerRead",349,5,349,56,5,56,4394,4394,27
"R/MethodSangerRead.R","SangerRead",350,5,350,37,5,37,4395,4395,27
"R/MethodSangerRead.R","SangerRead",351,5,351,37,5,37,4396,4396,27
"R/MethodSangerRead.R","SangerRead",352,5,352,42,5,42,4397,4397,27
"R/MethodSangerRead.R","SangerRead",353,5,353,53,5,53,4398,4398,27
"R/MethodSangerRead.R","SangerRead",354,9,354,24,9,24,354,354,27
"R/MethodSangerRead.R","SangerRead",355,9,355,64,9,64,4400,4400,9
"R/MethodSangerRead.R","SangerRead",356,9,356,64,9,64,4401,4401,9
"R/MethodSangerRead.R","SangerRead",357,9,357,64,9,64,4402,4402,9
"R/MethodSangerRead.R","SangerRead",359,9,359,36,9,36,359,359,27
"R/MethodSangerRead.R","SangerRead",360,9,360,61,9,61,4405,4405,27
"R/MethodSangerRead.R","SangerRead",361,9,361,65,9,65,4406,4406,27
"R/MethodSangerRead.R","SangerRead",362,9,362,73,9,73,4407,4407,27
"R/MethodSangerRead.R","SangerRead",363,9,363,71,9,71,4408,4408,27
"R/MethodSangerRead.R","SangerRead",364,9,364,57,9,57,4409,4409,27
"R/MethodSangerRead.R","SangerRead",365,9,365,65,9,65,4410,4410,27
"R/MethodSangerRead.R","SangerRead",366,9,366,71,9,71,4411,4411,27
"R/MethodSangerRead.R","SangerRead",367,9,367,79,9,79,4412,4412,27
"R/MethodSangerRead.R","SangerRead",368,9,368,53,9,53,4413,4413,27
"R/MethodSangerRead.R","SangerRead",369,9,369,57,9,57,4414,4414,27
"R/MethodSangerRead.R","SangerRead",371,9,371,71,9,71,4416,4416,27
"R/MethodSangerRead.R","SangerRead",373,9,373,63,9,63,4418,4418,27
"R/MethodSangerRead.R","SangerRead",374,9,374,65,9,65,4419,4419,27
"R/MethodSangerRead.R","SangerRead",375,9,375,77,9,77,4420,4420,27
"R/MethodSangerRead.R","SangerRead",376,9,376,80,9,80,4421,4421,27
"R/MethodSangerRead.R","SangerRead",377,9,379,54,9,54,4422,4424,27
"R/MethodSangerRead.R","SangerRead",381,13,381,34,13,34,381,381,27
"R/MethodSangerRead.R","SangerRead",382,13,397,13,13,13,4427,4442,27
"R/MethodSangerRead.R","SangerRead",398,20,398,41,20,41,398,398,0
"R/MethodSangerRead.R","SangerRead",399,13,415,13,13,13,4444,4460,0
"R/MethodSangerRead.R","SangerRead",417,16,417,44,16,44,417,417,0
"R/MethodSangerRead.R","SangerRead",418,9,418,45,9,45,4463,4463,0
"R/MethodSangerRead.R","SangerRead",419,9,419,46,9,46,4464,4464,0
"R/MethodSangerRead.R","SangerRead",420,9,420,53,9,53,4465,4465,0
"R/MethodSangerRead.R","SangerRead",421,9,428,9,9,9,4466,4473,0
"R/MethodSangerRead.R","SangerRead",430,9,431,47,9,47,430,431,27
"R/MethodSangerRead.R","SangerRead",432,9,434,54,9,54,4477,4479,0
"R/MethodShared.R","launchApp",27,8,27,19,8,19,27,27,2
"R/MethodShared.R","launchApp",28,13,28,41,13,41,28,28,1
"R/MethodShared.R","launchApp",29,13,29,67,13,67,4511,4511,0
"R/MethodShared.R","launchApp",30,13,30,81,13,81,4512,4512,0
"R/MethodShared.R","launchApp",31,13,31,28,13,28,4513,4513,0
"R/MethodShared.R","launchApp",32,20,32,45,20,45,32,32,1
"R/MethodShared.R","launchApp",33,13,33,64,13,64,4515,4515,0
"R/MethodShared.R","launchApp",34,13,34,81,13,81,4516,4516,0
"R/MethodShared.R","launchApp",35,13,35,28,13,28,4517,4517,0
"R/MethodShared.R","launchApp",37,13,38,47,13,47,4519,4520,1
"R/MethodShared.R","launchApp",41,9,41,50,9,50,4523,4523,1
"R/MethodShared.R","writeFasta",70,8,70,19,8,19,70,70,31
"R/MethodShared.R","writeFasta",71,13,71,41,13,41,71,71,30
"R/MethodShared.R","writeFasta",72,13,72,67,13,67,4554,4554,10
"R/MethodShared.R","writeFasta",73,13,76,47,13,47,4555,4558,10
"R/MethodShared.R","writeFasta",77,20,77,45,20,45,77,77,20
"R/MethodShared.R","writeFasta",78,13,78,64,13,64,4560,4560,10
"R/MethodShared.R","writeFasta",79,13,82,47,13,47,4561,4564,10
"R/MethodShared.R","writeFasta",83,20,83,43,20,43,83,83,10
"R/MethodShared.R","writeFasta",84,13,84,62,13,62,4566,4566,10
"R/MethodShared.R","writeFasta",85,13,87,63,13,63,4567,4569,10
"R/MethodShared.R","writeFasta",89,13,90,45,13,45,4571,4572,0
"R/MethodShared.R","writeFasta",93,9,93,50,9,50,4575,4575,1
"R/MethodShared.R","generateReport",131,8,131,19,8,19,131,131,1
"R/MethodShared.R","generateReport",132,13,132,41,13,41,132,132,0
"R/MethodShared.R","generateReport",133,13,133,67,13,67,4615,4615,0
"R/MethodShared.R","generateReport",134,13,138,52,13,52,4616,4620,0
"R/MethodShared.R","generateReport",139,13,139,30,13,30,4621,4621,0
"R/MethodShared.R","generateReport",140,20,140,45,20,45,140,140,0
"R/MethodShared.R","generateReport",141,13,141,64,13,64,4623,4623,0
"R/MethodShared.R","generateReport",142,13,145,52,13,52,4624,4627,0
"R/MethodShared.R","generateReport",146,13,146,30,13,30,4628,4628,0
"R/MethodShared.R","generateReport",147,20,147,43,20,43,147,147,0
"R/MethodShared.R","generateReport",148,13,148,62,13,62,4630,4630,0
"R/MethodShared.R","generateReport",149,13,150,62,13,62,4631,4632,0
"R/MethodShared.R","generateReport",151,13,151,30,13,30,4633,4633,0
"R/MethodShared.R","generateReport",153,13,154,45,13,45,4635,4636,0
"R/MethodShared.R","generateReport",157,9,157,50,9,50,4639,4639,1
"R/MethodsQualityReport.R","preQualityBasePlot",2,5,2,44,5,44,4644,4644,20
"R/MethodsQualityReport.R","preQualityBasePlot",3,5,3,46,5,46,4645,4645,20
"R/MethodsQualityReport.R","preQualityBasePlot",4,5,4,50,5,50,4646,4646,20
"R/MethodsQualityReport.R","preQualityBasePlot",5,5,5,40,5,40,4647,4647,20
"R/MethodsQualityReport.R","preQualityBasePlot",6,5,7,50,5,50,4648,4649,20
"R/MethodsQualityReport.R","preQualityBasePlot",8,5,8,50,5,50,4650,4650,20
"R/MethodsQualityReport.R","preQualityBasePlot",9,5,11,5,5,5,4651,4653,20
"R/MethodsQualityReport.R","preQualityBasePlot",12,5,14,5,5,5,4654,4656,20
"R/MethodsQualityReport.R","preQualityBasePlot",15,5,16,57,5,57,4657,4658,20
"R/MethodsQualityReport.R","preQualityBasePlot",17,5,17,13,5,13,4659,4659,20
"R/MethodsQualityReport.R","QualityReport",38,5,38,42,5,42,4680,4680,10
"R/MethodsQualityReport.R","QualityReport",39,5,39,12,5,12,4681,4681,10
"R/MethodsQualityReport.R","QualityReport",75,15,75,56,15,56,4717,4717,97
"R/MethodsQualityReport.R","QualityReport",76,15,80,64,15,64,4718,4722,97
"R/MethodsQualityReport.R","QualityReport",81,18,81,41,18,41,81,81,97
"R/MethodsQualityReport.R","QualityReport",82,19,82,63,19,63,4724,4724,97
"R/MethodsQualityReport.R","QualityReport",83,19,83,65,19,65,4725,4725,97
"R/MethodsQualityReport.R","QualityReport",84,23,84,44,23,44,84,84,97
"R/MethodsQualityReport.R","QualityReport",85,23,88,71,23,71,4727,4730,58
"R/MethodsQualityReport.R","QualityReport",89,30,89,51,30,51,89,89,39
"R/MethodsQualityReport.R","QualityReport",90,23,93,74,23,74,4732,4735,39
"R/MethodsQualityReport.R","QualityReport",98,19,98,57,19,57,4740,4740,97
"R/MethodsQualityReport.R","QualityReport",99,19,99,61,19,61,4741,4741,97
"R/MethodsQualityReport.R","QualityReport",100,19,100,69,19,69,4742,4742,97
"R/MethodsQualityReport.R","QualityReport",101,19,101,67,19,67,4743,4743,97
"R/MethodsQualityReport.R","QualityReport",103,19,104,51,19,51,4745,4746,97
"R/MethodsQualityReport.R","QualityReport",105,19,106,58,19,58,4747,4748,97
"R/MethodsQualityReport.R","QualityReport",107,19,108,57,19,57,4749,4750,97
"R/MethodsQualityReport.R","QualityReport",109,19,110,54,19,54,4751,4752,97
"R/MethodsQualityReport.R","QualityReport",111,19,112,55,19,55,4753,4754,97
"R/MethodsQualityReport.R","QualityReport",113,19,114,55,19,55,4755,4756,97
"R/MethodsQualityReport.R","QualityReport",115,19,116,62,19,62,4757,4758,97
"R/MethodsQualityReport.R","QualityReport",117,19,118,61,19,61,4759,4760,97
"R/MethodsQualityReport.R","QualityReport",119,19,120,53,19,53,4761,4762,97
"R/MethodsQualityReport.R","QualityReport",121,19,121,32,19,32,4763,4763,97
"R/MethodsQualityReport.R","QualityReport",123,19,123,30,19,30,4765,4765,0
"R/sangeranalyseR_show_method.R","SangerRead",3,9,3,43,9,43,3,3,4
"R/sangeranalyseR_show_method.R","SangerRead",4,13,4,40,13,40,4,4,3
"R/sangeranalyseR_show_method.R","SangerRead",5,13,5,57,13,57,11999,11999,2
"R/sangeranalyseR_show_method.R","SangerRead",6,13,6,61,13,61,12000,12000,2
"R/sangeranalyseR_show_method.R","SangerRead",7,13,7,67,13,67,12001,12001,2
"R/sangeranalyseR_show_method.R","SangerRead",8,13,8,69,13,69,12002,12002,2
"R/sangeranalyseR_show_method.R","SangerRead",9,13,9,81,13,81,12003,12003,2
"R/sangeranalyseR_show_method.R","SangerRead",10,13,10,84,13,84,12004,12004,2
"R/sangeranalyseR_show_method.R","SangerRead",11,17,11,59,17,59,11,11,2
"R/sangeranalyseR_show_method.R","SangerRead",12,17,20,17,17,17,12006,12014,2
"R/sangeranalyseR_show_method.R","SangerRead",21,24,21,66,24,66,21,21,0
"R/sangeranalyseR_show_method.R","SangerRead",22,17,31,17,17,17,12016,12025,0
"R/sangeranalyseR_show_method.R","SangerRead",33,20,33,48,20,48,33,33,1
"R/sangeranalyseR_show_method.R","SangerRead",34,13,40,13,13,13,12028,12034,1
"R/sangeranalyseR_show_method.R","SangerRead",42,9,43,45,9,45,12036,12037,3
"R/sangeranalyseR_show_method.R","SangerRead",45,9,46,43,9,43,12039,12040,1
"R/sangeranalyseR_show_method.R","SangerContig",52,9,52,43,9,43,52,52,1
"R/sangeranalyseR_show_method.R","SangerContig",53,9,53,52,9,52,12047,12047,1
"R/sangeranalyseR_show_method.R","SangerContig",54,9,54,52,9,52,12048,12048,1
"R/sangeranalyseR_show_method.R","SangerContig",55,13,55,40,13,40,55,55,1
"R/sangeranalyseR_show_method.R","SangerContig",56,17,56,47,17,47,56,56,1
"R/sangeranalyseR_show_method.R","SangerContig",57,17,73,17,17,17,12051,12067,1
"R/sangeranalyseR_show_method.R","SangerContig",74,24,74,52,24,52,74,74,0
"R/sangeranalyseR_show_method.R","SangerContig",75,17,90,17,17,17,12069,12084,0
"R/sangeranalyseR_show_method.R","SangerContig",92,20,92,48,20,48,92,92,0
"R/sangeranalyseR_show_method.R","SangerContig",93,17,93,47,17,47,93,93,0
"R/sangeranalyseR_show_method.R","SangerContig",94,17,110,17,17,17,12088,12104,0
"R/sangeranalyseR_show_method.R","SangerContig",111,24,111,52,24,52,111,111,0
"R/sangeranalyseR_show_method.R","SangerContig",112,17,127,17,17,17,12106,12121,0
"R/sangeranalyseR_show_method.R","SangerContig",130,9,131,45,9,45,12124,12125,1
"R/sangeranalyseR_show_method.R","SangerContig",133,9,134,43,9,43,12127,12128,0
"R/sangeranalyseR_show_method.R","SangerContig",136,9,136,56,9,56,136,136,1
"R/sangeranalyseR_show_method.R","SangerContig",137,9,137,81,9,81,12131,12131,0
"R/sangeranalyseR_show_method.R","SangerAlignment",142,9,142,43,9,43,142,142,1
"R/sangeranalyseR_show_method.R","SangerAlignment",143,13,143,40,13,40,143,143,1
"R/sangeranalyseR_show_method.R","SangerAlignment",144,17,144,47,17,47,144,144,1
"R/sangeranalyseR_show_method.R","SangerAlignment",145,17,152,17,17,17,12139,12146,1
"R/sangeranalyseR_show_method.R","SangerAlignment",153,24,153,52,24,52,153,153,0
"R/sangeranalyseR_show_method.R","SangerAlignment",154,17,160,17,17,17,12148,12154,0
"R/sangeranalyseR_show_method.R","SangerAlignment",162,20,162,48,20,48,162,162,0
"R/sangeranalyseR_show_method.R","SangerAlignment",163,17,163,47,17,47,163,163,0
"R/sangeranalyseR_show_method.R","SangerAlignment",164,17,171,17,17,17,12158,12165,0
"R/sangeranalyseR_show_method.R","SangerAlignment",172,24,172,52,24,52,172,172,0
"R/sangeranalyseR_show_method.R","SangerAlignment",173,17,179,17,17,17,12167,12173,0
"R/sangeranalyseR_show_method.R","SangerAlignment",182,9,183,45,9,45,12176,12177,1
"R/sangeranalyseR_show_method.R","SangerAlignment",185,9,186,43,9,43,12179,12180,0
"R/sangeranalyseR_show_method.R","SangerAlignment",188,9,188,56,9,56,188,188,1
"R/sangeranalyseR_show_method.R","SangerAlignment",189,9,189,81,9,81,12183,12183,0
"R/ShinySangerAlignmentServer.R","SangerAlignmentServer",8,5,8,49,5,49,4788,4788,0
"R/ShinySangerAlignmentServer.R","SangerAlignmentServer",10,5,10,22,5,22,4790,4790,0
"R/ShinySangerAlignmentServer.R","SangerAlignmentServer",14,5,14,56,5,56,4794,4794,0
"R/ShinySangerAlignmentServer.R","SangerAlignmentServer",15,5,15,54,5,54,4795,4795,0
"R/ShinySangerAlignmentServer.R","SangerAlignmentServer",16,5,16,38,5,38,4796,4796,0
"R/ShinySangerAlignmentServer.R","SangerAlignmentServer",17,5,17,43,5,43,4797,4797,0
"R/ShinySangerAlignmentServer.R","SangerAlignmentServer",18,5,18,60,5,60,4798,4798,0
"R/ShinySangerAlignmentServer.R","SangerAlignmentServer",19,5,52,6,5,6,4799,4832,0
"R/ShinySangerAlignmentServer.R","SangerAlignmentServer",24,9,24,38,9,38,4804,4804,0
"R/ShinySangerAlignmentServer.R","SangerAlignmentServer",26,9,27,59,9,59,4806,4807,0
"R/ShinySangerAlignmentServer.R","SangerAlignmentServer",28,9,29,59,9,59,4808,4809,0
"R/ShinySangerAlignmentServer.R","SangerAlignmentServer",30,9,30,53,9,53,4810,4810,0
"R/ShinySangerAlignmentServer.R","SangerAlignmentServer",31,9,31,54,9,54,4811,4811,0
"R/ShinySangerAlignmentServer.R","SangerAlignmentServer",33,9,35,71,9,71,4813,4815,0
"R/ShinySangerAlignmentServer.R","SangerAlignmentServer",36,9,38,72,9,72,4816,4818,0
"R/ShinySangerAlignmentServer.R","SangerAlignmentServer",39,9,39,70,9,70,4819,4819,0
"R/ShinySangerAlignmentServer.R","SangerAlignmentServer",41,9,42,74,9,74,4821,4822,0
"R/ShinySangerAlignmentServer.R","SangerAlignmentServer",43,9,44,75,9,75,4823,4824,0
"R/ShinySangerAlignmentServer.R","SangerAlignmentServer",45,9,45,58,9,58,4825,4825,0
"R/ShinySangerAlignmentServer.R","SangerAlignmentServer",46,9,51,51,9,51,4826,4831,0
"R/ShinySangerAlignmentServer.R","SangerAlignmentServer",57,5,61,54,5,54,4837,4841,0
"R/ShinySangerAlignmentServer.R","SangerAlignmentServer",65,5,75,35,5,35,4845,4855,0
"R/ShinySangerAlignmentServer.R","SangerAlignmentServer",79,5,83,56,5,56,4859,4863,0
"R/ShinySangerAlignmentServer.R","SangerAlignmentServer",84,5,92,60,5,60,4864,4872,0
"R/ShinySangerAlignmentServer.R","SangerAlignmentServer",93,5,95,60,5,60,4873,4875,0
"R/ShinySangerAlignmentServer.R","SangerAlignmentServer",96,5,99,65,5,65,4876,4879,0
"R/ShinySangerAlignmentServer.R","SangerAlignmentServer",104,5,1072,6,5,6,4884,5852,0
"R/ShinySangerAlignmentServer.R","SangerAlignmentServer",105,9,105,58,9,58,4885,4885,0
"R/ShinySangerAlignmentServer.R","SangerAlignmentServer",106,13,110,36,13,36,106,110,0
"R/ShinySangerAlignmentServer.R","SangerAlignmentServer",111,13,111,34,13,34,4891,4891,0
"R/ShinySangerAlignmentServer.R","SangerAlignmentServer",112,13,112,75,13,75,4892,4892,0
"R/ShinySangerAlignmentServer.R","SangerAlignmentServer",113,13,113,39,13,39,4893,4893,0
"R/ShinySangerAlignmentServer.R","SangerAlignmentServer",114,13,114,51,13,51,4894,4894,0
"R/ShinySangerAlignmentServer.R","SangerAlignmentServer",115,13,115,60,13,60,4895,4895,0
"R/ShinySangerAlignmentServer.R","SangerAlignmentServer",116,13,116,58,13,58,4896,4896,0
"R/ShinySangerAlignmentServer.R","SangerAlignmentServer",117,13,123,32,13,32,4897,4903,0
"R/ShinySangerAlignmentServer.R","SangerAlignmentServer",124,13,124,70,13,70,4904,4904,0
"R/ShinySangerAlignmentServer.R","SangerAlignmentServer",125,13,125,64,13,64,4905,4905,0
"R/ShinySangerAlignmentServer.R","SangerAlignmentServer",126,13,126,64,13,64,4906,4906,0
"R/ShinySangerAlignmentServer.R","SangerAlignmentServer",127,13,127,91,13,91,4907,4907,0
"R/ShinySangerAlignmentServer.R","SangerAlignmentServer",128,13,128,105,13,105,4908,4908,0
"R/ShinySangerAlignmentServer.R","SangerAlignmentServer",129,13,129,81,13,81,4909,4909,0
"R/ShinySangerAlignmentServer.R","SangerAlignmentServer",130,13,130,60,13,60,4910,4910,0
"R/ShinySangerAlignmentServer.R","SangerAlignmentServer",131,13,131,50,13,50,4911,4911,0
"R/ShinySangerAlignmentServer.R","SangerAlignmentServer",132,13,132,38,13,38,4912,4912,0
"R/ShinySangerAlignmentServer.R","SangerAlignmentServer",133,13,267,13,13,13,4913,5047,0
"R/ShinySangerAlignmentServer.R","SangerAlignmentServer",268,20,272,46,20,46,268,272,0
"R/ShinySangerAlignmentServer.R","SangerAlignmentServer",273,13,273,52,13,52,5053,5053,0
"R/ShinySangerAlignmentServer.R","SangerAlignmentServer",274,13,274,66,13,66,5054,5054,0
"R/ShinySangerAlignmentServer.R","SangerAlignmentServer",275,13,275,39,13,39,5055,5055,0
"R/ShinySangerAlignmentServer.R","SangerAlignmentServer",276,13,276,49,13,49,5056,5056,0
"R/ShinySangerAlignmentServer.R","SangerAlignmentServer",277,13,277,66,13,66,5057,5057,0
"R/ShinySangerAlignmentServer.R","SangerAlignmentServer",278,13,278,35,13,35,5058,5058,0
"R/ShinySangerAlignmentServer.R","SangerAlignmentServer",279,13,279,59,13,59,5059,5059,0
"R/ShinySangerAlignmentServer.R","SangerAlignmentServer",280,13,290,75,13,75,5060,5070,0
"R/ShinySangerAlignmentServer.R","SangerAlignmentServer",291,13,291,93,13,93,5071,5071,0
"R/ShinySangerAlignmentServer.R","SangerAlignmentServer",292,13,292,88,13,88,5072,5072,0
"R/ShinySangerAlignmentServer.R","SangerAlignmentServer",293,13,293,81,13,81,5073,5073,0
"R/ShinySangerAlignmentServer.R","SangerAlignmentServer",294,13,294,86,13,86,5074,5074,0
"R/ShinySangerAlignmentServer.R","SangerAlignmentServer",295,13,295,82,13,82,5075,5075,0
"R/ShinySangerAlignmentServer.R","SangerAlignmentServer",296,13,296,82,13,82,5076,5076,0
"R/ShinySangerAlignmentServer.R","SangerAlignmentServer",297,13,297,87,13,87,5077,5077,0
"R/ShinySangerAlignmentServer.R","SangerAlignmentServer",298,13,298,87,13,87,5078,5078,0
"R/ShinySangerAlignmentServer.R","SangerAlignmentServer",299,13,299,96,13,96,5079,5079,0
"R/ShinySangerAlignmentServer.R","SangerAlignmentServer",300,13,300,94,13,94,5080,5080,0
"R/ShinySangerAlignmentServer.R","SangerAlignmentServer",301,13,301,102,13,102,5081,5081,0
"R/ShinySangerAlignmentServer.R","SangerAlignmentServer",302,13,302,108,13,108,5082,5082,0
"R/ShinySangerAlignmentServer.R","SangerAlignmentServer",303,13,303,103,13,103,5083,5083,0
"R/ShinySangerAlignmentServer.R","SangerAlignmentServer",304,13,304,96,13,96,5084,5084,0
"R/ShinySangerAlignmentServer.R","SangerAlignmentServer",305,13,305,92,13,92,5085,5085,0
"R/ShinySangerAlignmentServer.R","SangerAlignmentServer",306,13,306,100,13,100,5086,5086,0
"R/ShinySangerAlignmentServer.R","SangerAlignmentServer",307,13,307,106,13,106,5087,5087,0
"R/ShinySangerAlignmentServer.R","SangerAlignmentServer",308,13,308,60,13,60,5088,5088,0
"R/ShinySangerAlignmentServer.R","SangerAlignmentServer",309,13,309,48,13,48,5089,5089,0
"R/ShinySangerAlignmentServer.R","SangerAlignmentServer",310,13,310,38,13,38,5090,5090,0
"R/ShinySangerAlignmentServer.R","SangerAlignmentServer",311,13,586,13,13,13,5091,5366,0
"R/ShinySangerAlignmentServer.R","SangerAlignmentServer",588,20,594,46,20,46,588,594,0
"R/ShinySangerAlignmentServer.R","SangerAlignmentServer",595,13,595,52,13,52,5375,5375,0
"R/ShinySangerAlignmentServer.R","SangerAlignmentServer",596,13,596,50,13,50,5376,5376,0
"R/ShinySangerAlignmentServer.R","SangerAlignmentServer",597,13,597,47,13,47,5377,5377,0
"R/ShinySangerAlignmentServer.R","SangerAlignmentServer",598,17,598,43,17,43,598,598,0
"R/ShinySangerAlignmentServer.R","SangerAlignmentServer",599,17,602,77,17,77,5379,5382,0
"R/ShinySangerAlignmentServer.R","SangerAlignmentServer",603,17,606,79,17,79,5383,5386,0
"R/ShinySangerAlignmentServer.R","SangerAlignmentServer",607,17,610,67,17,67,5387,5390,0
"R/ShinySangerAlignmentServer.R","SangerAlignmentServer",611,17,614,67,17,67,5391,5394,0
"R/ShinySangerAlignmentServer.R","SangerAlignmentServer",615,17,618,67,17,67,5395,5398,0
"R/ShinySangerAlignmentServer.R","SangerAlignmentServer",619,17,623,36,17,36,5399,5403,0
"R/ShinySangerAlignmentServer.R","SangerAlignmentServer",624,17,628,40,17,40,5404,5408,0
"R/ShinySangerAlignmentServer.R","SangerAlignmentServer",629,17,633,39,17,39,5409,5413,0
"R/ShinySangerAlignmentServer.R","SangerAlignmentServer",635,17,638,75,17,75,5415,5418,0
"R/ShinySangerAlignmentServer.R","SangerAlignmentServer",639,17,643,39,17,39,5419,5423,0
"R/ShinySangerAlignmentServer.R","SangerAlignmentServer",644,17,647,81,17,81,5424,5427,0
"R/ShinySangerAlignmentServer.R","SangerAlignmentServer",648,17,651,78,17,78,5428,5431,0
"R/ShinySangerAlignmentServer.R","SangerAlignmentServer",652,17,655,79,17,79,5432,5435,0
"R/ShinySangerAlignmentServer.R","SangerAlignmentServer",656,17,659,79,17,79,5436,5439,0
"R/ShinySangerAlignmentServer.R","SangerAlignmentServer",660,17,664,43,17,43,5440,5444,0
"R/ShinySangerAlignmentServer.R","SangerAlignmentServer",665,17,669,42,17,42,5445,5449,0
"R/ShinySangerAlignmentServer.R","SangerAlignmentServer",670,17,674,54,17,54,5450,5454,0
"R/ShinySangerAlignmentServer.R","SangerAlignmentServer",676,17,679,33,17,33,5456,5459,0
"R/ShinySangerAlignmentServer.R","SangerAlignmentServer",680,17,683,32,17,32,5460,5463,0
"R/ShinySangerAlignmentServer.R","SangerAlignmentServer",684,17,687,37,17,37,5464,5467,0
"R/ShinySangerAlignmentServer.R","SangerAlignmentServer",688,17,691,31,17,31,5468,5471,0
"R/ShinySangerAlignmentServer.R","SangerAlignmentServer",693,17,696,75,17,75,5473,5476,0
"R/ShinySangerAlignmentServer.R","SangerAlignmentServer",697,17,700,61,17,61,5477,5480,0
"R/ShinySangerAlignmentServer.R","SangerAlignmentServer",701,24,701,50,24,50,701,701,0
"R/ShinySangerAlignmentServer.R","SangerAlignmentServer",702,17,705,77,17,77,5482,5485,0
"R/ShinySangerAlignmentServer.R","SangerAlignmentServer",706,17,709,79,17,79,5486,5489,0
"R/ShinySangerAlignmentServer.R","SangerAlignmentServer",710,17,713,67,17,67,5490,5493,0
"R/ShinySangerAlignmentServer.R","SangerAlignmentServer",714,17,717,67,17,67,5494,5497,0
"R/ShinySangerAlignmentServer.R","SangerAlignmentServer",718,17,721,67,17,67,5498,5501,0
"R/ShinySangerAlignmentServer.R","SangerAlignmentServer",723,17,727,36,17,36,5503,5507,0
"R/ShinySangerAlignmentServer.R","SangerAlignmentServer",728,17,732,40,17,40,5508,5512,0
"R/ShinySangerAlignmentServer.R","SangerAlignmentServer",733,17,737,39,17,39,5513,5517,0
"R/ShinySangerAlignmentServer.R","SangerAlignmentServer",739,17,742,75,17,75,5519,5522,0
"R/ShinySangerAlignmentServer.R","SangerAlignmentServer",743,17,747,39,17,39,5523,5527,0
"R/ShinySangerAlignmentServer.R","SangerAlignmentServer",748,17,751,81,17,81,5528,5531,0
"R/ShinySangerAlignmentServer.R","SangerAlignmentServer",752,17,755,78,17,78,5532,5535,0
"R/ShinySangerAlignmentServer.R","SangerAlignmentServer",756,17,759,79,17,79,5536,5539,0
"R/ShinySangerAlignmentServer.R","SangerAlignmentServer",760,17,763,79,17,79,5540,5543,0
"R/ShinySangerAlignmentServer.R","SangerAlignmentServer",764,17,768,43,17,43,5544,5548,0
"R/ShinySangerAlignmentServer.R","SangerAlignmentServer",769,17,773,42,17,42,5549,5553,0
"R/ShinySangerAlignmentServer.R","SangerAlignmentServer",774,17,778,54,17,54,5554,5558,0
"R/ShinySangerAlignmentServer.R","SangerAlignmentServer",780,17,783,33,17,33,5560,5563,0
"R/ShinySangerAlignmentServer.R","SangerAlignmentServer",784,17,787,32,17,32,5564,5567,0
"R/ShinySangerAlignmentServer.R","SangerAlignmentServer",788,17,791,37,17,37,5568,5571,0
"R/ShinySangerAlignmentServer.R","SangerAlignmentServer",792,17,795,31,17,31,5572,5575,0
"R/ShinySangerAlignmentServer.R","SangerAlignmentServer",797,17,800,75,17,75,5577,5580,0
"R/ShinySangerAlignmentServer.R","SangerAlignmentServer",801,17,804,61,17,61,5581,5584,0
"R/ShinySangerAlignmentServer.R","SangerAlignmentServer",806,13,806,66,13,66,5586,5586,0
"R/ShinySangerAlignmentServer.R","SangerAlignmentServer",807,13,807,34,13,34,5587,5587,0
"R/ShinySangerAlignmentServer.R","SangerAlignmentServer",808,13,1070,13,13,13,5588,5850,0
"R/ShinySangerAlignmentServer.R","SangerAlignmentServer",1076,5,1106,6,5,6,5856,5886,0
"R/ShinySangerAlignmentServer.R","SangerAlignmentServer",1077,9,1077,58,9,58,5857,5857,0
"R/ShinySangerAlignmentServer.R","SangerAlignmentServer",1078,13,1082,36,13,36,1078,1082,0
"R/ShinySangerAlignmentServer.R","SangerAlignmentServer",1083,13,1083,73,13,73,5863,5863,0
"R/ShinySangerAlignmentServer.R","SangerAlignmentServer",1084,20,1088,46,20,46,1084,1088,0
"R/ShinySangerAlignmentServer.R","SangerAlignmentServer",1089,13,1089,52,13,52,5869,5869,0
"R/ShinySangerAlignmentServer.R","SangerAlignmentServer",1090,13,1090,90,13,90,5870,5870,0
"R/ShinySangerAlignmentServer.R","SangerAlignmentServer",1091,20,1097,46,20,46,1091,1097,0
"R/ShinySangerAlignmentServer.R","SangerAlignmentServer",1098,13,1098,52,13,52,5878,5878,0
"R/ShinySangerAlignmentServer.R","SangerAlignmentServer",1099,13,1099,50,13,50,5879,5879,0
"R/ShinySangerAlignmentServer.R","SangerAlignmentServer",1100,13,1100,47,13,47,5880,5880,0
"R/ShinySangerAlignmentServer.R","SangerAlignmentServer",1101,13,1104,54,13,54,5881,5884,0
"R/ShinySangerAlignmentServer.R","SangerAlignmentServer",1112,5,1112,70,5,70,5892,5892,0
"R/ShinySangerAlignmentServer.R","SangerAlignmentServer",1119,5,1123,6,5,6,5899,5903,0
"R/ShinySangerAlignmentServer.R","SangerAlignmentServer",1120,9,1120,59,9,59,5900,5900,0
"R/ShinySangerAlignmentServer.R","SangerAlignmentServer",1121,9,1121,28,9,28,5901,5901,0
"R/ShinySangerAlignmentServer.R","SangerAlignmentServer",1122,9,1122,17,9,17,5902,5902,0
"R/ShinySangerAlignmentServer.R","SangerAlignmentServer",1127,5,1165,6,5,6,5907,5945,0
"R/ShinySangerAlignmentServer.R","SangerAlignmentServer",1128,9,1128,35,9,35,5908,5908,0
"R/ShinySangerAlignmentServer.R","SangerAlignmentServer",1129,9,1129,34,9,34,5909,5909,0
"R/ShinySangerAlignmentServer.R","SangerAlignmentServer",1130,9,1130,58,9,58,5910,5910,0
"R/ShinySangerAlignmentServer.R","SangerAlignmentServer",1131,9,1132,55,9,55,5911,5912,0
"R/ShinySangerAlignmentServer.R","SangerAlignmentServer",1133,9,1156,44,9,44,5913,5936,0
"R/ShinySangerAlignmentServer.R","SangerAlignmentServer",1160,9,1160,50,9,50,5940,5940,0
"R/ShinySangerAlignmentServer.R","SangerAlignmentServer",1161,9,1161,60,9,60,5941,5941,0
"R/ShinySangerAlignmentServer.R","SangerAlignmentServer",1162,9,1162,75,9,75,5942,5942,0
"R/ShinySangerAlignmentServer.R","SangerAlignmentServer",1163,9,1163,33,9,33,5943,5943,0
"R/ShinySangerAlignmentServer.R","SangerAlignmentServer",1164,9,1164,34,9,34,5944,5944,0
"R/ShinySangerAlignmentServer.R","SangerAlignmentServer",1169,5,1192,6,5,6,5949,5972,0
"R/ShinySangerAlignmentServer.R","SangerAlignmentServer",1170,9,1170,35,9,35,5950,5950,0
"R/ShinySangerAlignmentServer.R","SangerAlignmentServer",1171,9,1171,47,9,47,5951,5951,0
"R/ShinySangerAlignmentServer.R","SangerAlignmentServer",1172,9,1172,56,9,56,5952,5952,0
"R/ShinySangerAlignmentServer.R","SangerAlignmentServer",1173,9,1173,54,9,54,5953,5953,0
"R/ShinySangerAlignmentServer.R","SangerAlignmentServer",1174,13,1174,69,13,69,1174,1174,0
"R/ShinySangerAlignmentServer.R","SangerAlignmentServer",1175,13,1181,39,13,39,5955,5961,0
"R/ShinySangerAlignmentServer.R","SangerAlignmentServer",1182,13,1182,70,13,70,5962,5962,0
"R/ShinySangerAlignmentServer.R","SangerAlignmentServer",1183,13,1183,64,13,64,5963,5963,0
"R/ShinySangerAlignmentServer.R","SangerAlignmentServer",1184,13,1184,64,13,64,5964,5964,0
"R/ShinySangerAlignmentServer.R","SangerAlignmentServer",1185,13,1185,91,13,91,5965,5965,0
"R/ShinySangerAlignmentServer.R","SangerAlignmentServer",1186,13,1186,105,13,105,5966,5966,0
"R/ShinySangerAlignmentServer.R","SangerAlignmentServer",1187,13,1187,81,13,81,5967,5967,0
"R/ShinySangerAlignmentServer.R","SangerAlignmentServer",1188,13,1188,60,13,60,5968,5968,0
"R/ShinySangerAlignmentServer.R","SangerAlignmentServer",1190,9,1190,46,9,46,5970,5970,0
"R/ShinySangerAlignmentServer.R","SangerAlignmentServer",1191,9,1191,34,9,34,5971,5971,0
"R/ShinySangerAlignmentServer.R","SangerAlignmentServer",1196,5,1235,6,5,6,5976,6015,0
"R/ShinySangerAlignmentServer.R","SangerAlignmentServer",1197,9,1197,35,9,35,5977,5977,0
"R/ShinySangerAlignmentServer.R","SangerAlignmentServer",1198,9,1198,45,9,45,5978,5978,0
"R/ShinySangerAlignmentServer.R","SangerAlignmentServer",1199,9,1199,62,9,62,5979,5979,0
"R/ShinySangerAlignmentServer.R","SangerAlignmentServer",1200,9,1200,55,9,55,5980,5980,0
"R/ShinySangerAlignmentServer.R","SangerAlignmentServer",1201,9,1201,58,9,58,5981,5981,0
"R/ShinySangerAlignmentServer.R","SangerAlignmentServer",1202,9,1202,48,9,48,5982,5982,0
"R/ShinySangerAlignmentServer.R","SangerAlignmentServer",1203,13,1203,31,13,31,1203,1203,0
"R/ShinySangerAlignmentServer.R","SangerAlignmentServer",1204,13,1214,75,13,75,5984,5994,0
"R/ShinySangerAlignmentServer.R","SangerAlignmentServer",1215,13,1215,93,13,93,5995,5995,0
"R/ShinySangerAlignmentServer.R","SangerAlignmentServer",1216,13,1216,88,13,88,5996,5996,0
"R/ShinySangerAlignmentServer.R","SangerAlignmentServer",1217,13,1217,81,13,81,5997,5997,0
"R/ShinySangerAlignmentServer.R","SangerAlignmentServer",1218,13,1218,86,13,86,5998,5998,0
"R/ShinySangerAlignmentServer.R","SangerAlignmentServer",1219,13,1219,82,13,82,5999,5999,0
"R/ShinySangerAlignmentServer.R","SangerAlignmentServer",1220,13,1220,82,13,82,6000,6000,0
"R/ShinySangerAlignmentServer.R","SangerAlignmentServer",1221,13,1221,87,13,87,6001,6001,0
"R/ShinySangerAlignmentServer.R","SangerAlignmentServer",1222,13,1222,87,13,87,6002,6002,0
"R/ShinySangerAlignmentServer.R","SangerAlignmentServer",1223,13,1223,94,13,94,6003,6003,0
"R/ShinySangerAlignmentServer.R","SangerAlignmentServer",1224,13,1224,102,13,102,6004,6004,0
"R/ShinySangerAlignmentServer.R","SangerAlignmentServer",1225,13,1225,108,13,108,6005,6005,0
"R/ShinySangerAlignmentServer.R","SangerAlignmentServer",1226,13,1226,103,13,103,6006,6006,0
"R/ShinySangerAlignmentServer.R","SangerAlignmentServer",1227,13,1227,96,13,96,6007,6007,0
"R/ShinySangerAlignmentServer.R","SangerAlignmentServer",1228,13,1228,92,13,92,6008,6008,0
"R/ShinySangerAlignmentServer.R","SangerAlignmentServer",1229,13,1229,100,13,100,6009,6009,0
"R/ShinySangerAlignmentServer.R","SangerAlignmentServer",1230,13,1230,106,13,106,6010,6010,0
"R/ShinySangerAlignmentServer.R","SangerAlignmentServer",1232,9,1232,56,9,56,6012,6012,0
"R/ShinySangerAlignmentServer.R","SangerAlignmentServer",1233,9,1233,44,9,44,6013,6013,0
"R/ShinySangerAlignmentServer.R","SangerAlignmentServer",1234,9,1234,34,9,34,6014,6014,0
"R/ShinySangerAlignmentServer.R","SangerAlignmentServer",1239,5,1481,6,5,6,6019,6261,0
"R/ShinySangerAlignmentServer.R","SangerAlignmentServer",1240,9,1240,58,9,58,6020,6020,0
"R/ShinySangerAlignmentServer.R","SangerAlignmentServer",1241,9,1241,48,9,48,6021,6021,0
"R/ShinySangerAlignmentServer.R","SangerAlignmentServer",1242,9,1242,46,9,46,6022,6022,0
"R/ShinySangerAlignmentServer.R","SangerAlignmentServer",1243,9,1243,43,9,43,6023,6023,0
"R/ShinySangerAlignmentServer.R","SangerAlignmentServer",1244,13,1245,29,13,29,1244,1245,0
"R/ShinySangerAlignmentServer.R","SangerAlignmentServer",1247,17,1247,43,17,43,1247,1247,0
"R/ShinySangerAlignmentServer.R","SangerAlignmentServer",1248,17,1248,96,17,96,6028,6028,0
"R/ShinySangerAlignmentServer.R","SangerAlignmentServer",1249,24,1249,50,24,50,1249,1249,0
"R/ShinySangerAlignmentServer.R","SangerAlignmentServer",1250,17,1250,96,17,96,6030,6030,0
"R/ShinySangerAlignmentServer.R","SangerAlignmentServer",1253,17,1253,85,17,85,1253,1253,0
"R/ShinySangerAlignmentServer.R","SangerAlignmentServer",1254,21,1256,63,21,63,1254,1256,0
"R/ShinySangerAlignmentServer.R","SangerAlignmentServer",1257,21,1257,75,21,75,6037,6037,0
"R/ShinySangerAlignmentServer.R","SangerAlignmentServer",1259,21,1259,55,21,55,6039,6039,0
"R/ShinySangerAlignmentServer.R","SangerAlignmentServer",1261,21,1261,47,21,47,1261,1261,0
"R/ShinySangerAlignmentServer.R","SangerAlignmentServer",1262,21,1270,66,21,66,6042,6050,0
"R/ShinySangerAlignmentServer.R","SangerAlignmentServer",1271,21,1273,82,21,82,6051,6053,0
"R/ShinySangerAlignmentServer.R","SangerAlignmentServer",1274,21,1276,83,21,83,6054,6056,0
"R/ShinySangerAlignmentServer.R","SangerAlignmentServer",1277,28,1277,54,28,54,1277,1277,0
"R/ShinySangerAlignmentServer.R","SangerAlignmentServer",1278,21,1286,66,21,66,6058,6066,0
"R/ShinySangerAlignmentServer.R","SangerAlignmentServer",1287,21,1289,82,21,82,6067,6069,0
"R/ShinySangerAlignmentServer.R","SangerAlignmentServer",1290,21,1292,83,21,83,6070,6072,0
"R/ShinySangerAlignmentServer.R","SangerAlignmentServer",1294,24,1294,92,24,92,1294,1294,0
"R/ShinySangerAlignmentServer.R","SangerAlignmentServer",1295,21,1298,67,21,67,1295,1298,0
"R/ShinySangerAlignmentServer.R","SangerAlignmentServer",1299,21,1299,83,21,83,6079,6079,0
"R/ShinySangerAlignmentServer.R","SangerAlignmentServer",1301,21,1301,55,21,55,6081,6081,0
"R/ShinySangerAlignmentServer.R","SangerAlignmentServer",1303,21,1306,66,21,66,1303,1306,0
"R/ShinySangerAlignmentServer.R","SangerAlignmentServer",1307,21,1307,81,21,81,6087,6087,0
"R/ShinySangerAlignmentServer.R","SangerAlignmentServer",1309,21,1309,54,21,54,6089,6089,0
"R/ShinySangerAlignmentServer.R","SangerAlignmentServer",1311,21,1311,47,21,47,1311,1311,0
"R/ShinySangerAlignmentServer.R","SangerAlignmentServer",1312,21,1319,25,21,25,6092,6099,0
"R/ShinySangerAlignmentServer.R","SangerAlignmentServer",1320,21,1322,86,21,86,6100,6102,0
"R/ShinySangerAlignmentServer.R","SangerAlignmentServer",1323,21,1326,44,21,44,6103,6106,0
"R/ShinySangerAlignmentServer.R","SangerAlignmentServer",1327,21,1329,84,21,84,6107,6109,0
"R/ShinySangerAlignmentServer.R","SangerAlignmentServer",1330,21,1333,43,21,43,6110,6113,0
"R/ShinySangerAlignmentServer.R","SangerAlignmentServer",1334,28,1334,36,28,36,1334,1334,0
"R/ShinySangerAlignmentServer.R","SangerAlignmentServer",1335,21,1342,25,21,25,6115,6122,0
"R/ShinySangerAlignmentServer.R","SangerAlignmentServer",1343,21,1345,86,21,86,6123,6125,0
"R/ShinySangerAlignmentServer.R","SangerAlignmentServer",1346,21,1349,44,21,44,6126,6129,0
"R/ShinySangerAlignmentServer.R","SangerAlignmentServer",1350,21,1352,84,21,84,6130,6132,0
"R/ShinySangerAlignmentServer.R","SangerAlignmentServer",1353,21,1356,43,21,43,6133,6136,0
"R/ShinySangerAlignmentServer.R","SangerAlignmentServer",1359,17,1359,43,17,43,1359,1359,0
"R/ShinySangerAlignmentServer.R","SangerAlignmentServer",1360,17,1362,66,17,66,6140,6142,0
"R/ShinySangerAlignmentServer.R","SangerAlignmentServer",1363,17,1365,80,17,80,6143,6145,0
"R/ShinySangerAlignmentServer.R","SangerAlignmentServer",1366,17,1368,78,17,78,6146,6148,0
"R/ShinySangerAlignmentServer.R","SangerAlignmentServer",1369,17,1371,72,17,72,6149,6151,0
"R/ShinySangerAlignmentServer.R","SangerAlignmentServer",1372,17,1374,74,17,74,6152,6154,0
"R/ShinySangerAlignmentServer.R","SangerAlignmentServer",1375,17,1377,74,17,74,6155,6157,0
"R/ShinySangerAlignmentServer.R","SangerAlignmentServer",1378,17,1380,88,17,88,6158,6160,0
"R/ShinySangerAlignmentServer.R","SangerAlignmentServer",1381,17,1383,86,17,86,6161,6163,0
"R/ShinySangerAlignmentServer.R","SangerAlignmentServer",1384,17,1386,70,17,70,6164,6166,0
"R/ShinySangerAlignmentServer.R","SangerAlignmentServer",1388,17,1390,75,17,75,6168,6170,0
"R/ShinySangerAlignmentServer.R","SangerAlignmentServer",1391,17,1394,39,17,39,6171,6174,0
"R/ShinySangerAlignmentServer.R","SangerAlignmentServer",1395,17,1397,81,17,81,6175,6177,0
"R/ShinySangerAlignmentServer.R","SangerAlignmentServer",1398,17,1400,78,17,78,6178,6180,0
"R/ShinySangerAlignmentServer.R","SangerAlignmentServer",1401,17,1403,79,17,79,6181,6183,0
"R/ShinySangerAlignmentServer.R","SangerAlignmentServer",1404,17,1406,79,17,79,6184,6186,0
"R/ShinySangerAlignmentServer.R","SangerAlignmentServer",1407,17,1410,43,17,43,6187,6190,0
"R/ShinySangerAlignmentServer.R","SangerAlignmentServer",1411,17,1414,42,17,42,6191,6194,0
"R/ShinySangerAlignmentServer.R","SangerAlignmentServer",1415,17,1418,54,17,54,6195,6198,0
"R/ShinySangerAlignmentServer.R","SangerAlignmentServer",1419,24,1419,50,24,50,1419,1419,0
"R/ShinySangerAlignmentServer.R","SangerAlignmentServer",1420,17,1422,66,17,66,6200,6202,0
"R/ShinySangerAlignmentServer.R","SangerAlignmentServer",1423,17,1425,80,17,80,6203,6205,0
"R/ShinySangerAlignmentServer.R","SangerAlignmentServer",1426,17,1428,78,17,78,6206,6208,0
"R/ShinySangerAlignmentServer.R","SangerAlignmentServer",1429,17,1431,72,17,72,6209,6211,0
"R/ShinySangerAlignmentServer.R","SangerAlignmentServer",1432,17,1434,74,17,74,6212,6214,0
"R/ShinySangerAlignmentServer.R","SangerAlignmentServer",1435,17,1437,74,17,74,6215,6217,0
"R/ShinySangerAlignmentServer.R","SangerAlignmentServer",1438,17,1440,88,17,88,6218,6220,0
"R/ShinySangerAlignmentServer.R","SangerAlignmentServer",1441,17,1443,86,17,86,6221,6223,0
"R/ShinySangerAlignmentServer.R","SangerAlignmentServer",1444,17,1446,70,17,70,6224,6226,0
"R/ShinySangerAlignmentServer.R","SangerAlignmentServer",1448,17,1450,75,17,75,6228,6230,0
"R/ShinySangerAlignmentServer.R","SangerAlignmentServer",1451,17,1454,39,17,39,6231,6234,0
"R/ShinySangerAlignmentServer.R","SangerAlignmentServer",1455,17,1457,81,17,81,6235,6237,0
"R/ShinySangerAlignmentServer.R","SangerAlignmentServer",1458,17,1460,78,17,78,6238,6240,0
"R/ShinySangerAlignmentServer.R","SangerAlignmentServer",1461,17,1463,79,17,79,6241,6243,0
"R/ShinySangerAlignmentServer.R","SangerAlignmentServer",1464,17,1466,79,17,79,6244,6246,0
"R/ShinySangerAlignmentServer.R","SangerAlignmentServer",1467,17,1470,43,17,43,6247,6250,0
"R/ShinySangerAlignmentServer.R","SangerAlignmentServer",1471,17,1474,42,17,42,6251,6254,0
"R/ShinySangerAlignmentServer.R","SangerAlignmentServer",1475,17,1478,54,17,54,6255,6258,0
"R/ShinySangerAlignmentServer.R","SangerAlignmentServer",1485,5,1534,6,5,6,6265,6314,0
"R/ShinySangerAlignmentServer.R","SangerAlignmentServer",1486,9,1486,58,9,58,6266,6266,0
"R/ShinySangerAlignmentServer.R","SangerAlignmentServer",1487,9,1487,48,9,48,6267,6267,0
"R/ShinySangerAlignmentServer.R","SangerAlignmentServer",1488,9,1488,46,9,46,6268,6268,0
"R/ShinySangerAlignmentServer.R","SangerAlignmentServer",1489,9,1489,43,9,43,6269,6269,0
"R/ShinySangerAlignmentServer.R","SangerAlignmentServer",1493,13,1494,29,13,29,1493,1494,0
"R/ShinySangerAlignmentServer.R","SangerAlignmentServer",1495,17,1495,43,17,43,1495,1495,0
"R/ShinySangerAlignmentServer.R","SangerAlignmentServer",1496,17,1498,66,17,66,6276,6278,0
"R/ShinySangerAlignmentServer.R","SangerAlignmentServer",1499,17,1501,67,17,67,6279,6281,0
"R/ShinySangerAlignmentServer.R","SangerAlignmentServer",1502,17,1504,77,17,77,6282,6284,0
"R/ShinySangerAlignmentServer.R","SangerAlignmentServer",1505,17,1507,70,17,70,6285,6287,0
"R/ShinySangerAlignmentServer.R","SangerAlignmentServer",1508,24,1508,50,24,50,1508,1508,0
"R/ShinySangerAlignmentServer.R","SangerAlignmentServer",1509,17,1511,66,17,66,6289,6291,0
"R/ShinySangerAlignmentServer.R","SangerAlignmentServer",1512,17,1514,67,17,67,6292,6294,0
"R/ShinySangerAlignmentServer.R","SangerAlignmentServer",1515,17,1517,77,17,77,6295,6297,0
"R/ShinySangerAlignmentServer.R","SangerAlignmentServer",1518,17,1520,70,17,70,6298,6300,0
"R/ShinySangerAlignmentServer.R","SangerAlignmentServer",1525,13,1526,44,13,44,6305,6306,0
"R/ShinySangerAlignmentServer.R","SangerAlignmentServer",1527,13,1528,46,13,46,6307,6308,0
"R/ShinySangerAlignmentServer.R","SangerAlignmentServer",1529,13,1530,51,13,51,6309,6310,0
"R/ShinySangerAlignmentServer.R","SangerAlignmentServer",1531,13,1532,50,13,50,6311,6312,0
"R/ShinySangerAlignmentServer.R","SangerAlignmentServer",1544,5,1568,6,5,6,6324,6348,0
"R/ShinySangerAlignmentServer.R","SangerAlignmentServer",1545,13,1545,69,13,69,1545,1545,0
"R/ShinySangerAlignmentServer.R","SangerAlignmentServer",1546,13,1548,61,13,61,6326,6328,0
"R/ShinySangerAlignmentServer.R","SangerAlignmentServer",1549,17,1549,84,17,84,1549,1549,0
"R/ShinySangerAlignmentServer.R","SangerAlignmentServer",1550,17,1551,65,17,65,6330,6331,0
"R/ShinySangerAlignmentServer.R","SangerAlignmentServer",1553,13,1553,80,13,80,6333,6333,0
"R/ShinySangerAlignmentServer.R","SangerAlignmentServer",1554,13,1554,58,13,58,6334,6334,0
"R/ShinySangerAlignmentServer.R","SangerAlignmentServer",1555,17,1555,42,17,42,1555,1555,0
"R/ShinySangerAlignmentServer.R","SangerAlignmentServer",1556,17,1561,17,17,17,6336,6341,0
"R/ShinySangerAlignmentServer.R","SangerAlignmentServer",1563,17,1565,66,17,66,6343,6345,0
"R/ShinySangerAlignmentServer.R","SangerAlignmentServer",1572,5,1583,6,5,6,6352,6363,0
"R/ShinySangerAlignmentServer.R","SangerAlignmentServer",1573,13,1573,69,13,69,1573,1573,0
"R/ShinySangerAlignmentServer.R","SangerAlignmentServer",1574,17,1575,73,17,73,1574,1575,0
"R/ShinySangerAlignmentServer.R","SangerAlignmentServer",1576,17,1576,40,17,40,6356,6356,0
"R/ShinySangerAlignmentServer.R","SangerAlignmentServer",1578,17,1580,66,17,66,6358,6360,0
"R/ShinySangerAlignmentServer.R","SangerAlignmentServer",1584,5,1588,6,5,6,6364,6368,0
"R/ShinySangerAlignmentServer.R","SangerAlignmentServer",1585,13,1585,69,13,69,1585,1585,0
"R/ShinySangerAlignmentServer.R","SangerAlignmentServer",1586,13,1586,55,13,55,6366,6366,0
"R/ShinySangerAlignmentServer.R","SangerAlignmentServer",1598,5,1607,6,5,6,6378,6387,0
"R/ShinySangerAlignmentServer.R","SangerAlignmentServer",1599,9,1599,52,9,52,6379,6379,0
"R/ShinySangerAlignmentServer.R","SangerAlignmentServer",1600,9,1606,9,9,9,6380,6386,0
"R/ShinySangerAlignmentServer.R","SangerAlignmentServer",1611,5,1643,6,5,6,6391,6423,0
"R/ShinySangerAlignmentServer.R","SangerAlignmentServer",1612,13,1612,49,13,49,1612,1612,0
"R/ShinySangerAlignmentServer.R","SangerAlignmentServer",1613,13,1621,13,13,13,6393,6401,0
"R/ShinySangerAlignmentServer.R","SangerAlignmentServer",1623,13,1641,13,13,13,6403,6421,0
"R/ShinySangerAlignmentServer.R","SangerAlignmentServer",1644,5,1656,6,5,6,6424,6436,0
"R/ShinySangerAlignmentServer.R","SangerAlignmentServer",1645,9,1646,62,9,62,6425,6426,0
"R/ShinySangerAlignmentServer.R","SangerAlignmentServer",1647,9,1647,75,9,75,6427,6427,0
"R/ShinySangerAlignmentServer.R","SangerAlignmentServer",1648,9,1655,9,9,9,6428,6435,0
"R/ShinySangerAlignmentServer.R","SangerAlignmentServer",1663,5,1663,67,5,67,6443,6443,0
"R/ShinySangerAlignmentServer.R","SangerAlignmentServer",1664,5,1664,69,5,69,6444,6444,0
"R/ShinySangerAlignmentServer.R","SangerAlignmentServer",1665,5,1665,71,5,71,6445,6445,0
"R/ShinySangerAlignmentServer.R","SangerAlignmentServer",1666,5,1666,71,5,71,6446,6446,0
"R/ShinySangerAlignmentServer.R","SangerAlignmentServer",1667,5,1667,72,5,72,6447,6447,0
"R/ShinySangerAlignmentServer.R","SangerAlignmentServer",1668,5,1668,68,5,68,6448,6448,0
"R/ShinySangerAlignmentServer.R","SangerAlignmentServer",1672,5,1693,6,5,6,6452,6473,0
"R/ShinySangerAlignmentServer.R","SangerAlignmentServer",1673,9,1673,58,9,58,6453,6453,0
"R/ShinySangerAlignmentServer.R","SangerAlignmentServer",1674,9,1674,48,9,48,6454,6454,0
"R/ShinySangerAlignmentServer.R","SangerAlignmentServer",1675,13,1675,31,13,31,1675,1675,0
"R/ShinySangerAlignmentServer.R","SangerAlignmentServer",1676,13,1680,63,13,63,6456,6460,0
"R/ShinySangerAlignmentServer.R","SangerAlignmentServer",1681,17,1681,73,17,73,1681,1681,0
"R/ShinySangerAlignmentServer.R","SangerAlignmentServer",1682,17,1682,72,17,72,6462,6462,0
"R/ShinySangerAlignmentServer.R","SangerAlignmentServer",1684,13,1685,61,13,61,6464,6465,0
"R/ShinySangerAlignmentServer.R","SangerAlignmentServer",1686,13,1691,13,13,13,6466,6471,0
"R/ShinySangerAlignmentServer.R","SangerAlignmentServer",1697,5,1708,6,5,6,6477,6488,0
"R/ShinySangerAlignmentServer.R","SangerAlignmentServer",1698,9,1698,58,9,58,6478,6478,0
"R/ShinySangerAlignmentServer.R","SangerAlignmentServer",1699,9,1699,48,9,48,6479,6479,0
"R/ShinySangerAlignmentServer.R","SangerAlignmentServer",1700,13,1700,31,13,31,1700,1700,0
"R/ShinySangerAlignmentServer.R","SangerAlignmentServer",1701,17,1701,66,17,66,1701,1701,0
"R/ShinySangerAlignmentServer.R","SangerAlignmentServer",1702,17,1703,66,17,66,6482,6483,0
"R/ShinySangerAlignmentServer.R","SangerAlignmentServer",1705,17,1705,50,17,50,6485,6485,0
"R/ShinySangerAlignmentServer.R","SangerAlignmentServer",1709,5,1711,6,5,6,6489,6491,0
"R/ShinySangerAlignmentServer.R","SangerAlignmentServer",1710,9,1710,38,9,38,6490,6490,0
"R/ShinySangerAlignmentServer.R","SangerAlignmentServer",1715,5,1721,6,5,6,6495,6501,0
"R/ShinySangerAlignmentServer.R","SangerAlignmentServer",1716,9,1716,58,9,58,6496,6496,0
"R/ShinySangerAlignmentServer.R","SangerAlignmentServer",1717,9,1717,48,9,48,6497,6497,0
"R/ShinySangerAlignmentServer.R","SangerAlignmentServer",1718,13,1718,31,13,31,1718,1718,0
"R/ShinySangerAlignmentServer.R","SangerAlignmentServer",1719,13,1719,73,13,73,6499,6499,0
"R/ShinySangerAlignmentServer.R","SangerAlignmentServer",1722,5,1728,6,5,6,6502,6508,0
"R/ShinySangerAlignmentServer.R","SangerAlignmentServer",1723,9,1723,58,9,58,6503,6503,0
"R/ShinySangerAlignmentServer.R","SangerAlignmentServer",1724,9,1724,48,9,48,6504,6504,0
"R/ShinySangerAlignmentServer.R","SangerAlignmentServer",1725,13,1725,31,13,31,1725,1725,0
"R/ShinySangerAlignmentServer.R","SangerAlignmentServer",1726,13,1726,44,13,44,6506,6506,0
"R/ShinySangerAlignmentServer.R","SangerAlignmentServer",1732,5,1743,6,5,6,6512,6523,0
"R/ShinySangerAlignmentServer.R","SangerAlignmentServer",1733,9,1733,58,9,58,6513,6513,0
"R/ShinySangerAlignmentServer.R","SangerAlignmentServer",1734,9,1734,48,9,48,6514,6514,0
"R/ShinySangerAlignmentServer.R","SangerAlignmentServer",1735,13,1735,31,13,31,1735,1735,0
"R/ShinySangerAlignmentServer.R","SangerAlignmentServer",1736,17,1736,67,17,67,1736,1736,0
"R/ShinySangerAlignmentServer.R","SangerAlignmentServer",1737,17,1738,66,17,66,6517,6518,0
"R/ShinySangerAlignmentServer.R","SangerAlignmentServer",1740,17,1740,52,17,52,6520,6520,0
"R/ShinySangerAlignmentServer.R","SangerAlignmentServer",1744,5,1758,6,5,6,6524,6538,0
"R/ShinySangerAlignmentServer.R","SangerAlignmentServer",1745,9,1745,58,9,58,6525,6525,0
"R/ShinySangerAlignmentServer.R","SangerAlignmentServer",1746,9,1746,48,9,48,6526,6526,0
"R/ShinySangerAlignmentServer.R","SangerAlignmentServer",1747,13,1747,31,13,31,1747,1747,0
"R/ShinySangerAlignmentServer.R","SangerAlignmentServer",1748,13,1749,65,13,65,6528,6529,0
"R/ShinySangerAlignmentServer.R","SangerAlignmentServer",1750,13,1756,13,13,13,6530,6536,0
"R/ShinySangerAlignmentServer.R","SangerAlignmentServer",1759,5,1770,6,5,6,6539,6550,0
"R/ShinySangerAlignmentServer.R","SangerAlignmentServer",1760,9,1760,58,9,58,6540,6540,0
"R/ShinySangerAlignmentServer.R","SangerAlignmentServer",1761,9,1761,48,9,48,6541,6541,0
"R/ShinySangerAlignmentServer.R","SangerAlignmentServer",1762,13,1762,31,13,31,1762,1762,0
"R/ShinySangerAlignmentServer.R","SangerAlignmentServer",1763,17,1763,67,17,67,1763,1763,0
"R/ShinySangerAlignmentServer.R","SangerAlignmentServer",1764,17,1765,66,17,66,6544,6545,0
"R/ShinySangerAlignmentServer.R","SangerAlignmentServer",1767,17,1767,51,17,51,6547,6547,0
"R/ShinySangerAlignmentServer.R","SangerAlignmentServer",1771,5,1773,6,5,6,6551,6553,0
"R/ShinySangerAlignmentServer.R","SangerAlignmentServer",1772,9,1772,39,9,39,6552,6552,0
"R/ShinySangerAlignmentServer.R","SangerAlignmentServer",1777,5,1788,6,5,6,6557,6568,0
"R/ShinySangerAlignmentServer.R","SangerAlignmentServer",1778,9,1778,58,9,58,6558,6558,0
"R/ShinySangerAlignmentServer.R","SangerAlignmentServer",1779,9,1779,48,9,48,6559,6559,0
"R/ShinySangerAlignmentServer.R","SangerAlignmentServer",1780,13,1780,31,13,31,1780,1780,0
"R/ShinySangerAlignmentServer.R","SangerAlignmentServer",1781,17,1781,62,17,62,1781,1781,0
"R/ShinySangerAlignmentServer.R","SangerAlignmentServer",1782,17,1783,66,17,66,6562,6563,0
"R/ShinySangerAlignmentServer.R","SangerAlignmentServer",1785,17,1785,45,17,45,6565,6565,0
"R/ShinySangerAlignmentServer.R","SangerAlignmentServer",1789,5,1791,6,5,6,6569,6571,0
"R/ShinySangerAlignmentServer.R","SangerAlignmentServer",1790,9,1790,33,9,33,6570,6570,0
"R/ShinySangerAlignmentServer.R","SangerAlignmentServer",1795,5,1806,6,5,6,6575,6586,0
"R/ShinySangerAlignmentServer.R","SangerAlignmentServer",1796,9,1796,58,9,58,6576,6576,0
"R/ShinySangerAlignmentServer.R","SangerAlignmentServer",1797,9,1797,48,9,48,6577,6577,0
"R/ShinySangerAlignmentServer.R","SangerAlignmentServer",1798,13,1798,31,13,31,1798,1798,0
"R/ShinySangerAlignmentServer.R","SangerAlignmentServer",1799,17,1799,65,17,65,1799,1799,0
"R/ShinySangerAlignmentServer.R","SangerAlignmentServer",1800,17,1801,66,17,66,6580,6581,0
"R/ShinySangerAlignmentServer.R","SangerAlignmentServer",1803,17,1803,49,17,49,6583,6583,0
"R/ShinySangerAlignmentServer.R","SangerAlignmentServer",1807,5,1809,6,5,6,6587,6589,0
"R/ShinySangerAlignmentServer.R","SangerAlignmentServer",1808,9,1808,37,9,37,6588,6588,0
"R/ShinySangerAlignmentServer.R","SangerAlignmentServer",1817,5,1826,6,5,6,6597,6606,0
"R/ShinySangerAlignmentServer.R","SangerAlignmentServer",1818,9,1818,58,9,58,6598,6598,0
"R/ShinySangerAlignmentServer.R","SangerAlignmentServer",1819,9,1819,48,9,48,6599,6599,0
"R/ShinySangerAlignmentServer.R","SangerAlignmentServer",1820,9,1820,46,9,46,6600,6600,0
"R/ShinySangerAlignmentServer.R","SangerAlignmentServer",1821,9,1821,43,9,43,6601,6601,0
"R/ShinySangerAlignmentServer.R","SangerAlignmentServer",1822,13,1823,29,13,29,1822,1823,0
"R/ShinySangerAlignmentServer.R","SangerAlignmentServer",1824,13,1824,60,13,60,6604,6604,0
"R/ShinySangerAlignmentServer.R","SangerAlignmentServer",1827,5,1836,6,5,6,6607,6616,0
"R/ShinySangerAlignmentServer.R","SangerAlignmentServer",1828,9,1828,58,9,58,6608,6608,0
"R/ShinySangerAlignmentServer.R","SangerAlignmentServer",1829,9,1829,48,9,48,6609,6609,0
"R/ShinySangerAlignmentServer.R","SangerAlignmentServer",1830,9,1830,46,9,46,6610,6610,0
"R/ShinySangerAlignmentServer.R","SangerAlignmentServer",1831,9,1831,43,9,43,6611,6611,0
"R/ShinySangerAlignmentServer.R","SangerAlignmentServer",1832,13,1833,29,13,29,1832,1833,0
"R/ShinySangerAlignmentServer.R","SangerAlignmentServer",1834,13,1834,62,13,62,6614,6614,0
"R/ShinySangerAlignmentServer.R","SangerAlignmentServer",1837,5,1857,6,5,6,6617,6637,0
"R/ShinySangerAlignmentServer.R","SangerAlignmentServer",1838,9,1838,58,9,58,6618,6618,0
"R/ShinySangerAlignmentServer.R","SangerAlignmentServer",1839,9,1839,48,9,48,6619,6619,0
"R/ShinySangerAlignmentServer.R","SangerAlignmentServer",1840,9,1840,46,9,46,6620,6620,0
"R/ShinySangerAlignmentServer.R","SangerAlignmentServer",1841,9,1841,43,9,43,6621,6621,0
"R/ShinySangerAlignmentServer.R","SangerAlignmentServer",1842,13,1843,29,13,29,1842,1843,0
"R/ShinySangerAlignmentServer.R","SangerAlignmentServer",1844,17,1844,43,17,43,1844,1844,0
"R/ShinySangerAlignmentServer.R","SangerAlignmentServer",1845,17,1848,52,17,52,6625,6628,0
"R/ShinySangerAlignmentServer.R","SangerAlignmentServer",1849,24,1849,50,24,50,1849,1849,0
"R/ShinySangerAlignmentServer.R","SangerAlignmentServer",1850,17,1853,52,17,52,6630,6633,0
"R/ShinySangerAlignmentServer.R","SangerAlignmentServer",1855,13,1855,44,13,44,6635,6635,0
"R/ShinySangerAlignmentServer.R","SangerAlignmentServer",1858,5,1867,6,5,6,6638,6647,0
"R/ShinySangerAlignmentServer.R","SangerAlignmentServer",1859,9,1859,58,9,58,6639,6639,0
"R/ShinySangerAlignmentServer.R","SangerAlignmentServer",1860,9,1860,48,9,48,6640,6640,0
"R/ShinySangerAlignmentServer.R","SangerAlignmentServer",1861,9,1861,46,9,46,6641,6641,0
"R/ShinySangerAlignmentServer.R","SangerAlignmentServer",1862,9,1862,43,9,43,6642,6642,0
"R/ShinySangerAlignmentServer.R","SangerAlignmentServer",1863,13,1864,29,13,29,1863,1864,0
"R/ShinySangerAlignmentServer.R","SangerAlignmentServer",1865,13,1865,46,13,46,6645,6645,0
"R/ShinySangerAlignmentServer.R","SangerAlignmentServer",1868,5,1877,6,5,6,6648,6657,0
"R/ShinySangerAlignmentServer.R","SangerAlignmentServer",1869,9,1869,58,9,58,6649,6649,0
"R/ShinySangerAlignmentServer.R","SangerAlignmentServer",1870,9,1870,48,9,48,6650,6650,0
"R/ShinySangerAlignmentServer.R","SangerAlignmentServer",1871,9,1871,46,9,46,6651,6651,0
"R/ShinySangerAlignmentServer.R","SangerAlignmentServer",1872,9,1872,43,9,43,6652,6652,0
"R/ShinySangerAlignmentServer.R","SangerAlignmentServer",1873,13,1874,29,13,29,1873,1874,0
"R/ShinySangerAlignmentServer.R","SangerAlignmentServer",1875,13,1875,46,13,46,6655,6655,0
"R/ShinySangerAlignmentServer.R","SangerAlignmentServer",1878,5,1887,6,5,6,6658,6667,0
"R/ShinySangerAlignmentServer.R","SangerAlignmentServer",1879,9,1879,58,9,58,6659,6659,0
"R/ShinySangerAlignmentServer.R","SangerAlignmentServer",1880,9,1880,48,9,48,6660,6660,0
"R/ShinySangerAlignmentServer.R","SangerAlignmentServer",1881,9,1881,46,9,46,6661,6661,0
"R/ShinySangerAlignmentServer.R","SangerAlignmentServer",1882,9,1882,43,9,43,6662,6662,0
"R/ShinySangerAlignmentServer.R","SangerAlignmentServer",1883,13,1884,29,13,29,1883,1884,0
"R/ShinySangerAlignmentServer.R","SangerAlignmentServer",1885,13,1885,46,13,46,6665,6665,0
"R/ShinySangerAlignmentServer.R","SangerAlignmentServer",1889,5,1899,6,5,6,6669,6679,0
"R/ShinySangerAlignmentServer.R","SangerAlignmentServer",1890,9,1890,58,9,58,6670,6670,0
"R/ShinySangerAlignmentServer.R","SangerAlignmentServer",1891,9,1891,48,9,48,6671,6671,0
"R/ShinySangerAlignmentServer.R","SangerAlignmentServer",1892,9,1892,46,9,46,6672,6672,0
"R/ShinySangerAlignmentServer.R","SangerAlignmentServer",1893,9,1893,43,9,43,6673,6673,0
"R/ShinySangerAlignmentServer.R","SangerAlignmentServer",1894,13,1895,29,13,29,1894,1895,0
"R/ShinySangerAlignmentServer.R","SangerAlignmentServer",1896,13,1897,78,13,78,6676,6677,0
"R/ShinySangerAlignmentServer.R","SangerAlignmentServer",1901,5,1911,6,5,6,6681,6691,0
"R/ShinySangerAlignmentServer.R","SangerAlignmentServer",1902,9,1902,58,9,58,6682,6682,0
"R/ShinySangerAlignmentServer.R","SangerAlignmentServer",1903,9,1903,48,9,48,6683,6683,0
"R/ShinySangerAlignmentServer.R","SangerAlignmentServer",1904,9,1904,46,9,46,6684,6684,0
"R/ShinySangerAlignmentServer.R","SangerAlignmentServer",1905,9,1905,43,9,43,6685,6685,0
"R/ShinySangerAlignmentServer.R","SangerAlignmentServer",1906,13,1907,29,13,29,1906,1907,0
"R/ShinySangerAlignmentServer.R","SangerAlignmentServer",1908,13,1909,77,13,77,6688,6689,0
"R/ShinySangerAlignmentServer.R","SangerAlignmentServer",1912,5,1936,6,5,6,6692,6716,0
"R/ShinySangerAlignmentServer.R","SangerAlignmentServer",1913,9,1913,58,9,58,6693,6693,0
"R/ShinySangerAlignmentServer.R","SangerAlignmentServer",1914,9,1914,48,9,48,6694,6694,0
"R/ShinySangerAlignmentServer.R","SangerAlignmentServer",1915,9,1915,46,9,46,6695,6695,0
"R/ShinySangerAlignmentServer.R","SangerAlignmentServer",1916,9,1916,43,9,43,6696,6696,0
"R/ShinySangerAlignmentServer.R","SangerAlignmentServer",1917,13,1918,29,13,29,1917,1918,0
"R/ShinySangerAlignmentServer.R","SangerAlignmentServer",1919,17,1919,43,17,43,1919,1919,0
"R/ShinySangerAlignmentServer.R","SangerAlignmentServer",1920,17,1925,60,17,60,6700,6705,0
"R/ShinySangerAlignmentServer.R","SangerAlignmentServer",1926,24,1926,50,24,50,1926,1926,0
"R/ShinySangerAlignmentServer.R","SangerAlignmentServer",1927,17,1932,60,17,60,6707,6712,0
"R/ShinySangerAlignmentServer.R","SangerAlignmentServer",1934,13,1934,44,13,44,6714,6714,0
"R/ShinySangerAlignmentServer.R","SangerAlignmentServer",1943,5,1959,6,5,6,6723,6739,0
"R/ShinySangerAlignmentServer.R","SangerAlignmentServer",1944,9,1944,58,9,58,6724,6724,0
"R/ShinySangerAlignmentServer.R","SangerAlignmentServer",1945,9,1945,48,9,48,6725,6725,0
"R/ShinySangerAlignmentServer.R","SangerAlignmentServer",1946,9,1946,46,9,46,6726,6726,0
"R/ShinySangerAlignmentServer.R","SangerAlignmentServer",1947,13,1948,29,13,29,1947,1948,0
"R/ShinySangerAlignmentServer.R","SangerAlignmentServer",1949,17,1949,123,17,123,1949,1949,0
"R/ShinySangerAlignmentServer.R","SangerAlignmentServer",1950,17,1952,54,17,54,6730,6732,0
"R/ShinySangerAlignmentServer.R","SangerAlignmentServer",1953,24,1953,130,24,130,1953,1953,0
"R/ShinySangerAlignmentServer.R","SangerAlignmentServer",1954,17,1956,68,17,68,6734,6736,0
"R/ShinySangerAlignmentServer.R","SangerAlignmentServer",1960,5,2059,6,5,6,6740,6839,0
"R/ShinySangerAlignmentServer.R","SangerAlignmentServer",1961,9,1961,58,9,58,6741,6741,0
"R/ShinySangerAlignmentServer.R","SangerAlignmentServer",1962,9,1962,48,9,48,6742,6742,0
"R/ShinySangerAlignmentServer.R","SangerAlignmentServer",1963,9,1963,46,9,46,6743,6743,0
"R/ShinySangerAlignmentServer.R","SangerAlignmentServer",1964,9,1964,43,9,43,6744,6744,0
"R/ShinySangerAlignmentServer.R","SangerAlignmentServer",1965,13,1966,29,13,29,1965,1966,0
"R/ShinySangerAlignmentServer.R","SangerAlignmentServer",1967,17,1967,43,17,43,1967,1967,0
"R/ShinySangerAlignmentServer.R","SangerAlignmentServer",1968,17,1968,96,17,96,6748,6748,0
"R/ShinySangerAlignmentServer.R","SangerAlignmentServer",1969,24,1969,50,24,50,1969,1969,0
"R/ShinySangerAlignmentServer.R","SangerAlignmentServer",1970,17,1970,96,17,96,6750,6750,0
"R/ShinySangerAlignmentServer.R","SangerAlignmentServer",1973,17,1973,85,17,85,1973,1973,0
"R/ShinySangerAlignmentServer.R","SangerAlignmentServer",1974,21,1974,47,21,47,1974,1974,0
"R/ShinySangerAlignmentServer.R","SangerAlignmentServer",1975,25,1977,63,25,63,1975,1977,0
"R/ShinySangerAlignmentServer.R","SangerAlignmentServer",1978,25,1980,70,25,70,6758,6760,0
"R/ShinySangerAlignmentServer.R","SangerAlignmentServer",1982,28,1982,54,28,54,1982,1982,0
"R/ShinySangerAlignmentServer.R","SangerAlignmentServer",1983,25,1985,63,25,63,1983,1985,0
"R/ShinySangerAlignmentServer.R","SangerAlignmentServer",1986,25,1988,70,25,70,6766,6768,0
"R/ShinySangerAlignmentServer.R","SangerAlignmentServer",1991,17,2002,17,17,17,6771,6782,0
"R/ShinySangerAlignmentServer.R","SangerAlignmentServer",2003,24,2003,92,24,92,2003,2003,0
"R/ShinySangerAlignmentServer.R","SangerAlignmentServer",2004,21,2004,47,21,47,2004,2004,0
"R/ShinySangerAlignmentServer.R","SangerAlignmentServer",2005,25,2007,67,25,67,2005,2007,0
"R/ShinySangerAlignmentServer.R","SangerAlignmentServer",2008,25,2010,70,25,70,6788,6790,0
"R/ShinySangerAlignmentServer.R","SangerAlignmentServer",2012,25,2014,67,25,67,2012,2014,0
"R/ShinySangerAlignmentServer.R","SangerAlignmentServer",2015,25,2017,69,25,69,6795,6797,0
"R/ShinySangerAlignmentServer.R","SangerAlignmentServer",2019,28,2019,54,28,54,2019,2019,0
"R/ShinySangerAlignmentServer.R","SangerAlignmentServer",2020,25,2022,67,25,67,2020,2022,0
"R/ShinySangerAlignmentServer.R","SangerAlignmentServer",2023,25,2025,70,25,70,6803,6805,0
"R/ShinySangerAlignmentServer.R","SangerAlignmentServer",2027,25,2029,67,25,67,2027,2029,0
"R/ShinySangerAlignmentServer.R","SangerAlignmentServer",2030,25,2032,69,25,69,6810,6812,0
"R/ShinySangerAlignmentServer.R","SangerAlignmentServer",2035,17,2056,17,17,17,6815,6836,0
"R/ShinySangerAlignmentServer.R","SangerAlignmentServer",2061,5,2061,53,5,53,6841,6841,0
"R/ShinySangerAlignmentServer.R","SangerAlignmentServer",2062,5,2062,57,5,57,6842,6842,0
"R/ShinySangerAlignmentServer.R","SangerAlignmentServer",2063,5,2063,56,5,56,6843,6843,0
"R/ShinySangerAlignmentServer.R","SangerAlignmentServer",2065,5,2065,60,5,60,6845,6845,0
"R/ShinySangerAlignmentServer.R","SangerAlignmentServer",2066,5,2066,67,5,67,6846,6846,0
"R/ShinySangerAlignmentServer.R","SangerAlignmentServer",2067,5,2067,66,5,66,6847,6847,0
"R/ShinySangerAlignmentServer.R","SangerAlignmentServer",2068,5,2068,63,5,63,6848,6848,0
"R/ShinySangerAlignmentServer.R","SangerAlignmentServer",2069,5,2069,64,5,64,6849,6849,0
"R/ShinySangerAlignmentServer.R","SangerAlignmentServer",2070,5,2070,64,5,64,6850,6850,0
"R/ShinySangerAlignmentServer.R","SangerAlignmentServer",2071,5,2071,71,5,71,6851,6851,0
"R/ShinySangerAlignmentServer.R","SangerAlignmentServer",2072,5,2072,70,5,70,6852,6852,0
"R/ShinySangerAlignmentServer.R","SangerAlignmentServer",2073,5,2073,62,5,62,6853,6853,0
"R/ShinySangerAlignmentServer.R","SangerAlignmentServer",2075,5,2096,6,5,6,6855,6876,0
"R/ShinySangerAlignmentServer.R","SangerAlignmentServer",2076,9,2076,58,9,58,6856,6856,0
"R/ShinySangerAlignmentServer.R","SangerAlignmentServer",2077,9,2077,48,9,48,6857,6857,0
"R/ShinySangerAlignmentServer.R","SangerAlignmentServer",2078,9,2078,46,9,46,6858,6858,0
"R/ShinySangerAlignmentServer.R","SangerAlignmentServer",2079,9,2079,43,9,43,6859,6859,0
"R/ShinySangerAlignmentServer.R","SangerAlignmentServer",2080,13,2081,29,13,29,2080,2081,0
"R/ShinySangerAlignmentServer.R","SangerAlignmentServer",2082,17,2082,43,17,43,2082,2082,0
"R/ShinySangerAlignmentServer.R","SangerAlignmentServer",2083,17,2086,52,17,52,6863,6866,0
"R/ShinySangerAlignmentServer.R","SangerAlignmentServer",2087,24,2087,50,24,50,2087,2087,0
"R/ShinySangerAlignmentServer.R","SangerAlignmentServer",2088,17,2091,52,17,52,6868,6871,0
"R/ShinySangerAlignmentServer.R","SangerAlignmentServer",2093,13,2094,72,13,72,6873,6874,0
"R/ShinySangerAlignmentServer.R","SangerAlignmentServer",2098,5,2098,68,5,68,6878,6878,0
"R/ShinySangerAlignmentServer.R","SangerAlignmentServer",2099,5,2099,69,5,69,6879,6879,0
"R/ShinySangerAlignmentServer.R","SangerAlignmentServer",2102,5,2141,6,5,6,6882,6921,0
"R/ShinySangerAlignmentServer.R","SangerAlignmentServer",2103,9,2103,58,9,58,6883,6883,0
"R/ShinySangerAlignmentServer.R","SangerAlignmentServer",2104,9,2104,48,9,48,6884,6884,0
"R/ShinySangerAlignmentServer.R","SangerAlignmentServer",2105,9,2105,46,9,46,6885,6885,0
"R/ShinySangerAlignmentServer.R","SangerAlignmentServer",2106,9,2106,43,9,43,6886,6886,0
"R/ShinySangerAlignmentServer.R","SangerAlignmentServer",2107,13,2112,39,13,39,2107,2112,0
"R/ShinySangerAlignmentServer.R","SangerAlignmentServer",2113,13,2113,43,13,43,6893,6893,0
"R/ShinySangerAlignmentServer.R","SangerAlignmentServer",2115,17,2115,43,17,43,2115,2115,0
"R/ShinySangerAlignmentServer.R","SangerAlignmentServer",2116,17,2119,46,17,46,6896,6899,0
"R/ShinySangerAlignmentServer.R","SangerAlignmentServer",2120,17,2123,50,17,50,6900,6903,0
"R/ShinySangerAlignmentServer.R","SangerAlignmentServer",2124,24,2124,50,24,50,2124,2124,0
"R/ShinySangerAlignmentServer.R","SangerAlignmentServer",2125,17,2128,46,17,46,6905,6908,0
"R/ShinySangerAlignmentServer.R","SangerAlignmentServer",2129,17,2132,50,17,50,6909,6912,0
"R/ShinySangerAlignmentServer.R","SangerAlignmentServer",2134,13,2138,59,13,59,6914,6918,0
"R/ShinySangerAlignmentServer.R","SangerAlignmentServer",2139,13,2139,70,13,70,6919,6919,0
"R/ShinySangerAlignmentServer.R","SangerAlignmentServer",2142,5,2351,6,5,6,6922,7131,0
"R/ShinySangerAlignmentServer.R","SangerAlignmentServer",2144,9,2144,47,9,47,6924,6924,0
"R/ShinySangerAlignmentServer.R","SangerAlignmentServer",2145,9,2145,49,9,49,6925,6925,0
"R/ShinySangerAlignmentServer.R","SangerAlignmentServer",2146,9,2146,50,9,50,6926,6926,0
"R/ShinySangerAlignmentServer.R","SangerAlignmentServer",2147,9,2147,52,9,52,6927,6927,0
"R/ShinySangerAlignmentServer.R","SangerAlignmentServer",2148,9,2148,57,9,57,6928,6928,0
"R/ShinySangerAlignmentServer.R","SangerAlignmentServer",2149,9,2149,56,9,56,6929,6929,0
"R/ShinySangerAlignmentServer.R","SangerAlignmentServer",2150,9,2150,48,9,48,6930,6930,0
"R/ShinySangerAlignmentServer.R","SangerAlignmentServer",2151,9,2151,52,9,52,6931,6931,0
"R/ShinySangerAlignmentServer.R","SangerAlignmentServer",2152,9,2152,51,9,51,6932,6932,0
"R/ShinySangerAlignmentServer.R","SangerAlignmentServer",2153,9,2153,58,9,58,6933,6933,0
"R/ShinySangerAlignmentServer.R","SangerAlignmentServer",2154,9,2154,48,9,48,6934,6934,0
"R/ShinySangerAlignmentServer.R","SangerAlignmentServer",2155,9,2155,46,9,46,6935,6935,0
"R/ShinySangerAlignmentServer.R","SangerAlignmentServer",2156,9,2156,43,9,43,6936,6936,0
"R/ShinySangerAlignmentServer.R","SangerAlignmentServer",2157,13,2162,39,13,39,2157,2162,0
"R/ShinySangerAlignmentServer.R","SangerAlignmentServer",2163,13,2163,55,13,55,6943,6943,0
"R/ShinySangerAlignmentServer.R","SangerAlignmentServer",2164,13,2200,33,13,33,6944,6980,0
"R/ShinySangerAlignmentServer.R","SangerAlignmentServer",2201,17,2201,43,17,43,2201,2201,0
"R/ShinySangerAlignmentServer.R","SangerAlignmentServer",2202,17,2204,75,17,75,6982,6984,0
"R/ShinySangerAlignmentServer.R","SangerAlignmentServer",2205,17,2205,86,17,86,6985,6985,0
"R/ShinySangerAlignmentServer.R","SangerAlignmentServer",2209,17,2213,80,17,80,6989,6993,0
"R/ShinySangerAlignmentServer.R","SangerAlignmentServer",2217,17,2219,42,17,42,6997,6999,0
"R/ShinySangerAlignmentServer.R","SangerAlignmentServer",2220,17,2222,42,17,42,7000,7002,0
"R/ShinySangerAlignmentServer.R","SangerAlignmentServer",2223,17,2225,39,17,39,7003,7005,0
"R/ShinySangerAlignmentServer.R","SangerAlignmentServer",2226,17,2228,41,17,41,7006,7008,0
"R/ShinySangerAlignmentServer.R","SangerAlignmentServer",2232,17,2237,75,17,75,7012,7017,0
"R/ShinySangerAlignmentServer.R","SangerAlignmentServer",2238,17,2240,51,17,51,7018,7020,0
"R/ShinySangerAlignmentServer.R","SangerAlignmentServer",2241,17,2243,51,17,51,7021,7023,0
"R/ShinySangerAlignmentServer.R","SangerAlignmentServer",2244,17,2246,51,17,51,7024,7026,0
"R/ShinySangerAlignmentServer.R","SangerAlignmentServer",2250,17,2252,77,17,77,7030,7032,0
"R/ShinySangerAlignmentServer.R","SangerAlignmentServer",2253,17,2255,79,17,79,7033,7035,0
"R/ShinySangerAlignmentServer.R","SangerAlignmentServer",2256,17,2258,67,17,67,7036,7038,0
"R/ShinySangerAlignmentServer.R","SangerAlignmentServer",2259,17,2261,67,17,67,7039,7041,0
"R/ShinySangerAlignmentServer.R","SangerAlignmentServer",2262,17,2264,67,17,67,7042,7044,0
"R/ShinySangerAlignmentServer.R","SangerAlignmentServer",2265,24,2265,50,24,50,2265,2265,0
"R/ShinySangerAlignmentServer.R","SangerAlignmentServer",2266,17,2268,75,17,75,7046,7048,0
"R/ShinySangerAlignmentServer.R","SangerAlignmentServer",2269,17,2269,86,17,86,7049,7049,0
"R/ShinySangerAlignmentServer.R","SangerAlignmentServer",2273,17,2277,80,17,80,7053,7057,0
"R/ShinySangerAlignmentServer.R","SangerAlignmentServer",2281,17,2283,42,17,42,7061,7063,0
"R/ShinySangerAlignmentServer.R","SangerAlignmentServer",2284,17,2286,42,17,42,7064,7066,0
"R/ShinySangerAlignmentServer.R","SangerAlignmentServer",2287,17,2289,39,17,39,7067,7069,0
"R/ShinySangerAlignmentServer.R","SangerAlignmentServer",2290,17,2292,41,17,41,7070,7072,0
"R/ShinySangerAlignmentServer.R","SangerAlignmentServer",2296,17,2301,75,17,75,7076,7081,0
"R/ShinySangerAlignmentServer.R","SangerAlignmentServer",2302,17,2304,51,17,51,7082,7084,0
"R/ShinySangerAlignmentServer.R","SangerAlignmentServer",2305,17,2307,51,17,51,7085,7087,0
"R/ShinySangerAlignmentServer.R","SangerAlignmentServer",2308,17,2310,51,17,51,7088,7090,0
"R/ShinySangerAlignmentServer.R","SangerAlignmentServer",2314,17,2316,77,17,77,7094,7096,0
"R/ShinySangerAlignmentServer.R","SangerAlignmentServer",2317,17,2319,79,17,79,7097,7099,0
"R/ShinySangerAlignmentServer.R","SangerAlignmentServer",2320,17,2322,67,17,67,7100,7102,0
"R/ShinySangerAlignmentServer.R","SangerAlignmentServer",2323,17,2325,67,17,67,7103,7105,0
"R/ShinySangerAlignmentServer.R","SangerAlignmentServer",2326,17,2328,67,17,67,7106,7108,0
"R/ShinySangerAlignmentServer.R","SangerAlignmentServer",2331,13,2339,71,13,71,7111,7119,0
"R/ShinySangerAlignmentServer.R","SangerAlignmentServer",2340,13,2340,63,13,63,7120,7120,0
"R/ShinySangerAlignmentServer.R","SangerAlignmentServer",2341,13,2341,53,13,53,7121,7121,0
"R/ShinySangerAlignmentServer.R","SangerAlignmentServer",2342,13,2342,55,13,55,7122,7122,0
"R/ShinySangerAlignmentServer.R","SangerAlignmentServer",2343,13,2343,60,13,60,7123,7123,0
"R/ShinySangerAlignmentServer.R","SangerAlignmentServer",2344,13,2344,59,13,59,7124,7124,0
"R/ShinySangerAlignmentServer.R","SangerAlignmentServer",2345,13,2345,51,13,51,7125,7125,0
"R/ShinySangerAlignmentServer.R","SangerAlignmentServer",2346,13,2346,55,13,55,7126,7126,0
"R/ShinySangerAlignmentServer.R","SangerAlignmentServer",2347,13,2347,54,13,54,7127,7127,0
"R/ShinySangerAlignmentServer.R","SangerAlignmentServer",2348,13,2348,50,13,50,7128,7128,0
"R/ShinySangerAlignmentServer.R","SangerAlignmentServer",2349,13,2349,52,13,52,7129,7129,0
"R/ShinySangerContigServer.R","SangerContigServer",8,5,8,29,5,29,7304,7304,0
"R/ShinySangerContigServer.R","SangerContigServer",10,5,10,22,5,22,7306,7306,0
"R/ShinySangerContigServer.R","SangerContigServer",14,5,14,50,5,50,7310,7310,0
"R/ShinySangerContigServer.R","SangerContigServer",15,5,15,54,5,54,7311,7311,0
"R/ShinySangerContigServer.R","SangerContigServer",16,5,16,38,5,38,7312,7312,0
"R/ShinySangerContigServer.R","SangerContigServer",17,5,17,37,5,37,7313,7313,0
"R/ShinySangerContigServer.R","SangerContigServer",22,5,22,58,5,58,7318,7318,0
"R/ShinySangerContigServer.R","SangerContigServer",23,5,23,58,5,58,7319,7319,0
"R/ShinySangerContigServer.R","SangerContigServer",24,5,24,52,5,52,7320,7320,0
"R/ShinySangerContigServer.R","SangerContigServer",26,5,28,76,5,76,7322,7324,0
"R/ShinySangerContigServer.R","SangerContigServer",29,5,31,76,5,76,7325,7327,0
"R/ShinySangerContigServer.R","SangerContigServer",33,5,34,79,5,79,7329,7330,0
"R/ShinySangerContigServer.R","SangerContigServer",35,5,36,79,5,79,7331,7332,0
"R/ShinySangerContigServer.R","SangerContigServer",37,5,37,54,5,54,7333,7333,0
"R/ShinySangerContigServer.R","SangerContigServer",42,5,51,59,5,59,7338,7347,0
"R/ShinySangerContigServer.R","SangerContigServer",55,5,59,56,5,56,7351,7355,0
"R/ShinySangerContigServer.R","SangerContigServer",60,5,68,60,5,60,7356,7364,0
"R/ShinySangerContigServer.R","SangerContigServer",69,5,71,60,5,60,7365,7367,0
"R/ShinySangerContigServer.R","SangerContigServer",72,5,75,65,5,65,7368,7371,0
"R/ShinySangerContigServer.R","SangerContigServer",83,5,85,64,5,64,7379,7381,0
"R/ShinySangerContigServer.R","SangerContigServer",90,5,812,6,5,6,7386,8108,0
"R/ShinySangerContigServer.R","SangerContigServer",91,9,91,58,9,58,7387,7387,0
"R/ShinySangerContigServer.R","SangerContigServer",92,9,92,46,9,46,7388,7388,0
"R/ShinySangerContigServer.R","SangerContigServer",93,9,93,43,9,43,7389,7389,0
"R/ShinySangerContigServer.R","SangerContigServer",94,13,94,58,13,58,94,94,0
"R/ShinySangerContigServer.R","SangerContigServer",95,13,95,66,13,66,7391,7391,0
"R/ShinySangerContigServer.R","SangerContigServer",96,13,96,60,13,60,7392,7392,0
"R/ShinySangerContigServer.R","SangerContigServer",97,13,97,39,13,39,7393,7393,0
"R/ShinySangerContigServer.R","SangerContigServer",98,13,98,49,13,49,7394,7394,0
"R/ShinySangerContigServer.R","SangerContigServer",99,13,108,62,13,62,7395,7404,0
"R/ShinySangerContigServer.R","SangerContigServer",109,13,109,64,13,64,7405,7405,0
"R/ShinySangerContigServer.R","SangerContigServer",110,13,110,59,13,59,7406,7406,0
"R/ShinySangerContigServer.R","SangerContigServer",111,13,111,52,13,52,7407,7407,0
"R/ShinySangerContigServer.R","SangerContigServer",112,13,112,57,13,57,7408,7408,0
"R/ShinySangerContigServer.R","SangerContigServer",113,13,113,53,13,53,7409,7409,0
"R/ShinySangerContigServer.R","SangerContigServer",114,13,114,53,13,53,7410,7410,0
"R/ShinySangerContigServer.R","SangerContigServer",115,13,115,58,13,58,7411,7411,0
"R/ShinySangerContigServer.R","SangerContigServer",116,13,116,58,13,58,7412,7412,0
"R/ShinySangerContigServer.R","SangerContigServer",117,13,117,65,13,65,7413,7413,0
"R/ShinySangerContigServer.R","SangerContigServer",118,13,118,73,13,73,7414,7414,0
"R/ShinySangerContigServer.R","SangerContigServer",119,13,119,79,13,79,7415,7415,0
"R/ShinySangerContigServer.R","SangerContigServer",120,13,120,74,13,74,7416,7416,0
"R/ShinySangerContigServer.R","SangerContigServer",121,13,121,67,13,67,7417,7417,0
"R/ShinySangerContigServer.R","SangerContigServer",122,13,122,63,13,63,7418,7418,0
"R/ShinySangerContigServer.R","SangerContigServer",123,13,123,71,13,71,7419,7419,0
"R/ShinySangerContigServer.R","SangerContigServer",124,13,124,77,13,77,7420,7420,0
"R/ShinySangerContigServer.R","SangerContigServer",125,13,125,60,13,60,7421,7421,0
"R/ShinySangerContigServer.R","SangerContigServer",126,13,126,48,13,48,7422,7422,0
"R/ShinySangerContigServer.R","SangerContigServer",127,13,127,38,13,38,7423,7423,0
"R/ShinySangerContigServer.R","SangerContigServer",131,13,376,13,13,13,7427,7672,0
"R/ShinySangerContigServer.R","SangerContigServer",377,20,379,48,20,48,377,379,0
"R/ShinySangerContigServer.R","SangerContigServer",383,13,383,66,13,66,7679,7679,0
"R/ShinySangerContigServer.R","SangerContigServer",384,17,384,43,17,43,384,384,0
"R/ShinySangerContigServer.R","SangerContigServer",385,17,387,77,17,77,7681,7683,0
"R/ShinySangerContigServer.R","SangerContigServer",388,17,390,79,17,79,7684,7686,0
"R/ShinySangerContigServer.R","SangerContigServer",391,17,393,67,17,67,7687,7689,0
"R/ShinySangerContigServer.R","SangerContigServer",394,17,396,67,17,67,7690,7692,0
"R/ShinySangerContigServer.R","SangerContigServer",397,17,399,67,17,67,7693,7695,0
"R/ShinySangerContigServer.R","SangerContigServer",400,17,402,51,17,51,7696,7698,0
"R/ShinySangerContigServer.R","SangerContigServer",403,17,405,50,17,50,7699,7701,0
"R/ShinySangerContigServer.R","SangerContigServer",406,17,408,55,17,55,7702,7704,0
"R/ShinySangerContigServer.R","SangerContigServer",409,17,411,49,17,49,7705,7707,0
"R/ShinySangerContigServer.R","SangerContigServer",412,17,414,50,17,50,7708,7710,0
"R/ShinySangerContigServer.R","SangerContigServer",415,17,417,54,17,54,7711,7713,0
"R/ShinySangerContigServer.R","SangerContigServer",418,17,420,53,17,53,7714,7716,0
"R/ShinySangerContigServer.R","SangerContigServer",421,17,423,46,17,46,7717,7719,0
"R/ShinySangerContigServer.R","SangerContigServer",424,17,426,53,17,53,7720,7722,0
"R/ShinySangerContigServer.R","SangerContigServer",427,17,429,52,17,52,7723,7725,0
"R/ShinySangerContigServer.R","SangerContigServer",430,17,432,49,17,49,7726,7728,0
"R/ShinySangerContigServer.R","SangerContigServer",433,17,435,50,17,50,7729,7731,0
"R/ShinySangerContigServer.R","SangerContigServer",436,17,438,50,17,50,7732,7734,0
"R/ShinySangerContigServer.R","SangerContigServer",439,17,441,57,17,57,7735,7737,0
"R/ShinySangerContigServer.R","SangerContigServer",442,17,444,56,17,56,7738,7740,0
"R/ShinySangerContigServer.R","SangerContigServer",445,17,447,68,17,68,7741,7743,0
"R/ShinySangerContigServer.R","SangerContigServer",470,17,471,75,17,75,7766,7767,0
"R/ShinySangerContigServer.R","SangerContigServer",472,17,473,61,17,61,7768,7769,0
"R/ShinySangerContigServer.R","SangerContigServer",474,24,474,50,24,50,474,474,0
"R/ShinySangerContigServer.R","SangerContigServer",475,17,477,77,17,77,7771,7773,0
"R/ShinySangerContigServer.R","SangerContigServer",478,17,480,79,17,79,7774,7776,0
"R/ShinySangerContigServer.R","SangerContigServer",481,17,483,67,17,67,7777,7779,0
"R/ShinySangerContigServer.R","SangerContigServer",484,17,486,67,17,67,7780,7782,0
"R/ShinySangerContigServer.R","SangerContigServer",487,17,489,67,17,67,7783,7785,0
"R/ShinySangerContigServer.R","SangerContigServer",490,17,492,51,17,51,7786,7788,0
"R/ShinySangerContigServer.R","SangerContigServer",493,17,495,50,17,50,7789,7791,0
"R/ShinySangerContigServer.R","SangerContigServer",496,17,498,55,17,55,7792,7794,0
"R/ShinySangerContigServer.R","SangerContigServer",499,17,501,49,17,49,7795,7797,0
"R/ShinySangerContigServer.R","SangerContigServer",502,17,504,36,17,36,7798,7800,0
"R/ShinySangerContigServer.R","SangerContigServer",505,17,507,40,17,40,7801,7803,0
"R/ShinySangerContigServer.R","SangerContigServer",508,17,510,39,17,39,7804,7806,0
"R/ShinySangerContigServer.R","SangerContigServer",511,17,513,46,17,46,7807,7809,0
"R/ShinySangerContigServer.R","SangerContigServer",514,17,516,53,17,53,7810,7812,0
"R/ShinySangerContigServer.R","SangerContigServer",517,17,519,52,17,52,7813,7815,0
"R/ShinySangerContigServer.R","SangerContigServer",520,17,522,49,17,49,7816,7818,0
"R/ShinySangerContigServer.R","SangerContigServer",523,17,525,50,17,50,7819,7821,0
"R/ShinySangerContigServer.R","SangerContigServer",526,17,528,50,17,50,7822,7824,0
"R/ShinySangerContigServer.R","SangerContigServer",529,17,531,57,17,57,7825,7827,0
"R/ShinySangerContigServer.R","SangerContigServer",532,17,534,56,17,56,7828,7830,0
"R/ShinySangerContigServer.R","SangerContigServer",535,17,537,68,17,68,7831,7833,0
"R/ShinySangerContigServer.R","SangerContigServer",538,17,539,75,17,75,7834,7835,0
"R/ShinySangerContigServer.R","SangerContigServer",540,17,541,61,17,61,7836,7837,0
"R/ShinySangerContigServer.R","SangerContigServer",543,13,810,13,13,13,7839,8106,0
"R/ShinySangerContigServer.R","SangerContigServer",823,5,835,6,5,6,8119,8131,0
"R/ShinySangerContigServer.R","SangerContigServer",824,9,824,58,9,58,8120,8120,0
"R/ShinySangerContigServer.R","SangerContigServer",825,9,825,46,9,46,8121,8121,0
"R/ShinySangerContigServer.R","SangerContigServer",826,9,826,43,9,43,8122,8122,0
"R/ShinySangerContigServer.R","SangerContigServer",827,13,827,58,13,58,827,827,0
"R/ShinySangerContigServer.R","SangerContigServer",828,13,828,61,13,61,8124,8124,0
"R/ShinySangerContigServer.R","SangerContigServer",829,20,831,48,20,48,829,831,0
"R/ShinySangerContigServer.R","SangerContigServer",832,13,833,76,13,76,8128,8129,0
"R/ShinySangerContigServer.R","SangerContigServer",839,5,843,6,5,6,8135,8139,0
"R/ShinySangerContigServer.R","SangerContigServer",840,9,840,59,9,59,8136,8136,0
"R/ShinySangerContigServer.R","SangerContigServer",841,9,841,28,9,28,8137,8137,0
"R/ShinySangerContigServer.R","SangerContigServer",842,9,842,17,9,17,8138,8138,0
"R/ShinySangerContigServer.R","SangerContigServer",847,5,884,6,5,6,8143,8180,0
"R/ShinySangerContigServer.R","SangerContigServer",848,9,848,35,9,35,8144,8144,0
"R/ShinySangerContigServer.R","SangerContigServer",849,9,849,34,9,34,8145,8145,0
"R/ShinySangerContigServer.R","SangerContigServer",850,9,850,58,9,58,8146,8146,0
"R/ShinySangerContigServer.R","SangerContigServer",851,9,851,68,9,68,8147,8147,0
"R/ShinySangerContigServer.R","SangerContigServer",852,9,875,44,9,44,8148,8171,0
"R/ShinySangerContigServer.R","SangerContigServer",879,9,879,47,9,47,8175,8175,0
"R/ShinySangerContigServer.R","SangerContigServer",880,9,880,60,9,60,8176,8176,0
"R/ShinySangerContigServer.R","SangerContigServer",881,9,881,55,9,55,8177,8177,0
"R/ShinySangerContigServer.R","SangerContigServer",882,9,882,33,9,33,8178,8178,0
"R/ShinySangerContigServer.R","SangerContigServer",883,9,883,34,9,34,8179,8179,0
"R/ShinySangerContigServer.R","SangerContigServer",888,5,923,6,5,6,8184,8219,0
"R/ShinySangerContigServer.R","SangerContigServer",889,9,889,58,9,58,8185,8185,0
"R/ShinySangerContigServer.R","SangerContigServer",890,9,890,62,9,62,8186,8186,0
"R/ShinySangerContigServer.R","SangerContigServer",891,9,891,56,9,56,8187,8187,0
"R/ShinySangerContigServer.R","SangerContigServer",892,9,892,35,9,35,8188,8188,0
"R/ShinySangerContigServer.R","SangerContigServer",893,9,893,45,9,45,8189,8189,0
"R/ShinySangerContigServer.R","SangerContigServer",894,9,903,58,9,58,8190,8199,0
"R/ShinySangerContigServer.R","SangerContigServer",904,9,904,60,9,60,8200,8200,0
"R/ShinySangerContigServer.R","SangerContigServer",905,9,905,55,9,55,8201,8201,0
"R/ShinySangerContigServer.R","SangerContigServer",906,9,906,48,9,48,8202,8202,0
"R/ShinySangerContigServer.R","SangerContigServer",907,9,907,53,9,53,8203,8203,0
"R/ShinySangerContigServer.R","SangerContigServer",908,9,908,49,9,49,8204,8204,0
"R/ShinySangerContigServer.R","SangerContigServer",909,9,909,49,9,49,8205,8205,0
"R/ShinySangerContigServer.R","SangerContigServer",910,9,910,54,9,54,8206,8206,0
"R/ShinySangerContigServer.R","SangerContigServer",911,9,911,54,9,54,8207,8207,0
"R/ShinySangerContigServer.R","SangerContigServer",912,9,912,61,9,61,8208,8208,0
"R/ShinySangerContigServer.R","SangerContigServer",913,9,913,69,9,69,8209,8209,0
"R/ShinySangerContigServer.R","SangerContigServer",914,9,914,75,9,75,8210,8210,0
"R/ShinySangerContigServer.R","SangerContigServer",915,9,915,70,9,70,8211,8211,0
"R/ShinySangerContigServer.R","SangerContigServer",916,9,916,63,9,63,8212,8212,0
"R/ShinySangerContigServer.R","SangerContigServer",917,9,917,59,9,59,8213,8213,0
"R/ShinySangerContigServer.R","SangerContigServer",918,9,918,67,9,67,8214,8214,0
"R/ShinySangerContigServer.R","SangerContigServer",919,9,919,73,9,73,8215,8215,0
"R/ShinySangerContigServer.R","SangerContigServer",920,9,920,56,9,56,8216,8216,0
"R/ShinySangerContigServer.R","SangerContigServer",921,9,921,44,9,44,8217,8217,0
"R/ShinySangerContigServer.R","SangerContigServer",922,9,922,34,9,34,8218,8218,0
"R/ShinySangerContigServer.R","SangerContigServer",927,5,966,6,5,6,8223,8262,0
"R/ShinySangerContigServer.R","SangerContigServer",928,9,928,62,9,62,8224,8224,0
"R/ShinySangerContigServer.R","SangerContigServer",929,9,929,61,9,61,8225,8225,0
"R/ShinySangerContigServer.R","SangerContigServer",930,9,930,58,9,58,8226,8226,0
"R/ShinySangerContigServer.R","SangerContigServer",931,9,931,46,9,46,8227,8227,0
"R/ShinySangerContigServer.R","SangerContigServer",932,9,932,43,9,43,8228,8228,0
"R/ShinySangerContigServer.R","SangerContigServer",936,13,936,37,13,37,936,936,0
"R/ShinySangerContigServer.R","SangerContigServer",937,17,937,43,17,43,937,937,0
"R/ShinySangerContigServer.R","SangerContigServer",938,17,939,66,17,66,8234,8235,0
"R/ShinySangerContigServer.R","SangerContigServer",940,17,941,67,17,67,8236,8237,0
"R/ShinySangerContigServer.R","SangerContigServer",942,17,943,77,17,77,8238,8239,0
"R/ShinySangerContigServer.R","SangerContigServer",944,17,945,70,17,70,8240,8241,0
"R/ShinySangerContigServer.R","SangerContigServer",946,24,946,50,24,50,946,946,0
"R/ShinySangerContigServer.R","SangerContigServer",947,17,948,66,17,66,8243,8244,0
"R/ShinySangerContigServer.R","SangerContigServer",949,17,950,67,17,67,8245,8246,0
"R/ShinySangerContigServer.R","SangerContigServer",951,17,952,77,17,77,8247,8248,0
"R/ShinySangerContigServer.R","SangerContigServer",953,17,954,70,17,70,8249,8250,0
"R/ShinySangerContigServer.R","SangerContigServer",959,13,959,81,13,81,8255,8255,0
"R/ShinySangerContigServer.R","SangerContigServer",960,13,960,82,13,82,8256,8256,0
"R/ShinySangerContigServer.R","SangerContigServer",961,13,962,51,13,51,8257,8258,0
"R/ShinySangerContigServer.R","SangerContigServer",963,13,964,50,13,50,8259,8260,0
"R/ShinySangerContigServer.R","SangerContigServer",970,5,1180,6,5,6,8266,8476,0
"R/ShinySangerContigServer.R","SangerContigServer",971,9,971,58,9,58,8267,8267,0
"R/ShinySangerContigServer.R","SangerContigServer",972,9,972,46,9,46,8268,8268,0
"R/ShinySangerContigServer.R","SangerContigServer",973,9,973,43,9,43,8269,8269,0
"R/ShinySangerContigServer.R","SangerContigServer",974,9,974,48,9,48,8270,8270,0
"R/ShinySangerContigServer.R","SangerContigServer",975,13,975,37,13,37,975,975,0
"R/ShinySangerContigServer.R","SangerContigServer",976,17,976,43,17,43,976,976,0
"R/ShinySangerContigServer.R","SangerContigServer",977,17,977,67,17,67,8273,8273,0
"R/ShinySangerContigServer.R","SangerContigServer",978,24,978,50,24,50,978,978,0
"R/ShinySangerContigServer.R","SangerContigServer",979,17,979,67,17,67,8275,8275,0
"R/ShinySangerContigServer.R","SangerContigServer",981,17,981,85,17,85,981,981,0
"R/ShinySangerContigServer.R","SangerContigServer",982,21,984,63,21,63,982,984,0
"R/ShinySangerContigServer.R","SangerContigServer",985,21,985,75,21,75,8281,8281,0
"R/ShinySangerContigServer.R","SangerContigServer",987,21,987,55,21,55,8283,8283,0
"R/ShinySangerContigServer.R","SangerContigServer",989,21,989,47,21,47,989,989,0
"R/ShinySangerContigServer.R","SangerContigServer",993,21,998,62,21,62,8289,8294,0
"R/ShinySangerContigServer.R","SangerContigServer",999,21,1001,61,21,61,8295,8297,0
"R/ShinySangerContigServer.R","SangerContigServer",1002,21,1004,54,21,54,8298,8300,0
"R/ShinySangerContigServer.R","SangerContigServer",1005,28,1005,54,28,54,1005,1005,0
"R/ShinySangerContigServer.R","SangerContigServer",1009,21,1014,62,21,62,8305,8310,0
"R/ShinySangerContigServer.R","SangerContigServer",1015,21,1017,61,21,61,8311,8313,0
"R/ShinySangerContigServer.R","SangerContigServer",1018,21,1020,54,21,54,8314,8316,0
"R/ShinySangerContigServer.R","SangerContigServer",1022,24,1022,92,24,92,1022,1022,0
"R/ShinySangerContigServer.R","SangerContigServer",1023,21,1026,67,21,67,1023,1026,0
"R/ShinySangerContigServer.R","SangerContigServer",1027,21,1027,83,21,83,8323,8323,0
"R/ShinySangerContigServer.R","SangerContigServer",1029,21,1029,55,21,55,8325,8325,0
"R/ShinySangerContigServer.R","SangerContigServer",1031,21,1034,66,21,66,1031,1034,0
"R/ShinySangerContigServer.R","SangerContigServer",1035,21,1035,81,21,81,8331,8331,0
"R/ShinySangerContigServer.R","SangerContigServer",1037,21,1037,54,21,54,8333,8333,0
"R/ShinySangerContigServer.R","SangerContigServer",1039,21,1039,47,21,47,1039,1039,0
"R/ShinySangerContigServer.R","SangerContigServer",1043,21,1048,65,21,65,8339,8344,0
"R/ShinySangerContigServer.R","SangerContigServer",1049,21,1051,61,21,61,8345,8347,0
"R/ShinySangerContigServer.R","SangerContigServer",1052,21,1054,58,21,58,8348,8350,0
"R/ShinySangerContigServer.R","SangerContigServer",1055,21,1057,60,21,60,8351,8353,0
"R/ShinySangerContigServer.R","SangerContigServer",1058,21,1060,57,21,57,8354,8356,0
"R/ShinySangerContigServer.R","SangerContigServer",1061,28,1061,54,28,54,1061,1061,0
"R/ShinySangerContigServer.R","SangerContigServer",1065,21,1070,65,21,65,8361,8366,0
"R/ShinySangerContigServer.R","SangerContigServer",1071,21,1073,61,21,61,8367,8369,0
"R/ShinySangerContigServer.R","SangerContigServer",1074,21,1076,58,21,58,8370,8372,0
"R/ShinySangerContigServer.R","SangerContigServer",1077,21,1079,60,21,60,8373,8375,0
"R/ShinySangerContigServer.R","SangerContigServer",1080,21,1082,57,21,57,8376,8378,0
"R/ShinySangerContigServer.R","SangerContigServer",1085,17,1085,43,17,43,1085,1085,0
"R/ShinySangerContigServer.R","SangerContigServer",1086,17,1087,66,17,66,8382,8383,0
"R/ShinySangerContigServer.R","SangerContigServer",1088,17,1089,80,17,80,8384,8385,0
"R/ShinySangerContigServer.R","SangerContigServer",1090,17,1091,78,17,78,8386,8387,0
"R/ShinySangerContigServer.R","SangerContigServer",1092,17,1093,72,17,72,8388,8389,0
"R/ShinySangerContigServer.R","SangerContigServer",1094,17,1095,74,17,74,8390,8391,0
"R/ShinySangerContigServer.R","SangerContigServer",1096,17,1097,74,17,74,8392,8393,0
"R/ShinySangerContigServer.R","SangerContigServer",1098,17,1099,88,17,88,8394,8395,0
"R/ShinySangerContigServer.R","SangerContigServer",1100,17,1101,86,17,86,8396,8397,0
"R/ShinySangerContigServer.R","SangerContigServer",1102,17,1103,70,17,70,8398,8399,0
"R/ShinySangerContigServer.R","SangerContigServer",1104,17,1106,46,17,46,8400,8402,0
"R/ShinySangerContigServer.R","SangerContigServer",1107,17,1109,53,17,53,8403,8405,0
"R/ShinySangerContigServer.R","SangerContigServer",1110,17,1112,52,17,52,8406,8408,0
"R/ShinySangerContigServer.R","SangerContigServer",1113,17,1115,49,17,49,8409,8411,0
"R/ShinySangerContigServer.R","SangerContigServer",1116,17,1118,50,17,50,8412,8414,0
"R/ShinySangerContigServer.R","SangerContigServer",1119,17,1121,50,17,50,8415,8417,0
"R/ShinySangerContigServer.R","SangerContigServer",1122,17,1124,57,17,57,8418,8420,0
"R/ShinySangerContigServer.R","SangerContigServer",1125,17,1127,56,17,56,8421,8423,0
"R/ShinySangerContigServer.R","SangerContigServer",1128,17,1130,68,17,68,8424,8426,0
"R/ShinySangerContigServer.R","SangerContigServer",1131,24,1131,50,24,50,1131,1131,0
"R/ShinySangerContigServer.R","SangerContigServer",1132,17,1133,66,17,66,8428,8429,0
"R/ShinySangerContigServer.R","SangerContigServer",1134,17,1135,80,17,80,8430,8431,0
"R/ShinySangerContigServer.R","SangerContigServer",1136,17,1137,78,17,78,8432,8433,0
"R/ShinySangerContigServer.R","SangerContigServer",1138,17,1139,72,17,72,8434,8435,0
"R/ShinySangerContigServer.R","SangerContigServer",1140,17,1141,74,17,74,8436,8437,0
"R/ShinySangerContigServer.R","SangerContigServer",1142,17,1143,74,17,74,8438,8439,0
"R/ShinySangerContigServer.R","SangerContigServer",1144,17,1145,88,17,88,8440,8441,0
"R/ShinySangerContigServer.R","SangerContigServer",1146,17,1147,86,17,86,8442,8443,0
"R/ShinySangerContigServer.R","SangerContigServer",1148,17,1149,70,17,70,8444,8445,0
"R/ShinySangerContigServer.R","SangerContigServer",1150,17,1152,46,17,46,8446,8448,0
"R/ShinySangerContigServer.R","SangerContigServer",1153,17,1155,53,17,53,8449,8451,0
"R/ShinySangerContigServer.R","SangerContigServer",1156,17,1158,52,17,52,8452,8454,0
"R/ShinySangerContigServer.R","SangerContigServer",1159,17,1161,49,17,49,8455,8457,0
"R/ShinySangerContigServer.R","SangerContigServer",1162,17,1164,50,17,50,8458,8460,0
"R/ShinySangerContigServer.R","SangerContigServer",1165,17,1167,50,17,50,8461,8463,0
"R/ShinySangerContigServer.R","SangerContigServer",1168,17,1170,57,17,57,8464,8466,0
"R/ShinySangerContigServer.R","SangerContigServer",1171,17,1173,56,17,56,8467,8469,0
"R/ShinySangerContigServer.R","SangerContigServer",1174,17,1176,68,17,68,8470,8472,0
"R/ShinySangerContigServer.R","SangerContigServer",1190,5,1191,60,5,60,8486,8487,0
"R/ShinySangerContigServer.R","SangerContigServer",1192,5,1193,64,5,64,8488,8489,0
"R/ShinySangerContigServer.R","SangerContigServer",1194,5,1195,68,5,68,8490,8491,0
"R/ShinySangerContigServer.R","SangerContigServer",1196,5,1197,68,5,68,8492,8493,0
"R/ShinySangerContigServer.R","SangerContigServer",1198,5,1199,70,5,70,8494,8495,0
"R/ShinySangerContigServer.R","SangerContigServer",1200,5,1201,62,5,62,8496,8497,0
"R/ShinySangerContigServer.R","SangerContigServer",1205,5,1213,6,5,6,8501,8509,0
"R/ShinySangerContigServer.R","SangerContigServer",1206,9,1212,9,9,9,8502,8508,0
"R/ShinySangerContigServer.R","SangerContigServer",1217,5,1249,6,5,6,8513,8545,0
"R/ShinySangerContigServer.R","SangerContigServer",1218,13,1218,46,13,46,1218,1218,0
"R/ShinySangerContigServer.R","SangerContigServer",1219,13,1227,13,13,13,8515,8523,0
"R/ShinySangerContigServer.R","SangerContigServer",1229,13,1247,13,13,13,8525,8543,0
"R/ShinySangerContigServer.R","SangerContigServer",1250,5,1261,6,5,6,8546,8557,0
"R/ShinySangerContigServer.R","SangerContigServer",1251,9,1251,77,9,77,8547,8547,0
"R/ShinySangerContigServer.R","SangerContigServer",1252,9,1252,75,9,75,8548,8548,0
"R/ShinySangerContigServer.R","SangerContigServer",1253,9,1260,9,9,9,8549,8556,0
"R/ShinySangerContigServer.R","SangerContigServer",1265,5,1281,6,5,6,8561,8577,0
"R/ShinySangerContigServer.R","SangerContigServer",1266,9,1269,59,9,59,8562,8565,0
"R/ShinySangerContigServer.R","SangerContigServer",1270,9,1271,57,9,57,8566,8567,0
"R/ShinySangerContigServer.R","SangerContigServer",1272,9,1280,9,9,9,8568,8576,0
"R/ShinySangerContigServer.R","SangerContigServer",1285,5,1292,6,5,6,8581,8588,0
"R/ShinySangerContigServer.R","SangerContigServer",1286,13,1286,62,13,62,1286,1286,0
"R/ShinySangerContigServer.R","SangerContigServer",1287,13,1288,62,13,62,8583,8584,0
"R/ShinySangerContigServer.R","SangerContigServer",1290,13,1290,46,13,46,8586,8586,0
"R/ShinySangerContigServer.R","SangerContigServer",1293,5,1295,6,5,6,8589,8591,0
"R/ShinySangerContigServer.R","SangerContigServer",1294,9,1294,38,9,38,8590,8590,0
"R/ShinySangerContigServer.R","SangerContigServer",1299,5,1302,6,5,6,8595,8598,0
"R/ShinySangerContigServer.R","SangerContigServer",1301,9,1301,69,9,69,8597,8597,0
"R/ShinySangerContigServer.R","SangerContigServer",1303,5,1305,6,5,6,8599,8601,0
"R/ShinySangerContigServer.R","SangerContigServer",1304,9,1304,40,9,40,8600,8600,0
"R/ShinySangerContigServer.R","SangerContigServer",1309,5,1316,6,5,6,8605,8612,0
"R/ShinySangerContigServer.R","SangerContigServer",1310,13,1310,63,13,63,1310,1310,0
"R/ShinySangerContigServer.R","SangerContigServer",1311,13,1312,62,13,62,8607,8608,0
"R/ShinySangerContigServer.R","SangerContigServer",1314,13,1314,48,13,48,8610,8610,0
"R/ShinySangerContigServer.R","SangerContigServer",1317,5,1323,6,5,6,8613,8619,0
"R/ShinySangerContigServer.R","SangerContigServer",1318,9,1322,33,9,33,8614,8618,0
"R/ShinySangerContigServer.R","SangerContigServer",1324,5,1331,6,5,6,8620,8627,0
"R/ShinySangerContigServer.R","SangerContigServer",1325,13,1325,63,13,63,1325,1325,0
"R/ShinySangerContigServer.R","SangerContigServer",1326,13,1327,62,13,62,8622,8623,0
"R/ShinySangerContigServer.R","SangerContigServer",1329,13,1329,47,13,47,8625,8625,0
"R/ShinySangerContigServer.R","SangerContigServer",1332,5,1334,6,5,6,8628,8630,0
"R/ShinySangerContigServer.R","SangerContigServer",1333,9,1333,39,9,39,8629,8629,0
"R/ShinySangerContigServer.R","SangerContigServer",1338,5,1346,6,5,6,8634,8642,0
"R/ShinySangerContigServer.R","SangerContigServer",1339,13,1339,57,13,57,1339,1339,0
"R/ShinySangerContigServer.R","SangerContigServer",1340,13,1341,62,13,62,8636,8637,0
"R/ShinySangerContigServer.R","SangerContigServer",1343,13,1343,41,13,41,8639,8639,0
"R/ShinySangerContigServer.R","SangerContigServer",1347,5,1349,6,5,6,8643,8645,0
"R/ShinySangerContigServer.R","SangerContigServer",1348,9,1348,33,9,33,8644,8644,0
"R/ShinySangerContigServer.R","SangerContigServer",1353,5,1360,6,5,6,8649,8656,0
"R/ShinySangerContigServer.R","SangerContigServer",1354,13,1354,61,13,61,1354,1354,0
"R/ShinySangerContigServer.R","SangerContigServer",1355,13,1356,62,13,62,8651,8652,0
"R/ShinySangerContigServer.R","SangerContigServer",1358,13,1358,45,13,45,8654,8654,0
"R/ShinySangerContigServer.R","SangerContigServer",1361,5,1363,6,5,6,8657,8659,0
"R/ShinySangerContigServer.R","SangerContigServer",1362,9,1362,37,9,37,8658,8658,0
"R/ShinySangerContigServer.R","SangerContigServer",1373,5,1381,6,5,6,8669,8677,0
"R/ShinySangerContigServer.R","SangerContigServer",1375,9,1375,58,9,58,8671,8671,0
"R/ShinySangerContigServer.R","SangerContigServer",1376,9,1376,46,9,46,8672,8672,0
"R/ShinySangerContigServer.R","SangerContigServer",1377,9,1377,43,9,43,8673,8673,0
"R/ShinySangerContigServer.R","SangerContigServer",1378,13,1378,29,13,29,1378,1378,0
"R/ShinySangerContigServer.R","SangerContigServer",1379,13,1379,60,13,60,8675,8675,0
"R/ShinySangerContigServer.R","SangerContigServer",1385,5,1393,6,5,6,8681,8689,0
"R/ShinySangerContigServer.R","SangerContigServer",1387,9,1387,58,9,58,8683,8683,0
"R/ShinySangerContigServer.R","SangerContigServer",1388,9,1388,46,9,46,8684,8684,0
"R/ShinySangerContigServer.R","SangerContigServer",1389,9,1389,43,9,43,8685,8685,0
"R/ShinySangerContigServer.R","SangerContigServer",1390,13,1390,29,13,29,1390,1390,0
"R/ShinySangerContigServer.R","SangerContigServer",1391,13,1391,62,13,62,8687,8687,0
"R/ShinySangerContigServer.R","SangerContigServer",1397,5,1411,6,5,6,8693,8707,0
"R/ShinySangerContigServer.R","SangerContigServer",1398,9,1398,58,9,58,8694,8694,0
"R/ShinySangerContigServer.R","SangerContigServer",1399,9,1399,46,9,46,8695,8695,0
"R/ShinySangerContigServer.R","SangerContigServer",1400,9,1400,43,9,43,8696,8696,0
"R/ShinySangerContigServer.R","SangerContigServer",1401,13,1401,37,13,37,1401,1401,0
"R/ShinySangerContigServer.R","SangerContigServer",1402,17,1402,43,17,43,1402,1402,0
"R/ShinySangerContigServer.R","SangerContigServer",1403,17,1404,52,17,52,8699,8700,0
"R/ShinySangerContigServer.R","SangerContigServer",1405,24,1405,50,24,50,1405,1405,0
"R/ShinySangerContigServer.R","SangerContigServer",1406,17,1407,52,17,52,8702,8703,0
"R/ShinySangerContigServer.R","SangerContigServer",1409,13,1409,44,13,44,8705,8705,0
"R/ShinySangerContigServer.R","SangerContigServer",1415,5,1423,6,5,6,8711,8719,0
"R/ShinySangerContigServer.R","SangerContigServer",1417,9,1417,58,9,58,8713,8713,0
"R/ShinySangerContigServer.R","SangerContigServer",1418,9,1418,46,9,46,8714,8714,0
"R/ShinySangerContigServer.R","SangerContigServer",1419,9,1419,43,9,43,8715,8715,0
"R/ShinySangerContigServer.R","SangerContigServer",1420,13,1420,37,13,37,1420,1420,0
"R/ShinySangerContigServer.R","SangerContigServer",1421,13,1421,46,13,46,8717,8717,0
"R/ShinySangerContigServer.R","SangerContigServer",1427,5,1435,6,5,6,8723,8731,0
"R/ShinySangerContigServer.R","SangerContigServer",1429,9,1429,58,9,58,8725,8725,0
"R/ShinySangerContigServer.R","SangerContigServer",1430,9,1430,46,9,46,8726,8726,0
"R/ShinySangerContigServer.R","SangerContigServer",1431,9,1431,43,9,43,8727,8727,0
"R/ShinySangerContigServer.R","SangerContigServer",1432,13,1432,37,13,37,1432,1432,0
"R/ShinySangerContigServer.R","SangerContigServer",1433,13,1433,46,13,46,8729,8729,0
"R/ShinySangerContigServer.R","SangerContigServer",1439,5,1447,6,5,6,8735,8743,0
"R/ShinySangerContigServer.R","SangerContigServer",1441,9,1441,58,9,58,8737,8737,0
"R/ShinySangerContigServer.R","SangerContigServer",1442,9,1442,46,9,46,8738,8738,0
"R/ShinySangerContigServer.R","SangerContigServer",1443,9,1443,43,9,43,8739,8739,0
"R/ShinySangerContigServer.R","SangerContigServer",1444,13,1444,37,13,37,1444,1444,0
"R/ShinySangerContigServer.R","SangerContigServer",1445,13,1445,46,13,46,8741,8741,0
"R/ShinySangerContigServer.R","SangerContigServer",1451,5,1460,6,5,6,8747,8756,0
"R/ShinySangerContigServer.R","SangerContigServer",1453,9,1453,58,9,58,8749,8749,0
"R/ShinySangerContigServer.R","SangerContigServer",1454,9,1454,46,9,46,8750,8750,0
"R/ShinySangerContigServer.R","SangerContigServer",1455,9,1455,43,9,43,8751,8751,0
"R/ShinySangerContigServer.R","SangerContigServer",1456,13,1456,29,13,29,1456,1456,0
"R/ShinySangerContigServer.R","SangerContigServer",1457,13,1458,78,13,78,8753,8754,0
"R/ShinySangerContigServer.R","SangerContigServer",1464,5,1473,6,5,6,8760,8769,0
"R/ShinySangerContigServer.R","SangerContigServer",1466,9,1466,58,9,58,8762,8762,0
"R/ShinySangerContigServer.R","SangerContigServer",1467,9,1467,46,9,46,8763,8763,0
"R/ShinySangerContigServer.R","SangerContigServer",1468,9,1468,43,9,43,8764,8764,0
"R/ShinySangerContigServer.R","SangerContigServer",1469,13,1469,29,13,29,1469,1469,0
"R/ShinySangerContigServer.R","SangerContigServer",1470,13,1471,77,13,77,8766,8767,0
"R/ShinySangerContigServer.R","SangerContigServer",1477,5,1495,6,5,6,8773,8791,0
"R/ShinySangerContigServer.R","SangerContigServer",1478,9,1478,58,9,58,8774,8774,0
"R/ShinySangerContigServer.R","SangerContigServer",1479,9,1479,46,9,46,8775,8775,0
"R/ShinySangerContigServer.R","SangerContigServer",1480,9,1480,43,9,43,8776,8776,0
"R/ShinySangerContigServer.R","SangerContigServer",1481,13,1481,29,13,29,1481,1481,0
"R/ShinySangerContigServer.R","SangerContigServer",1482,17,1482,43,17,43,1482,1482,0
"R/ShinySangerContigServer.R","SangerContigServer",1483,17,1486,60,17,60,8779,8782,0
"R/ShinySangerContigServer.R","SangerContigServer",1487,24,1487,50,24,50,1487,1487,0
"R/ShinySangerContigServer.R","SangerContigServer",1488,17,1491,60,17,60,8784,8787,0
"R/ShinySangerContigServer.R","SangerContigServer",1493,13,1493,44,13,44,8789,8789,0
"R/ShinySangerContigServer.R","SangerContigServer",1502,5,1519,6,5,6,8798,8815,0
"R/ShinySangerContigServer.R","SangerContigServer",1503,9,1503,58,9,58,8799,8799,0
"R/ShinySangerContigServer.R","SangerContigServer",1504,9,1504,46,9,46,8800,8800,0
"R/ShinySangerContigServer.R","SangerContigServer",1505,9,1505,43,9,43,8801,8801,0
"R/ShinySangerContigServer.R","SangerContigServer",1506,13,1506,37,13,37,1506,1506,0
"R/ShinySangerContigServer.R","SangerContigServer",1507,17,1508,52,17,52,1507,1508,0
"R/ShinySangerContigServer.R","SangerContigServer",1509,17,1511,50,17,50,8805,8807,0
"R/ShinySangerContigServer.R","SangerContigServer",1512,24,1513,59,24,59,1512,1513,0
"R/ShinySangerContigServer.R","SangerContigServer",1514,17,1516,64,17,64,8810,8812,0
"R/ShinySangerContigServer.R","SangerContigServer",1520,5,1578,6,5,6,8816,8874,0
"R/ShinySangerContigServer.R","SangerContigServer",1521,9,1521,58,9,58,8817,8817,0
"R/ShinySangerContigServer.R","SangerContigServer",1522,9,1522,46,9,46,8818,8818,0
"R/ShinySangerContigServer.R","SangerContigServer",1523,9,1523,43,9,43,8819,8819,0
"R/ShinySangerContigServer.R","SangerContigServer",1524,13,1524,37,13,37,1524,1524,0
"R/ShinySangerContigServer.R","SangerContigServer",1526,17,1526,43,17,43,1526,1526,0
"R/ShinySangerContigServer.R","SangerContigServer",1527,17,1527,67,17,67,8823,8823,0
"R/ShinySangerContigServer.R","SangerContigServer",1528,24,1528,50,24,50,1528,1528,0
"R/ShinySangerContigServer.R","SangerContigServer",1529,17,1529,67,17,67,8825,8825,0
"R/ShinySangerContigServer.R","SangerContigServer",1531,17,1531,85,17,85,1531,1531,0
"R/ShinySangerContigServer.R","SangerContigServer",1532,21,1532,92,21,92,1532,1532,0
"R/ShinySangerContigServer.R","SangerContigServer",1533,21,1533,95,21,95,8829,8829,0
"R/ShinySangerContigServer.R","SangerContigServer",1535,17,1546,17,17,17,8831,8842,0
"R/ShinySangerContigServer.R","SangerContigServer",1547,24,1547,92,24,92,1547,1547,0
"R/ShinySangerContigServer.R","SangerContigServer",1548,21,1548,96,21,96,1548,1548,0
"R/ShinySangerContigServer.R","SangerContigServer",1549,21,1549,95,21,95,8845,8845,0
"R/ShinySangerContigServer.R","SangerContigServer",1551,21,1551,96,21,96,1551,1551,0
"R/ShinySangerContigServer.R","SangerContigServer",1552,21,1552,94,21,94,8848,8848,0
"R/ShinySangerContigServer.R","SangerContigServer",1554,17,1575,17,17,17,8850,8871,0
"R/ShinySangerContigServer.R","SangerContigServer",1582,5,1582,53,5,53,8878,8878,0
"R/ShinySangerContigServer.R","SangerContigServer",1583,5,1583,57,5,57,8879,8879,0
"R/ShinySangerContigServer.R","SangerContigServer",1584,5,1584,56,5,56,8880,8880,0
"R/ShinySangerContigServer.R","SangerContigServer",1586,5,1586,60,5,60,8882,8882,0
"R/ShinySangerContigServer.R","SangerContigServer",1587,5,1587,67,5,67,8883,8883,0
"R/ShinySangerContigServer.R","SangerContigServer",1588,5,1588,66,5,66,8884,8884,0
"R/ShinySangerContigServer.R","SangerContigServer",1589,5,1589,63,5,63,8885,8885,0
"R/ShinySangerContigServer.R","SangerContigServer",1590,5,1590,64,5,64,8886,8886,0
"R/ShinySangerContigServer.R","SangerContigServer",1591,5,1591,64,5,64,8887,8887,0
"R/ShinySangerContigServer.R","SangerContigServer",1592,5,1592,71,5,71,8888,8888,0
"R/ShinySangerContigServer.R","SangerContigServer",1593,5,1593,70,5,70,8889,8889,0
"R/ShinySangerContigServer.R","SangerContigServer",1594,5,1594,62,5,62,8890,8890,0
"R/ShinySangerContigServer.R","SangerContigServer",1596,5,1613,6,5,6,8892,8909,0
"R/ShinySangerContigServer.R","SangerContigServer",1597,9,1597,58,9,58,8893,8893,0
"R/ShinySangerContigServer.R","SangerContigServer",1598,9,1598,46,9,46,8894,8894,0
"R/ShinySangerContigServer.R","SangerContigServer",1599,9,1599,43,9,43,8895,8895,0
"R/ShinySangerContigServer.R","SangerContigServer",1600,13,1600,37,13,37,1600,1600,0
"R/ShinySangerContigServer.R","SangerContigServer",1601,17,1601,43,17,43,1601,1601,0
"R/ShinySangerContigServer.R","SangerContigServer",1602,17,1604,52,17,52,8898,8900,0
"R/ShinySangerContigServer.R","SangerContigServer",1605,24,1605,50,24,50,1605,1605,0
"R/ShinySangerContigServer.R","SangerContigServer",1606,17,1608,52,17,52,8902,8904,0
"R/ShinySangerContigServer.R","SangerContigServer",1610,13,1611,72,13,72,8906,8907,0
"R/ShinySangerContigServer.R","SangerContigServer",1615,5,1615,68,5,68,8911,8911,0
"R/ShinySangerContigServer.R","SangerContigServer",1616,5,1616,69,5,69,8912,8912,0
"R/ShinySangerContigServer.R","SangerContigServer",1620,5,1651,6,5,6,8916,8947,0
"R/ShinySangerContigServer.R","SangerContigServer",1622,9,1622,58,9,58,8918,8918,0
"R/ShinySangerContigServer.R","SangerContigServer",1623,9,1623,46,9,46,8919,8919,0
"R/ShinySangerContigServer.R","SangerContigServer",1624,9,1624,43,9,43,8920,8920,0
"R/ShinySangerContigServer.R","SangerContigServer",1625,9,1625,39,9,39,8921,8921,0
"R/ShinySangerContigServer.R","SangerContigServer",1626,13,1626,37,13,37,1626,1626,0
"R/ShinySangerContigServer.R","SangerContigServer",1627,17,1627,43,17,43,1627,1627,0
"R/ShinySangerContigServer.R","SangerContigServer",1628,17,1636,63,17,63,8924,8932,0
"R/ShinySangerContigServer.R","SangerContigServer",1638,24,1638,50,24,50,1638,1638,0
"R/ShinySangerContigServer.R","SangerContigServer",1639,17,1647,63,17,63,8935,8943,0
"R/ShinySangerContigServer.R","SangerContigServer",1649,13,1649,70,13,70,8945,8945,0
"R/ShinySangerContigServer.R","SangerContigServer",1653,5,1836,6,5,6,8949,9132,0
"R/ShinySangerContigServer.R","SangerContigServer",1655,9,1655,47,9,47,8951,8951,0
"R/ShinySangerContigServer.R","SangerContigServer",1656,9,1656,49,9,49,8952,8952,0
"R/ShinySangerContigServer.R","SangerContigServer",1657,9,1657,50,9,50,8953,8953,0
"R/ShinySangerContigServer.R","SangerContigServer",1658,9,1658,52,9,52,8954,8954,0
"R/ShinySangerContigServer.R","SangerContigServer",1659,9,1659,57,9,57,8955,8955,0
"R/ShinySangerContigServer.R","SangerContigServer",1660,9,1660,56,9,56,8956,8956,0
"R/ShinySangerContigServer.R","SangerContigServer",1661,9,1661,48,9,48,8957,8957,0
"R/ShinySangerContigServer.R","SangerContigServer",1662,9,1662,52,9,52,8958,8958,0
"R/ShinySangerContigServer.R","SangerContigServer",1663,9,1663,51,9,51,8959,8959,0
"R/ShinySangerContigServer.R","SangerContigServer",1664,9,1664,58,9,58,8960,8960,0
"R/ShinySangerContigServer.R","SangerContigServer",1665,9,1665,46,9,46,8961,8961,0
"R/ShinySangerContigServer.R","SangerContigServer",1666,9,1666,43,9,43,8962,8962,0
"R/ShinySangerContigServer.R","SangerContigServer",1667,13,1667,37,13,37,1667,1667,0
"R/ShinySangerContigServer.R","SangerContigServer",1668,13,1668,55,13,55,8964,8964,0
"R/ShinySangerContigServer.R","SangerContigServer",1669,13,1704,66,13,66,8965,9000,0
"R/ShinySangerContigServer.R","SangerContigServer",1705,17,1705,43,17,43,1705,1705,0
"R/ShinySangerContigServer.R","SangerContigServer",1706,17,1708,46,17,46,9002,9004,0
"R/ShinySangerContigServer.R","SangerContigServer",1709,17,1709,86,17,86,9005,9005,0
"R/ShinySangerContigServer.R","SangerContigServer",1713,17,1716,80,17,80,9009,9012,0
"R/ShinySangerContigServer.R","SangerContigServer",1720,17,1721,42,17,42,9016,9017,0
"R/ShinySangerContigServer.R","SangerContigServer",1722,17,1723,42,17,42,9018,9019,0
"R/ShinySangerContigServer.R","SangerContigServer",1724,17,1725,39,17,39,9020,9021,0
"R/ShinySangerContigServer.R","SangerContigServer",1726,17,1727,41,17,41,9022,9023,0
"R/ShinySangerContigServer.R","SangerContigServer",1731,17,1734,72,17,72,9027,9030,0
"R/ShinySangerContigServer.R","SangerContigServer",1735,17,1736,51,17,51,9031,9032,0
"R/ShinySangerContigServer.R","SangerContigServer",1737,17,1738,51,17,51,9033,9034,0
"R/ShinySangerContigServer.R","SangerContigServer",1739,17,1740,51,17,51,9035,9036,0
"R/ShinySangerContigServer.R","SangerContigServer",1744,17,1746,47,17,47,9040,9042,0
"R/ShinySangerContigServer.R","SangerContigServer",1747,17,1749,49,17,49,9043,9045,0
"R/ShinySangerContigServer.R","SangerContigServer",1750,17,1752,37,17,37,9046,9048,0
"R/ShinySangerContigServer.R","SangerContigServer",1753,17,1755,37,17,37,9049,9051,0
"R/ShinySangerContigServer.R","SangerContigServer",1756,17,1758,37,17,37,9052,9054,0
"R/ShinySangerContigServer.R","SangerContigServer",1759,24,1759,50,24,50,1759,1759,0
"R/ShinySangerContigServer.R","SangerContigServer",1760,17,1762,46,17,46,9056,9058,0
"R/ShinySangerContigServer.R","SangerContigServer",1763,17,1763,86,17,86,9059,9059,0
"R/ShinySangerContigServer.R","SangerContigServer",1767,17,1770,80,17,80,9063,9066,0
"R/ShinySangerContigServer.R","SangerContigServer",1774,17,1775,42,17,42,9070,9071,0
"R/ShinySangerContigServer.R","SangerContigServer",1776,17,1777,42,17,42,9072,9073,0
"R/ShinySangerContigServer.R","SangerContigServer",1778,17,1779,39,17,39,9074,9075,0
"R/ShinySangerContigServer.R","SangerContigServer",1780,17,1781,41,17,41,9076,9077,0
"R/ShinySangerContigServer.R","SangerContigServer",1785,17,1788,72,17,72,9081,9084,0
"R/ShinySangerContigServer.R","SangerContigServer",1789,17,1790,51,17,51,9085,9086,0
"R/ShinySangerContigServer.R","SangerContigServer",1791,17,1792,51,17,51,9087,9088,0
"R/ShinySangerContigServer.R","SangerContigServer",1793,17,1794,51,17,51,9089,9090,0
"R/ShinySangerContigServer.R","SangerContigServer",1798,17,1800,47,17,47,9094,9096,0
"R/ShinySangerContigServer.R","SangerContigServer",1801,17,1803,49,17,49,9097,9099,0
"R/ShinySangerContigServer.R","SangerContigServer",1804,17,1806,37,17,37,9100,9102,0
"R/ShinySangerContigServer.R","SangerContigServer",1807,17,1809,37,17,37,9103,9105,0
"R/ShinySangerContigServer.R","SangerContigServer",1810,17,1812,37,17,37,9106,9108,0
"R/ShinySangerContigServer.R","SangerContigServer",1816,13,1824,61,13,61,9112,9120,0
"R/ShinySangerContigServer.R","SangerContigServer",1825,13,1825,63,13,63,9121,9121,0
"R/ShinySangerContigServer.R","SangerContigServer",1826,13,1826,53,13,53,9122,9122,0
"R/ShinySangerContigServer.R","SangerContigServer",1827,13,1827,55,13,55,9123,9123,0
"R/ShinySangerContigServer.R","SangerContigServer",1828,13,1828,60,13,60,9124,9124,0
"R/ShinySangerContigServer.R","SangerContigServer",1829,13,1829,59,13,59,9125,9125,0
"R/ShinySangerContigServer.R","SangerContigServer",1830,13,1830,51,13,51,9126,9126,0
"R/ShinySangerContigServer.R","SangerContigServer",1831,13,1831,55,13,55,9127,9127,0
"R/ShinySangerContigServer.R","SangerContigServer",1832,13,1832,54,13,54,9128,9128,0
"R/ShinySangerContigServer.R","SangerContigServer",1833,13,1833,50,13,50,9129,9129,0
"R/ShinySangerContigServer.R","SangerContigServer",1834,13,1834,52,13,52,9130,9130,0
"R/ShinyServerModule.R","dynamicMenuSideBarSC",7,5,32,6,5,6,9300,9325,0
"R/ShinyServerModule.R","dynamicMenuSideBarSC",8,9,12,10,9,10,9301,9305,0
"R/ShinyServerModule.R","dynamicMenuSideBarSC",9,13,11,81,13,81,9302,9304,0
"R/ShinyServerModule.R","dynamicMenuSideBarSC",13,9,17,10,9,10,9306,9310,0
"R/ShinyServerModule.R","dynamicMenuSideBarSC",14,13,16,81,13,81,9307,9309,0
"R/ShinyServerModule.R","dynamicMenuSideBarSC",18,9,23,71,9,71,9311,9316,0
"R/ShinyServerModule.R","dynamicMenuSideBarSC",25,9,30,71,9,71,9318,9323,0
"R/ShinyServerModule.R","dynamicMenuSideBarSC",31,9,31,57,9,57,9324,9324,0
"R/ShinyServerModule.R","dynamicMenuSideBarSC",34,5,35,55,5,55,9327,9328,0
"R/ShinyServerModule.R","dynamicMenuSideBarSC",34,14,35,53,14,53,9327,9328,0
"R/ShinyServerModule.R","dynamicMenuSideBarSA",39,5,93,6,5,6,9332,9386,0
"R/ShinyServerModule.R","dynamicMenuSideBarSA",40,9,40,51,9,51,9333,9333,0
"R/ShinyServerModule.R","dynamicMenuSideBarSA",41,9,91,10,9,10,9334,9384,0
"R/ShinyServerModule.R","dynamicMenuSideBarSA",42,13,42,70,13,70,9335,9335,0
"R/ShinyServerModule.R","dynamicMenuSideBarSA",43,13,43,70,13,70,9336,9336,0
"R/ShinyServerModule.R","dynamicMenuSideBarSA",45,13,45,78,13,78,9338,9338,0
"R/ShinyServerModule.R","dynamicMenuSideBarSA",46,13,46,78,13,78,9339,9339,0
"R/ShinyServerModule.R","dynamicMenuSideBarSA",47,13,53,14,13,14,9340,9346,0
"R/ShinyServerModule.R","dynamicMenuSideBarSA",48,17,52,55,17,55,9341,9345,0
"R/ShinyServerModule.R","dynamicMenuSideBarSA",54,13,60,14,13,14,9347,9353,0
"R/ShinyServerModule.R","dynamicMenuSideBarSA",55,17,59,55,17,55,9348,9352,0
"R/ShinyServerModule.R","dynamicMenuSideBarSA",61,13,68,75,13,75,9354,9361,0
"R/ShinyServerModule.R","dynamicMenuSideBarSA",70,13,78,49,13,49,9363,9371,0
"R/ShinyServerModule.R","dynamicMenuSideBarSA",79,13,79,63,13,63,9372,9372,0
"R/ShinyServerModule.R","dynamicMenuSideBarSA",81,13,84,57,13,57,9374,9377,0
"R/ShinyServerModule.R","dynamicMenuSideBarSA",85,13,85,44,13,44,9378,9378,0
"R/ShinyServerModule.R","dynamicMenuSideBarSA",86,13,90,47,13,47,9379,9383,0
"R/ShinyServerModule.R","dynamicMenuSideBarSA",92,9,92,38,9,38,9385,9385,0
"R/ShinyServerModule.R","dynamicMenuSideBarSA",95,5,96,66,5,66,9388,9389,0
"R/ShinyServerModule.R","dynamicMenuSideBarSA",95,14,96,64,14,64,9388,9389,0
"R/ShinyServerModule.R","observeEventDynamicHeaderSC",103,5,108,6,5,6,9396,9401,0
"R/ShinyServerModule.R","observeEventDynamicHeaderSC",104,9,104,66,9,66,9397,9397,0
"R/ShinyServerModule.R","observeEventDynamicHeaderSC",105,9,105,40,9,40,9398,9398,0
"R/ShinyServerModule.R","observeEventDynamicHeaderSC",106,9,106,37,9,37,9399,9399,0
"R/ShinyServerModule.R","observeEventDynamicHeaderSC",107,9,107,58,9,58,9400,9400,0
"R/ShinyServerModule.R","valueBoxSAMinFractionCallSA",146,5,157,6,5,6,9439,9450,0
"R/ShinyServerModule.R","valueBoxSAMinFractionCallSA",147,9,156,9,9,9,9440,9449,0
"R/ShinyServerModule.R","valueBoxSAMaxFractionLostSA",161,5,172,6,5,6,9454,9465,0
"R/ShinyServerModule.R","valueBoxSAMaxFractionLostSA",162,9,171,9,9,9,9455,9464,0
"R/ShinyServerModule.R","valueBoxSAMinReadsNum",176,5,192,6,5,6,9469,9485,0
"R/ShinyServerModule.R","valueBoxSAMinReadsNum",177,9,177,58,9,58,9470,9470,0
"R/ShinyServerModule.R","valueBoxSAMinReadsNum",178,9,178,48,9,48,9471,9471,0
"R/ShinyServerModule.R","valueBoxSAMinReadsNum",179,13,179,31,13,31,179,179,0
"R/ShinyServerModule.R","valueBoxSAMinReadsNum",180,13,180,85,13,85,9473,9473,0
"R/ShinyServerModule.R","valueBoxSAMinReadsNum",181,13,190,13,13,13,9474,9483,0
"R/ShinyServerModule.R","valueBoxSAMinReadLength",195,5,211,6,5,6,9488,9504,0
"R/ShinyServerModule.R","valueBoxSAMinReadLength",196,9,196,58,9,58,9489,9489,0
"R/ShinyServerModule.R","valueBoxSAMinReadLength",197,9,197,48,9,48,9490,9490,0
"R/ShinyServerModule.R","valueBoxSAMinReadLength",198,13,198,31,13,31,198,198,0
"R/ShinyServerModule.R","valueBoxSAMinReadLength",199,13,199,89,13,89,9492,9492,0
"R/ShinyServerModule.R","valueBoxSAMinReadLength",200,13,209,13,13,13,9493,9502,0
"R/ShinyServerModule.R","valueBoxSAMinFractionCall",214,5,230,6,5,6,9507,9523,0
"R/ShinyServerModule.R","valueBoxSAMinFractionCall",215,9,215,58,9,58,9508,9508,0
"R/ShinyServerModule.R","valueBoxSAMinFractionCall",216,9,216,48,9,48,9509,9509,0
"R/ShinyServerModule.R","valueBoxSAMinFractionCall",217,13,217,31,13,31,217,217,0
"R/ShinyServerModule.R","valueBoxSAMinFractionCall",218,13,218,93,13,93,9511,9511,0
"R/ShinyServerModule.R","valueBoxSAMinFractionCall",219,13,228,13,13,13,9512,9521,0
"R/ShinyServerModule.R","valueBoxSAMaxFractionLost",233,5,249,6,5,6,9526,9542,0
"R/ShinyServerModule.R","valueBoxSAMaxFractionLost",234,9,234,58,9,58,9527,9527,0
"R/ShinyServerModule.R","valueBoxSAMaxFractionLost",235,9,235,48,9,48,9528,9528,0
"R/ShinyServerModule.R","valueBoxSAMaxFractionLost",236,13,236,31,13,31,236,236,0
"R/ShinyServerModule.R","valueBoxSAMaxFractionLost",237,13,237,93,13,93,9530,9530,0
"R/ShinyServerModule.R","valueBoxSAMaxFractionLost",238,13,247,13,13,13,9531,9540,0
"R/ShinyServerModule.R","valueBoxSAAcceptStopCodons",252,5,268,6,5,6,9545,9561,0
"R/ShinyServerModule.R","valueBoxSAAcceptStopCodons",253,9,253,58,9,58,9546,9546,0
"R/ShinyServerModule.R","valueBoxSAAcceptStopCodons",254,9,254,48,9,48,9547,9547,0
"R/ShinyServerModule.R","valueBoxSAAcceptStopCodons",255,13,255,31,13,31,255,255,0
"R/ShinyServerModule.R","valueBoxSAAcceptStopCodons",256,13,256,95,13,95,9549,9549,0
"R/ShinyServerModule.R","valueBoxSAAcceptStopCodons",257,13,266,13,13,13,9550,9559,0
"R/ShinyServerModule.R","valueBoxSAReadingFrame",271,5,289,6,5,6,9564,9582,0
"R/ShinyServerModule.R","valueBoxSAReadingFrame",272,9,272,58,9,58,9565,9565,0
"R/ShinyServerModule.R","valueBoxSAReadingFrame",273,9,273,48,9,48,9566,9566,0
"R/ShinyServerModule.R","valueBoxSAReadingFrame",274,13,274,31,13,31,274,274,0
"R/ShinyServerModule.R","valueBoxSAReadingFrame",275,13,277,54,13,54,9568,9570,0
"R/ShinyServerModule.R","valueBoxSAReadingFrame",278,13,287,13,13,13,9571,9580,0
"R/ShinyServerModule.R","valueBoxSCMinReadsNum",296,5,307,6,5,6,9589,9600,0
"R/ShinyServerModule.R","valueBoxSCMinReadsNum",297,9,306,9,9,9,9590,9599,0
"R/ShinyServerModule.R","valueBoxSCMinReadLength",310,5,321,6,5,6,9603,9614,0
"R/ShinyServerModule.R","valueBoxSCMinReadLength",311,9,320,9,9,9,9604,9613,0
"R/ShinyServerModule.R","valueBoxSCMinFractionCall",325,5,336,6,5,6,9618,9629,0
"R/ShinyServerModule.R","valueBoxSCMinFractionCall",326,9,335,9,9,9,9619,9628,0
"R/ShinyServerModule.R","valueBoxSCMaxFractionLost",340,5,351,6,5,6,9633,9644,0
"R/ShinyServerModule.R","valueBoxSCMaxFractionLost",341,9,350,9,9,9,9634,9643,0
"R/ShinyServerModule.R","valueBoxSCAcceptStopCodons",355,5,366,6,5,6,9648,9659,0
"R/ShinyServerModule.R","valueBoxSCAcceptStopCodons",356,9,365,9,9,9,9649,9658,0
"R/ShinyServerModule.R","valueBoxSCReadingFrame",369,5,380,6,5,6,9662,9673,0
"R/ShinyServerModule.R","valueBoxSCReadingFrame",370,9,379,9,9,9,9663,9672,0
"R/ShinyServerModule.R","valueBoxM1TrimmingCutoff",387,5,409,6,5,6,9680,9702,0
"R/ShinyServerModule.R","valueBoxM1TrimmingCutoff",388,9,388,58,9,58,9681,9681,0
"R/ShinyServerModule.R","valueBoxM1TrimmingCutoff",389,9,389,46,9,46,9682,9682,0
"R/ShinyServerModule.R","valueBoxM1TrimmingCutoff",390,13,390,37,13,37,390,390,0
"R/ShinyServerModule.R","valueBoxM1TrimmingCutoff",391,17,393,59,17,59,391,393,0
"R/ShinyServerModule.R","valueBoxM1TrimmingCutoff",394,17,394,71,17,71,9687,9687,0
"R/ShinyServerModule.R","valueBoxM1TrimmingCutoff",396,17,396,51,17,51,9689,9689,0
"R/ShinyServerModule.R","valueBoxM1TrimmingCutoff",398,13,407,13,13,13,9691,9700,0
"R/ShinyServerModule.R","valueBoxM2CutoffQualityScore",412,5,435,6,5,6,9705,9728,0
"R/ShinyServerModule.R","valueBoxM2CutoffQualityScore",413,9,413,58,9,58,9706,9706,0
"R/ShinyServerModule.R","valueBoxM2CutoffQualityScore",414,9,414,46,9,46,9707,9707,0
"R/ShinyServerModule.R","valueBoxM2CutoffQualityScore",415,13,415,37,13,37,415,415,0
"R/ShinyServerModule.R","valueBoxM2CutoffQualityScore",416,17,419,63,17,63,416,419,0
"R/ShinyServerModule.R","valueBoxM2CutoffQualityScore",420,17,420,79,17,79,9713,9713,0
"R/ShinyServerModule.R","valueBoxM2CutoffQualityScore",422,17,422,51,17,51,9715,9715,0
"R/ShinyServerModule.R","valueBoxM2CutoffQualityScore",424,13,433,13,13,13,9717,9726,0
"R/ShinyServerModule.R","valueBoxM2SlidingWindowSize",438,5,461,6,5,6,9731,9754,0
"R/ShinyServerModule.R","valueBoxM2SlidingWindowSize",439,9,439,58,9,58,9732,9732,0
"R/ShinyServerModule.R","valueBoxM2SlidingWindowSize",440,9,440,46,9,46,9733,9733,0
"R/ShinyServerModule.R","valueBoxM2SlidingWindowSize",441,13,441,37,13,37,441,441,0
"R/ShinyServerModule.R","valueBoxM2SlidingWindowSize",442,17,445,62,17,62,442,445,0
"R/ShinyServerModule.R","valueBoxM2SlidingWindowSize",446,17,446,77,17,77,9739,9739,0
"R/ShinyServerModule.R","valueBoxM2SlidingWindowSize",448,17,448,50,17,50,9741,9741,0
"R/ShinyServerModule.R","valueBoxM2SlidingWindowSize",450,13,459,13,13,13,9743,9752,0
"R/ShinyServerModule.R","valueBoxRawSeqLength",464,5,474,6,5,6,9757,9767,0
"R/ShinyServerModule.R","valueBoxRawSeqLength",465,9,473,9,9,9,9758,9766,0
"R/ShinyServerModule.R","valueBoxRawMeanQualityScore",477,5,487,6,5,6,9770,9780,0
"R/ShinyServerModule.R","valueBoxRawMeanQualityScore",478,9,486,9,9,9,9771,9779,0
"R/ShinyServerModule.R","valueBoxRawMinQualityScore",490,5,500,6,5,6,9783,9793,0
"R/ShinyServerModule.R","valueBoxRawMinQualityScore",491,9,499,9,9,9,9784,9792,0
"R/ShinyServerModule.R","valueBoxTrimmedStartPos",503,5,513,6,5,6,9796,9806,0
"R/ShinyServerModule.R","valueBoxTrimmedStartPos",504,9,512,9,9,9,9797,9805,0
"R/ShinyServerModule.R","valueBoxTrimmedFinishPos",516,5,526,6,5,6,9809,9819,0
"R/ShinyServerModule.R","valueBoxTrimmedFinishPos",517,9,525,9,9,9,9810,9818,0
"R/ShinyServerModule.R","valueBoxTrimmedSeqLength",529,5,539,6,5,6,9822,9832,0
"R/ShinyServerModule.R","valueBoxTrimmedSeqLength",530,9,538,9,9,9,9823,9831,0
"R/ShinyServerModule.R","valueBoxTrimmedMeanQualityScore",542,5,552,6,5,6,9835,9845,0
"R/ShinyServerModule.R","valueBoxTrimmedMeanQualityScore",543,9,551,9,9,9,9836,9844,0
"R/ShinyServerModule.R","valueBoxTrimmedMinQualityScore",555,5,565,6,5,6,9848,9858,0
"R/ShinyServerModule.R","valueBoxTrimmedMinQualityScore",556,9,564,9,9,9,9849,9857,0
"R/ShinyServerModule.R","valueBoxRemainingRatio",568,5,579,6,5,6,9861,9872,0
"R/ShinyServerModule.R","valueBoxRemainingRatio",569,9,578,9,9,9,9862,9871,0
"R/ShinyServerModule.R","valueBoxChromTrimmedStartPos",582,5,592,6,5,6,9875,9885,0
"R/ShinyServerModule.R","valueBoxChromTrimmedStartPos",583,9,591,9,9,9,9876,9884,0
"R/ShinyServerModule.R","valueBoxChromTrimmedFinishPos",595,5,605,6,5,6,9888,9898,0
"R/ShinyServerModule.R","valueBoxChromTrimmedFinishPos",596,9,604,9,9,9,9889,9897,0
"R/ShinyServerModule.R","qualityQualityBasePlotDisplay",613,5,613,53,5,53,9906,9906,0
"R/ShinyServerModule.R","qualityQualityBasePlotDisplay",614,5,614,55,5,55,9907,9907,0
"R/ShinyServerModule.R","qualityQualityBasePlotDisplay",615,5,615,40,5,40,9908,9908,0
"R/ShinyServerModule.R","qualityQualityBasePlotDisplay",616,5,617,50,5,50,9909,9910,0
"R/ShinyServerModule.R","qualityQualityBasePlotDisplay",618,5,618,50,5,50,9911,9911,0
"R/ShinyServerModule.R","qualityQualityBasePlotDisplay",619,5,622,5,5,5,9912,9915,0
"R/ShinyServerModule.R","qualityQualityBasePlotDisplay",623,5,626,5,5,5,9916,9919,0
"R/ShinyServerModule.R","qualityQualityBasePlotDisplay",627,5,628,57,5,57,9920,9921,0
"R/ShinyServerModule.R","qualityQualityBasePlotDisplay",629,5,629,5,5,5,9922,9922,0
"R/ShinyServerModule.R","primarySeqDisplay",636,9,636,27,9,27,636,636,0
"R/ShinyServerModule.R","primarySeqDisplay",637,9,637,27,9,27,9930,9930,0
"R/ShinyServerModule.R","primarySeqDisplay",638,9,638,27,9,27,9931,9931,0
"R/ShinyServerModule.R","primarySeqDisplay",639,9,639,27,9,27,9932,9932,0
"R/ShinyServerModule.R","primarySeqDisplay",640,9,640,27,9,27,9933,9933,0
"R/ShinyServerModule.R","primarySeqDisplay",641,9,641,32,9,32,9934,9934,0
"R/ShinyServerModule.R","primarySeqDisplay",642,16,642,38,16,38,642,642,0
"R/ShinyServerModule.R","primarySeqDisplay",643,9,643,57,9,57,9936,9936,0
"R/ShinyServerModule.R","primarySeqDisplay",644,9,644,57,9,57,9937,9937,0
"R/ShinyServerModule.R","primarySeqDisplay",645,9,645,55,9,55,9938,9938,0
"R/ShinyServerModule.R","primarySeqDisplay",646,9,646,54,9,54,9939,9939,0
"R/ShinyServerModule.R","primarySeqDisplay",647,9,647,63,9,63,9940,9940,0
"R/ShinyServerModule.R","primarySeqDisplay",649,9,649,27,9,27,9942,9942,0
"R/ShinyServerModule.R","primarySeqDisplay",650,9,650,27,9,27,9943,9943,0
"R/ShinyServerModule.R","primarySeqDisplay",651,9,651,27,9,27,9944,9944,0
"R/ShinyServerModule.R","primarySeqDisplay",652,9,652,27,9,27,9945,9945,0
"R/ShinyServerModule.R","primarySeqDisplay",653,9,653,33,9,33,9946,9946,0
"R/ShinyServerModule.R","primarySeqDisplay",655,5,656,43,5,43,9948,9949,0
"R/ShinyServerModule.R","primarySeqDisplay",657,5,658,60,5,60,9950,9951,0
"R/ShinyServerModule.R","primarySeqDisplay",659,5,659,68,5,68,9952,9952,0
"R/ShinyServerModule.R","primarySeqDisplay",660,5,660,34,5,34,9953,9953,0
"R/ShinyServerModule.R","primarySeqDisplay",661,5,661,62,5,62,9954,9954,0
"R/ShinyServerModule.R","primarySeqDisplay",662,5,662,62,5,62,9955,9955,0
"R/ShinyServerModule.R","primarySeqDisplay",663,5,663,62,5,62,9956,9956,0
"R/ShinyServerModule.R","primarySeqDisplay",664,5,664,62,5,62,9957,9957,0
"R/ShinyServerModule.R","primarySeqDisplay",665,5,665,66,5,66,9958,9958,0
"R/ShinyServerModule.R","primarySeqDisplay",666,5,673,5,5,5,9959,9966,0
"R/ShinyServerModule.R","secondarySeqDisplay",676,9,676,27,9,27,676,676,0
"R/ShinyServerModule.R","secondarySeqDisplay",677,9,677,27,9,27,9970,9970,0
"R/ShinyServerModule.R","secondarySeqDisplay",678,9,678,27,9,27,9971,9971,0
"R/ShinyServerModule.R","secondarySeqDisplay",679,9,679,27,9,27,9972,9972,0
"R/ShinyServerModule.R","secondarySeqDisplay",680,9,680,27,9,27,9973,9973,0
"R/ShinyServerModule.R","secondarySeqDisplay",681,9,681,32,9,32,9974,9974,0
"R/ShinyServerModule.R","secondarySeqDisplay",682,16,682,38,16,38,682,682,0
"R/ShinyServerModule.R","secondarySeqDisplay",683,9,683,57,9,57,9976,9976,0
"R/ShinyServerModule.R","secondarySeqDisplay",684,9,684,57,9,57,9977,9977,0
"R/ShinyServerModule.R","secondarySeqDisplay",685,9,685,55,9,55,9978,9978,0
"R/ShinyServerModule.R","secondarySeqDisplay",686,9,686,54,9,54,9979,9979,0
"R/ShinyServerModule.R","secondarySeqDisplay",687,9,687,63,9,63,9980,9980,0
"R/ShinyServerModule.R","secondarySeqDisplay",689,9,689,27,9,27,9982,9982,0
"R/ShinyServerModule.R","secondarySeqDisplay",690,9,690,27,9,27,9983,9983,0
"R/ShinyServerModule.R","secondarySeqDisplay",691,9,691,27,9,27,9984,9984,0
"R/ShinyServerModule.R","secondarySeqDisplay",692,9,692,27,9,27,9985,9985,0
"R/ShinyServerModule.R","secondarySeqDisplay",693,9,693,33,9,33,9986,9986,0
"R/ShinyServerModule.R","secondarySeqDisplay",695,5,696,45,5,45,9988,9989,0
"R/ShinyServerModule.R","secondarySeqDisplay",697,5,698,62,5,62,9990,9991,0
"R/ShinyServerModule.R","secondarySeqDisplay",699,5,699,72,5,72,9992,9992,0
"R/ShinyServerModule.R","secondarySeqDisplay",700,5,700,36,5,36,9993,9993,0
"R/ShinyServerModule.R","secondarySeqDisplay",701,5,701,64,5,64,9994,9994,0
"R/ShinyServerModule.R","secondarySeqDisplay",702,5,702,64,5,64,9995,9995,0
"R/ShinyServerModule.R","secondarySeqDisplay",703,5,703,64,5,64,9996,9996,0
"R/ShinyServerModule.R","secondarySeqDisplay",704,5,704,64,5,64,9997,9997,0
"R/ShinyServerModule.R","secondarySeqDisplay",705,5,705,66,5,66,9998,9998,0
"R/ShinyServerModule.R","secondarySeqDisplay",706,5,713,5,5,5,9999,10006,0
"R/ShinyServerModule.R","qualityScoreDisplay",716,5,717,60,5,60,10009,10010,0
"R/ShinyServerModule.R","qualityScoreDisplay",718,5,718,68,5,68,10011,10011,0
"R/ShinyServerModule.R","qualityScoreDisplay",719,5,719,34,5,34,10012,10012,0
"R/ShinyServerModule.R","qualityScoreDisplay",720,5,720,57,5,57,10013,10013,0
"R/ShinyServerModule.R","qualityScoreDisplay",721,5,721,42,5,42,10014,10014,0
"R/ShinyServerModule.R","qualityScoreDisplay",727,5,735,5,5,5,10020,10028,0
"R/ShinyServerModule.R","PrimAASeqS1Display",738,5,738,71,5,71,10031,10031,0
"R/ShinyServerModule.R","PrimAASeqS1Display",739,9,739,53,9,53,739,739,0
"R/ShinyServerModule.R","PrimAASeqS1Display",740,9,740,39,9,39,10033,10033,0
"R/ShinyServerModule.R","PrimAASeqS1Display",741,9,741,71,9,71,10034,10034,0
"R/ShinyServerModule.R","PrimAASeqS1Display",742,9,742,68,9,68,10035,10035,0
"R/ShinyServerModule.R","PrimAASeqS1Display",743,9,743,36,9,36,10036,10036,0
"R/ShinyServerModule.R","PrimAASeqS1Display",744,9,744,22,9,22,10037,10037,0
"R/ShinyServerModule.R","PrimAASeqS1Display",745,9,745,27,9,27,10038,10038,0
"R/ShinyServerModule.R","PrimAASeqS1Display",746,9,746,55,9,55,10039,10039,0
"R/ShinyServerModule.R","PrimAASeqS1Display",748,9,748,71,9,71,10041,10041,0
"R/ShinyServerModule.R","PrimAASeqS1Display",749,9,749,68,9,68,10042,10042,0
"R/ShinyServerModule.R","PrimAASeqS1Display",750,9,750,36,9,36,10043,10043,0
"R/ShinyServerModule.R","PrimAASeqS1Display",751,9,751,44,9,44,10044,10044,0
"R/ShinyServerModule.R","PrimAASeqS1Display",752,9,752,60,9,60,10045,10045,0
"R/ShinyServerModule.R","PrimAASeqS1Display",753,9,753,67,9,67,10046,10046,0
"R/ShinyServerModule.R","PrimAASeqS1Display",754,9,754,46,9,46,10047,10047,0
"R/ShinyServerModule.R","PrimAASeqS1Display",756,5,763,5,5,5,10049,10056,0
"R/ShinyServerModule.R","PrimAASeqS2Display",766,5,766,71,5,71,10059,10059,0
"R/ShinyServerModule.R","PrimAASeqS2Display",767,5,767,35,5,35,10060,10060,0
"R/ShinyServerModule.R","PrimAASeqS2Display",768,5,768,67,5,67,10061,10061,0
"R/ShinyServerModule.R","PrimAASeqS2Display",769,5,769,64,5,64,10062,10062,0
"R/ShinyServerModule.R","PrimAASeqS2Display",770,5,770,32,5,32,10063,10063,0
"R/ShinyServerModule.R","PrimAASeqS2Display",771,5,771,44,5,44,10064,10064,0
"R/ShinyServerModule.R","PrimAASeqS2Display",772,5,772,25,5,25,10065,10065,0
"R/ShinyServerModule.R","PrimAASeqS2Display",773,5,773,56,5,56,10066,10066,0
"R/ShinyServerModule.R","PrimAASeqS2Display",774,5,774,63,5,63,10067,10067,0
"R/ShinyServerModule.R","PrimAASeqS2Display",775,5,775,42,5,42,10068,10068,0
"R/ShinyServerModule.R","PrimAASeqS2Display",776,5,776,51,5,51,10069,10069,0
"R/ShinyServerModule.R","PrimAASeqS2Display",777,5,784,5,5,5,10070,10077,0
"R/ShinyServerModule.R","PrimAASeqS3Display",787,5,787,71,5,71,10080,10080,0
"R/ShinyServerModule.R","PrimAASeqS3Display",788,5,788,39,5,39,10081,10081,0
"R/ShinyServerModule.R","PrimAASeqS3Display",789,5,789,67,5,67,10082,10082,0
"R/ShinyServerModule.R","PrimAASeqS3Display",790,5,790,64,5,64,10083,10083,0
"R/ShinyServerModule.R","PrimAASeqS3Display",791,5,791,32,5,32,10084,10084,0
"R/ShinyServerModule.R","PrimAASeqS3Display",792,5,792,44,5,44,10085,10085,0
"R/ShinyServerModule.R","PrimAASeqS3Display",793,5,793,29,5,29,10086,10086,0
"R/ShinyServerModule.R","PrimAASeqS3Display",794,5,794,56,5,56,10087,10087,0
"R/ShinyServerModule.R","PrimAASeqS3Display",795,5,795,63,5,63,10088,10088,0
"R/ShinyServerModule.R","PrimAASeqS3Display",796,5,796,42,5,42,10089,10089,0
"R/ShinyServerModule.R","PrimAASeqS3Display",797,5,797,51,5,51,10090,10090,0
"R/ShinyServerModule.R","PrimAASeqS3Display",798,5,798,51,5,51,10091,10091,0
"R/ShinyServerModule.R","PrimAASeqS3Display",799,5,806,5,5,5,10092,10099,0
"R/ShinyServerModule.R","primarySeqTrimmedDisplay",810,9,810,27,9,27,810,810,0
"R/ShinyServerModule.R","primarySeqTrimmedDisplay",811,9,811,27,9,27,10104,10104,0
"R/ShinyServerModule.R","primarySeqTrimmedDisplay",812,9,812,27,9,27,10105,10105,0
"R/ShinyServerModule.R","primarySeqTrimmedDisplay",813,9,813,27,9,27,10106,10106,0
"R/ShinyServerModule.R","primarySeqTrimmedDisplay",814,9,814,27,9,27,10107,10107,0
"R/ShinyServerModule.R","primarySeqTrimmedDisplay",815,9,815,32,9,32,10108,10108,0
"R/ShinyServerModule.R","primarySeqTrimmedDisplay",816,16,816,38,16,38,816,816,0
"R/ShinyServerModule.R","primarySeqTrimmedDisplay",817,9,817,57,9,57,10110,10110,0
"R/ShinyServerModule.R","primarySeqTrimmedDisplay",818,9,818,57,9,57,10111,10111,0
"R/ShinyServerModule.R","primarySeqTrimmedDisplay",819,9,819,55,9,55,10112,10112,0
"R/ShinyServerModule.R","primarySeqTrimmedDisplay",820,9,820,54,9,54,10113,10113,0
"R/ShinyServerModule.R","primarySeqTrimmedDisplay",821,9,821,63,9,63,10114,10114,0
"R/ShinyServerModule.R","primarySeqTrimmedDisplay",823,9,823,27,9,27,10116,10116,0
"R/ShinyServerModule.R","primarySeqTrimmedDisplay",824,9,824,27,9,27,10117,10117,0
"R/ShinyServerModule.R","primarySeqTrimmedDisplay",825,9,825,27,9,27,10118,10118,0
"R/ShinyServerModule.R","primarySeqTrimmedDisplay",826,9,826,27,9,27,10119,10119,0
"R/ShinyServerModule.R","primarySeqTrimmedDisplay",827,9,827,33,9,33,10120,10120,0
"R/ShinyServerModule.R","primarySeqTrimmedDisplay",829,5,833,14,5,14,10122,10126,0
"R/ShinyServerModule.R","primarySeqTrimmedDisplay",834,5,835,60,5,60,10127,10128,0
"R/ShinyServerModule.R","primarySeqTrimmedDisplay",836,9,836,77,9,77,836,836,0
"R/ShinyServerModule.R","primarySeqTrimmedDisplay",837,9,837,37,9,37,10130,10130,0
"R/ShinyServerModule.R","primarySeqTrimmedDisplay",839,9,839,72,9,72,10132,10132,0
"R/ShinyServerModule.R","primarySeqTrimmedDisplay",841,5,841,34,5,34,10134,10134,0
"R/ShinyServerModule.R","primarySeqTrimmedDisplay",842,5,842,62,5,62,10135,10135,0
"R/ShinyServerModule.R","primarySeqTrimmedDisplay",843,5,843,62,5,62,10136,10136,0
"R/ShinyServerModule.R","primarySeqTrimmedDisplay",844,5,844,62,5,62,10137,10137,0
"R/ShinyServerModule.R","primarySeqTrimmedDisplay",845,5,845,62,5,62,10138,10138,0
"R/ShinyServerModule.R","primarySeqTrimmedDisplay",846,5,846,66,5,66,10139,10139,0
"R/ShinyServerModule.R","primarySeqTrimmedDisplay",847,5,854,5,5,5,10140,10147,0
"R/ShinyServerModule.R","secondSeqTrimmedDisplay",859,9,859,27,9,27,859,859,0
"R/ShinyServerModule.R","secondSeqTrimmedDisplay",860,9,860,27,9,27,10153,10153,0
"R/ShinyServerModule.R","secondSeqTrimmedDisplay",861,9,861,27,9,27,10154,10154,0
"R/ShinyServerModule.R","secondSeqTrimmedDisplay",862,9,862,27,9,27,10155,10155,0
"R/ShinyServerModule.R","secondSeqTrimmedDisplay",863,9,863,27,9,27,10156,10156,0
"R/ShinyServerModule.R","secondSeqTrimmedDisplay",864,9,864,32,9,32,10157,10157,0
"R/ShinyServerModule.R","secondSeqTrimmedDisplay",865,16,865,38,16,38,865,865,0
"R/ShinyServerModule.R","secondSeqTrimmedDisplay",866,9,866,57,9,57,10159,10159,0
"R/ShinyServerModule.R","secondSeqTrimmedDisplay",867,9,867,57,9,57,10160,10160,0
"R/ShinyServerModule.R","secondSeqTrimmedDisplay",868,9,868,55,9,55,10161,10161,0
"R/ShinyServerModule.R","secondSeqTrimmedDisplay",869,9,869,54,9,54,10162,10162,0
"R/ShinyServerModule.R","secondSeqTrimmedDisplay",870,9,870,63,9,63,10163,10163,0
"R/ShinyServerModule.R","secondSeqTrimmedDisplay",872,9,872,27,9,27,10165,10165,0
"R/ShinyServerModule.R","secondSeqTrimmedDisplay",873,9,873,27,9,27,10166,10166,0
"R/ShinyServerModule.R","secondSeqTrimmedDisplay",874,9,874,27,9,27,10167,10167,0
"R/ShinyServerModule.R","secondSeqTrimmedDisplay",875,9,875,27,9,27,10168,10168,0
"R/ShinyServerModule.R","secondSeqTrimmedDisplay",876,9,876,33,9,33,10169,10169,0
"R/ShinyServerModule.R","secondSeqTrimmedDisplay",878,5,882,14,5,14,10171,10175,0
"R/ShinyServerModule.R","secondSeqTrimmedDisplay",883,5,884,62,5,62,10176,10177,0
"R/ShinyServerModule.R","secondSeqTrimmedDisplay",885,9,885,77,9,77,885,885,0
"R/ShinyServerModule.R","secondSeqTrimmedDisplay",886,9,886,39,9,39,10179,10179,0
"R/ShinyServerModule.R","secondSeqTrimmedDisplay",888,9,888,76,9,76,10181,10181,0
"R/ShinyServerModule.R","secondSeqTrimmedDisplay",890,5,890,36,5,36,10183,10183,0
"R/ShinyServerModule.R","secondSeqTrimmedDisplay",891,5,891,64,5,64,10184,10184,0
"R/ShinyServerModule.R","secondSeqTrimmedDisplay",892,5,892,64,5,64,10185,10185,0
"R/ShinyServerModule.R","secondSeqTrimmedDisplay",893,5,893,64,5,64,10186,10186,0
"R/ShinyServerModule.R","secondSeqTrimmedDisplay",894,5,894,64,5,64,10187,10187,0
"R/ShinyServerModule.R","secondSeqTrimmedDisplay",895,5,895,66,5,66,10188,10188,0
"R/ShinyServerModule.R","secondSeqTrimmedDisplay",896,5,903,5,5,5,10189,10196,0
"R/UtilitiesFunc.R",".resolveBPPARAM",17,9,17,25,9,25,17,17,1589
"R/UtilitiesFunc.R",".resolveBPPARAM",17,28,17,42,28,42,17,17,1235
"R/UtilitiesFunc.R",".resolveBPPARAM",18,5,18,57,5,57,10217,10217,354
"R/UtilitiesFunc.R",".resolveBPPARAM",19,9,19,30,9,30,19,19,354
"R/UtilitiesFunc.R",".resolveBPPARAM",20,13,20,22,13,22,20,20,36
"R/UtilitiesFunc.R",".resolveBPPARAM",20,25,20,59,25,59,20,20,0
"R/UtilitiesFunc.R",".resolveBPPARAM",21,9,21,39,9,39,10220,10220,36
"R/UtilitiesFunc.R",".resolveBPPARAM",23,9,24,26,9,26,23,24,318
"R/UtilitiesFunc.R",".resolveBPPARAM",25,9,25,43,9,43,10224,10224,18
"R/UtilitiesFunc.R",".resolveBPPARAM",27,5,27,34,5,34,10226,10226,300
"R/UtilitiesFunc.R",".resolveBPPARAM",28,9,28,15,9,15,28,28,300
"R/UtilitiesFunc.R",".resolveBPPARAM",28,18,28,52,18,52,28,28,89
"R/UtilitiesFunc.R",".resolveBPPARAM",29,9,29,18,9,18,29,29,211
"R/UtilitiesFunc.R",".resolveBPPARAM",29,21,29,64,21,64,29,29,0
"R/UtilitiesFunc.R",".resolveBPPARAM",30,5,30,45,5,45,10229,10229,211
"R/UtilitiesFunc.R","getProcessors",38,9,39,52,9,52,38,39,736
"R/UtilitiesFunc.R","getProcessors",40,9,40,38,9,38,10239,10239,700
"R/UtilitiesFunc.R","getProcessors",42,5,42,57,5,57,10241,10241,36
"R/UtilitiesFunc.R","suppressPlotlyMessage",46,5,46,37,5,37,10245,10245,20
"R/UtilitiesFunc.R","alignContigs",60,9,60,25,9,25,60,60,147
"R/UtilitiesFunc.R","alignContigs",60,28,60,77,28,77,60,60,128
"R/UtilitiesFunc.R","alignContigs",64,5,67,36,5,36,10263,10266,147
"R/UtilitiesFunc.R","alignContigs",66,13,66,48,13,48,10265,10265,547
"R/UtilitiesFunc.R","alignContigs",68,5,68,59,5,59,10267,10267,147
"R/UtilitiesFunc.R","alignContigs",72,8,72,37,8,37,72,72,147
"R/UtilitiesFunc.R","alignContigs",73,9,73,49,9,49,10272,10272,146
"R/UtilitiesFunc.R","alignContigs",74,12,74,32,12,32,74,74,146
"R/UtilitiesFunc.R","alignContigs",75,13,78,51,13,51,10274,10277,77
"R/UtilitiesFunc.R","alignContigs",80,13,80,41,13,41,10279,10279,69
"R/UtilitiesFunc.R","alignContigs",81,13,82,44,13,44,10280,10281,69
"R/UtilitiesFunc.R","alignContigs",83,13,83,40,13,40,10282,10282,69
"R/UtilitiesFunc.R","alignContigs",87,13,87,27,13,27,87,87,146
"R/UtilitiesFunc.R","alignContigs",88,13,89,72,13,72,10287,10288,128
"R/UtilitiesFunc.R","alignContigs",90,13,90,22,13,22,10289,10289,128
"R/UtilitiesFunc.R","alignContigs",91,13,91,37,13,37,10290,10290,128
"R/UtilitiesFunc.R","alignContigs",93,13,93,37,13,37,10292,10292,128
"R/UtilitiesFunc.R","alignContigs",95,13,95,66,13,66,10294,10294,128
"R/UtilitiesFunc.R","alignContigs",98,13,98,44,13,44,10297,10297,128
"R/UtilitiesFunc.R","alignContigs",99,13,114,14,13,14,10298,10313,128
"R/UtilitiesFunc.R","alignContigs",100,17,100,43,17,43,10299,10299,128
"R/UtilitiesFunc.R","alignContigs",101,17,101,48,17,48,10300,10300,128
"R/UtilitiesFunc.R","alignContigs",105,17,106,76,17,76,10304,10305,128
"R/UtilitiesFunc.R","alignContigs",108,17,109,73,17,73,10307,10308,0
"R/UtilitiesFunc.R","alignContigs",111,17,112,73,17,73,10310,10311,0
"R/UtilitiesFunc.R","alignContigs",113,17,113,48,17,48,10312,10312,0
"R/UtilitiesFunc.R","alignContigs",116,13,117,69,13,69,10315,10316,18
"R/UtilitiesFunc.R","alignContigs",118,13,118,44,13,44,10317,10317,18
"R/UtilitiesFunc.R","alignContigs",122,9,127,60,9,60,10321,10326,146
"R/UtilitiesFunc.R","alignContigs",129,9,129,24,9,24,10328,10328,1
"R/UtilitiesFunc.R","alignContigs",130,9,130,18,9,18,10329,10329,1
"R/UtilitiesFunc.R","alignContigs",131,9,131,40,9,40,10330,10330,1
"R/UtilitiesFunc.R","alignContigs",132,9,132,47,9,47,10331,10331,1
"R/UtilitiesFunc.R","alignContigs",133,9,133,32,9,32,10332,10332,1
"R/UtilitiesFunc.R","alignContigs",134,9,134,34,9,34,10333,10333,1
"R/UtilitiesFunc.R","alignContigs",135,9,135,28,9,28,10334,10334,1
"R/UtilitiesFunc.R","alignContigs",136,9,136,25,9,25,10335,10335,1
"R/UtilitiesFunc.R","alignContigs",138,5,140,40,5,40,10337,10339,147
"R/UtilitiesFunc.R","getIndelDf",149,5,149,35,5,35,10348,10348,415
"R/UtilitiesFunc.R","getIndelDf",150,5,150,83,5,83,10349,10349,415
"R/UtilitiesFunc.R","getIndelDf",151,5,151,46,5,46,10350,10350,415
"R/UtilitiesFunc.R","getIndelDf",152,5,152,69,5,69,10351,10351,415
"R/UtilitiesFunc.R","getIndelDf",153,5,153,19,5,19,10352,10352,415
"R/UtilitiesFunc.R","indelRow",156,5,156,33,5,33,10355,10355,830
"R/UtilitiesFunc.R","indelRow",157,5,157,32,5,32,10356,10356,830
"R/UtilitiesFunc.R","indelRow",158,5,158,23,5,23,10357,10357,830
"R/UtilitiesFunc.R","indelRow",159,5,159,31,5,31,10358,10358,830
"R/UtilitiesFunc.R","nPairwiseDiffs",163,5,163,43,5,43,10362,10362,1304
"R/UtilitiesFunc.R","nPairwiseDiffs",164,5,164,31,5,31,10363,10363,1304
"R/UtilitiesFunc.R","nPairwiseDiffs",165,5,165,31,5,31,10364,10364,1304
"R/UtilitiesFunc.R","nPairwiseDiffs",166,5,166,21,5,21,10365,10365,1304
"R/UtilitiesFunc.R","countCoincidentSp",172,5,172,37,5,37,10371,10371,652
"R/UtilitiesFunc.R","countCoincidentSp",173,5,173,47,5,47,10372,10372,652
"R/UtilitiesFunc.R","countCoincidentSp",174,5,174,34,5,34,10373,10373,652
"R/UtilitiesFunc.R","countCoincidentSp",176,8,176,18,8,18,176,176,652
"R/UtilitiesFunc.R","countCoincidentSp",177,9,177,72,9,72,10376,10376,0
"R/UtilitiesFunc.R","countCoincidentSp",178,9,178,62,9,62,10377,10377,0
"R/UtilitiesFunc.R","countCoincidentSp",179,9,179,17,9,17,10378,10378,0
"R/UtilitiesFunc.R","countCoincidentSp",181,9,181,20,9,20,10380,10380,652
"R/UtilitiesFunc.R","oneAmbiguousColumn",185,5,185,70,5,70,10384,10384,419510
"R/UtilitiesFunc.R","oneAmbiguousColumn",186,5,186,41,5,41,10385,10385,419510
"R/UtilitiesFunc.R","oneAmbiguousColumn",187,5,187,41,5,41,10386,10386,419510
"R/UtilitiesFunc.R","oneAmbiguousColumn",188,5,188,33,5,33,10387,10387,419510
"R/UtilitiesFunc.R","oneAmbiguousColumn",189,8,189,12,8,12,189,189,419510
"R/UtilitiesFunc.R","oneAmbiguousColumn",190,9,190,30,9,30,10389,10389,0
"R/UtilitiesFunc.R","calculateContigSeq",202,5,202,54,5,54,10401,10401,676
"R/UtilitiesFunc.R","calculateContigSeq",203,5,203,54,5,54,10402,10402,676
"R/UtilitiesFunc.R","calculateContigSeq",207,5,215,6,5,6,10406,10414,676
"R/UtilitiesFunc.R","calculateContigSeq",208,9,208,58,9,58,10407,10407,676
"R/UtilitiesFunc.R","calculateContigSeq",209,13,209,33,13,33,209,209,676
"R/UtilitiesFunc.R","calculateContigSeq",210,13,210,72,13,72,10409,10409,497
"R/UtilitiesFunc.R","calculateContigSeq",211,13,211,74,13,74,10410,10410,497
"R/UtilitiesFunc.R","calculateContigSeq",212,13,212,81,13,81,10411,10411,497
"R/UtilitiesFunc.R","calculateContigSeq",214,9,214,26,9,26,10413,10413,676
"R/UtilitiesFunc.R","calculateContigSeq",216,5,227,6,5,6,10415,10426,676
"R/UtilitiesFunc.R","calculateContigSeq",217,9,217,48,9,48,10416,10416,676
"R/UtilitiesFunc.R","calculateContigSeq",218,9,218,77,9,77,10417,10417,676
"R/UtilitiesFunc.R","calculateContigSeq",219,13,219,33,13,33,219,219,676
"R/UtilitiesFunc.R","calculateContigSeq",220,13,220,72,13,72,10419,10419,497
"R/UtilitiesFunc.R","calculateContigSeq",221,13,221,74,13,74,10420,10420,497
"R/UtilitiesFunc.R","calculateContigSeq",223,13,224,58,13,58,10422,10423,497
"R/UtilitiesFunc.R","calculateContigSeq",226,9,226,26,9,26,10425,10425,676
"R/UtilitiesFunc.R","calculateContigSeq",231,5,232,56,5,56,10430,10431,676
"R/UtilitiesFunc.R","calculateContigSeq",233,5,234,72,5,72,10432,10433,676
"R/UtilitiesFunc.R","calculateContigSeq",241,5,241,49,5,49,10440,10440,676
"R/UtilitiesFunc.R","calculateContigSeq",246,9,246,29,9,29,246,246,676
"R/UtilitiesFunc.R","calculateContigSeq",247,13,247,40,13,40,247,247,415
"R/UtilitiesFunc.R","calculateContigSeq",248,13,249,42,13,42,10447,10448,68
"R/UtilitiesFunc.R","calculateContigSeq",253,9,258,58,9,58,10452,10457,415
"R/UtilitiesFunc.R","calculateContigSeq",271,9,271,39,9,39,10470,10470,415
"R/UtilitiesFunc.R","calculateContigSeq",272,9,272,45,9,45,10471,10471,415
"R/UtilitiesFunc.R","calculateContigSeq",273,9,276,32,9,32,10472,10475,415
"R/UtilitiesFunc.R","calculateContigSeq",277,9,278,51,9,51,10476,10477,391
"R/UtilitiesFunc.R","calculateContigSeq",279,9,279,71,9,71,10478,10478,391
"R/UtilitiesFunc.R","calculateContigSeq",280,9,280,52,9,52,10479,10479,391
"R/UtilitiesFunc.R","calculateContigSeq",282,9,282,29,9,29,10481,10481,261
"R/UtilitiesFunc.R","calculateContigSeq",283,9,283,30,9,30,10482,10482,261
"R/UtilitiesFunc.R","calculateContigSeq",285,8,285,28,8,28,285,285,652
"R/UtilitiesFunc.R","calculateContigSeq",286,9,288,32,9,32,10485,10487,0
"R/UtilitiesFunc.R","calculateContigSeq",289,9,289,24,9,24,10488,10488,0
"R/UtilitiesFunc.R","calculateContigSeq",297,9,297,25,9,25,297,297,652
"R/UtilitiesFunc.R","calculateContigSeq",298,9,298,51,9,51,10497,10497,0
"R/UtilitiesFunc.R","calculateContigSeq",299,12,299,32,12,32,299,299,0
"R/UtilitiesFunc.R","calculateContigSeq",300,13,304,40,13,40,10499,10503,0
"R/UtilitiesFunc.R","calculateContigSeq",305,13,306,54,13,54,10504,10505,0
"R/UtilitiesFunc.R","calculateContigSeq",308,9,308,38,9,38,10507,10507,0
"R/UtilitiesFunc.R","calculateContigSeq",309,9,309,46,9,46,10508,10508,0
"R/UtilitiesFunc.R","calculateContigSeq",311,9,312,49,9,49,10510,10511,0
"R/UtilitiesFunc.R","calculateContigSeq",315,8,315,28,8,28,315,315,652
"R/UtilitiesFunc.R","calculateContigSeq",316,9,318,32,9,32,10515,10517,0
"R/UtilitiesFunc.R","calculateContigSeq",319,9,319,24,9,24,10518,10518,0
"R/UtilitiesFunc.R","calculateContigSeq",325,9,325,29,9,29,325,325,652
"R/UtilitiesFunc.R","calculateContigSeq",326,9,327,75,9,75,10525,10526,391
"R/UtilitiesFunc.R","calculateContigSeq",329,9,330,68,9,68,10528,10529,261
"R/UtilitiesFunc.R","calculateContigSeq",332,5,333,53,5,53,10531,10532,652
"R/UtilitiesFunc.R","calculateContigSeq",334,5,340,10,5,10,10533,10539,652
"R/UtilitiesFunc.R","calculateContigSeq",344,5,344,60,5,60,10543,10543,652
"R/UtilitiesFunc.R","calculateContigSeq",345,5,345,33,5,33,10544,10544,652
"R/UtilitiesFunc.R","calculateContigSeq",346,5,348,52,5,52,10545,10547,652
"R/UtilitiesFunc.R","calculateContigSeq",349,5,349,28,5,28,10548,10548,652
"R/UtilitiesFunc.R","calculateContigSeq",352,5,354,70,5,70,10551,10553,652
"R/UtilitiesFunc.R","calculateContigSeq",355,5,356,97,5,97,10554,10555,652
"R/UtilitiesFunc.R","calculateContigSeq",359,5,359,42,5,42,10558,10558,652
"R/UtilitiesFunc.R","calculateContigSeq",360,5,360,43,5,43,10559,10559,652
"R/UtilitiesFunc.R","calculateContigSeq",362,5,362,63,5,63,10561,10561,652
"R/UtilitiesFunc.R","calculateContigSeq",365,5,365,64,5,64,10564,10564,652
"R/UtilitiesFunc.R","calculateContigSeq",366,9,366,21,9,21,366,366,652
"R/UtilitiesFunc.R","calculateContigSeq",367,9,367,27,9,27,10566,10566,652
"R/UtilitiesFunc.R","calculateContigSeq",369,5,376,43,5,43,10568,10575,652
"R/UtilitiesFunc.R","MakeBaseCallsInside",384,9,384,34,9,34,384,384,541
"R/UtilitiesFunc.R","MakeBaseCallsInside",385,9,385,50,9,50,10584,10584,126
"R/UtilitiesFunc.R","MakeBaseCallsInside",388,5,388,39,5,39,10587,10587,541
"R/UtilitiesFunc.R","MakeBaseCallsInside",389,5,389,39,5,39,10588,10588,541
"R/UtilitiesFunc.R","MakeBaseCallsInside",390,5,390,39,5,39,10589,10589,541
"R/UtilitiesFunc.R","MakeBaseCallsInside",391,5,391,39,5,39,10590,10590,541
"R/UtilitiesFunc.R","MakeBaseCallsInside",394,5,394,40,5,40,10593,10593,541
"R/UtilitiesFunc.R","MakeBaseCallsInside",395,5,395,36,5,36,10594,10594,541
"R/UtilitiesFunc.R","MakeBaseCallsInside",396,5,396,38,5,38,10595,10595,541
"R/UtilitiesFunc.R","MakeBaseCallsInside",397,5,400,5,5,5,10596,10599,541
"R/UtilitiesFunc.R","MakeBaseCallsInside",406,5,406,19,5,19,10605,10605,541
"R/UtilitiesFunc.R","MakeBaseCallsInside",407,5,407,21,5,21,10606,10606,541
"R/UtilitiesFunc.R","MakeBaseCallsInside",408,5,408,56,5,56,10607,10607,541
"R/UtilitiesFunc.R","MakeBaseCallsInside",409,5,409,56,5,56,10608,10608,541
"R/UtilitiesFunc.R","MakeBaseCallsInside",410,5,410,24,5,24,10609,10609,541
"R/UtilitiesFunc.R","MakeBaseCallsInside",416,5,416,60,5,60,10615,10615,541
"R/UtilitiesFunc.R","MakeBaseCallsInside",417,5,417,60,5,60,10616,10616,541
"R/UtilitiesFunc.R","MakeBaseCallsInside",418,5,418,60,5,60,10617,10617,541
"R/UtilitiesFunc.R","MakeBaseCallsInside",419,5,419,60,5,60,10618,10618,541
"R/UtilitiesFunc.R","MakeBaseCallsInside",421,8,421,37,8,37,421,421,541
"R/UtilitiesFunc.R","MakeBaseCallsInside",422,9,422,31,9,31,10621,10621,381012
"R/UtilitiesFunc.R","MakeBaseCallsInside",423,9,423,31,9,31,10622,10622,381012
"R/UtilitiesFunc.R","MakeBaseCallsInside",424,9,424,31,9,31,10623,10623,381012
"R/UtilitiesFunc.R","MakeBaseCallsInside",425,9,425,31,9,31,10624,10624,381012
"R/UtilitiesFunc.R","MakeBaseCallsInside",426,12,429,26,12,26,426,429,381012
"R/UtilitiesFunc.R","MakeBaseCallsInside",430,13,430,16,13,16,10629,10629,277
"R/UtilitiesFunc.R","MakeBaseCallsInside",436,9,436,44,9,44,10635,10635,380735
"R/UtilitiesFunc.R","MakeBaseCallsInside",437,9,437,60,9,60,10636,10636,380735
"R/UtilitiesFunc.R","MakeBaseCallsInside",439,9,439,36,9,36,10638,10638,380735
"R/UtilitiesFunc.R","MakeBaseCallsInside",440,9,440,62,9,62,10639,10639,380735
"R/UtilitiesFunc.R","MakeBaseCallsInside",441,9,441,38,9,38,10640,10640,380735
"R/UtilitiesFunc.R","MakeBaseCallsInside",442,9,442,56,9,56,10641,10641,380735
"R/UtilitiesFunc.R","MakeBaseCallsInside",443,9,443,38,9,38,10642,10642,380735
"R/UtilitiesFunc.R","MakeBaseCallsInside",444,9,444,53,9,53,10643,10643,380735
"R/UtilitiesFunc.R","MakeBaseCallsInside",446,9,446,55,9,55,10645,10645,380735
"R/UtilitiesFunc.R","MakeBaseCallsInside",447,9,447,63,9,63,10646,10646,380735
"R/UtilitiesFunc.R","MakeBaseCallsInside",448,12,449,46,12,46,448,449,380735
"R/UtilitiesFunc.R","MakeBaseCallsInside",450,13,450,38,13,38,10649,10649,844
"R/UtilitiesFunc.R","MakeBaseCallsInside",451,13,451,42,13,42,10650,10650,844
"R/UtilitiesFunc.R","MakeBaseCallsInside",452,20,452,51,20,51,452,452,379891
"R/UtilitiesFunc.R","MakeBaseCallsInside",453,13,453,43,13,43,10652,10652,3185
"R/UtilitiesFunc.R","MakeBaseCallsInside",454,13,454,32,13,32,10653,10653,3185
"R/UtilitiesFunc.R","MakeBaseCallsInside",455,13,455,54,13,54,10654,10654,3185
"R/UtilitiesFunc.R","MakeBaseCallsInside",456,13,456,55,13,55,10655,10655,3185
"R/UtilitiesFunc.R","MakeBaseCallsInside",457,13,457,80,13,80,10656,10656,3185
"R/UtilitiesFunc.R","MakeBaseCallsInside",458,13,458,54,13,54,10657,10657,3185
"R/UtilitiesFunc.R","MakeBaseCallsInside",461,13,461,43,13,43,10660,10660,376706
"R/UtilitiesFunc.R","MakeBaseCallsInside",462,13,462,47,13,47,10661,10661,376706
"R/UtilitiesFunc.R","MakeBaseCallsInside",465,9,465,37,9,37,465,465,541
"R/UtilitiesFunc.R","MakeBaseCallsInside",466,9,466,66,9,66,10665,10665,313
"R/UtilitiesFunc.R","MakeBaseCallsInside",467,9,467,60,9,60,10666,10666,313
"R/UtilitiesFunc.R","MakeBaseCallsInside",468,9,468,64,9,64,10667,10667,313
"R/UtilitiesFunc.R","MakeBaseCallsInside",469,16,469,44,16,44,469,469,228
"R/UtilitiesFunc.R","MakeBaseCallsInside",470,9,470,66,9,66,10669,10669,228
"R/UtilitiesFunc.R","MakeBaseCallsInside",471,9,471,60,9,60,10670,10670,228
"R/UtilitiesFunc.R","MakeBaseCallsInside",472,9,472,64,9,64,10671,10671,228
"R/UtilitiesFunc.R","MakeBaseCallsInside",474,5,474,71,5,71,10673,10673,541
"R/UtilitiesFunc.R","MakeBaseCallsInside",475,5,475,71,5,71,10674,10674,541
"R/UtilitiesFunc.R","MakeBaseCallsInside",476,9,476,34,9,34,476,476,541
"R/UtilitiesFunc.R","MakeBaseCallsInside",477,9,477,74,9,74,10676,10676,126
"R/UtilitiesFunc.R","MakeBaseCallsInside",479,5,483,47,5,47,10678,10682,541
"R/UtilitiesFunc.R","getpeaks",486,5,486,19,5,19,10685,10685,2164
"R/UtilitiesFunc.R","getpeaks",487,5,488,44,5,44,10686,10687,2164
"R/UtilitiesFunc.R","getpeaks",489,5,489,34,5,34,10688,10688,2164
"R/UtilitiesFunc.R",".peakvalues_r",496,5,496,60,5,60,10695,10695,238
"R/UtilitiesFunc.R",".peakvalues_r",497,9,497,31,9,31,497,497,238
"R/UtilitiesFunc.R",".peakvalues_r",497,34,497,49,34,49,497,497,60
"R/UtilitiesFunc.R",".peakvalues_r",498,10,498,80,10,80,498,498,178
"R/UtilitiesFunc.R","chromatogramRowNum",526,9,526,19,9,19,526,526,0
"R/UtilitiesFunc.R","chromatogramRowNum",527,9,527,45,9,45,10726,10726,0
"R/UtilitiesFunc.R","chromatogramRowNum",529,9,529,49,9,49,10728,10728,0
"R/UtilitiesFunc.R","SetCharStyleList",539,5,539,58,5,58,10738,10738,11
"R/UtilitiesFunc.R","SetCharStyleList",540,5,540,40,5,40,10739,10739,11
"R/UtilitiesFunc.R","SetCharStyleList",541,5,541,53,5,53,10740,10740,11
"R/UtilitiesFunc.R","SetCharStyleList",542,5,544,75,5,75,10741,10743,11
"R/UtilitiesFunc.R","SetCharStyleList",545,9,545,30,9,30,545,545,11
"R/UtilitiesFunc.R","SetCharStyleList",546,9,546,46,9,46,10745,10745,11
"R/UtilitiesFunc.R","SetCharStyleList",548,5,548,21,5,21,10747,10747,11
"R/UtilitiesFunc.R","SetAllStyleList",551,5,551,35,5,35,10750,10750,4
"R/UtilitiesFunc.R","SetAllStyleList",552,5,552,32,5,32,10751,10751,4
"R/UtilitiesFunc.R","SetAllStyleList",553,5,553,45,5,45,10752,10752,4
"R/UtilitiesFunc.R","SetAllStyleList",554,5,556,71,5,71,10753,10755,4
"R/UtilitiesFunc.R","SetAllStyleList",557,5,557,38,5,38,10756,10756,4
"R/UtilitiesFunc.R","SetAllStyleList",558,5,558,21,5,21,10757,10757,4
"R/UtilitiesFunc.R","countStopSodons",562,5,562,43,5,43,10761,10761,62
"R/UtilitiesFunc.R","countStopSodons",563,8,563,12,8,12,563,563,62
"R/UtilitiesFunc.R","countStopSodons",564,9,565,70,9,70,10763,10764,0
"R/UtilitiesFunc.R","countStopSodons",567,9,569,39,9,39,10766,10768,0
"R/UtilitiesFunc.R","countStopSodons",570,9,570,24,9,24,10769,10769,0
"R/UtilitiesFunc.R","countStopSodons",573,5,573,80,5,80,10772,10772,62
"R/UtilitiesFunc.R","countStopSodons",574,5,574,41,5,41,10773,10773,62
"R/UtilitiesFunc.R","countStopSodons",575,5,575,47,5,47,10774,10774,62
"R/UtilitiesFunc.R","countStopSodons",576,5,576,22,5,22,10775,10775,62
"R/UtilitiesFunc.R","countStopSodons",577,5,577,29,5,29,10776,10776,62
"R/UtilitiesFunc.R","calculateAASeq",581,5,582,74,5,74,10780,10781,211
"R/UtilitiesFunc.R","calculateAASeq",583,5,587,59,5,59,10782,10786,211
"R/UtilitiesFunc.R","calculateAASeq",589,5,590,74,5,74,10788,10789,211
"R/UtilitiesFunc.R","calculateAASeq",591,5,595,59,5,59,10790,10794,211
"R/UtilitiesFunc.R","calculateAASeq",597,5,598,74,5,74,10796,10797,211
"R/UtilitiesFunc.R","calculateAASeq",599,5,603,59,5,59,10798,10802,211
"R/UtilitiesFunc.R","calculateAASeq",604,5,606,51,5,51,10803,10805,211
"R/UtilitiesFunc.R","M1inside_calculate_trimming",614,5,614,45,5,45,10813,10813,583
"R/UtilitiesFunc.R","M1inside_calculate_trimming",615,5,615,51,5,51,10814,10814,583
"R/UtilitiesFunc.R","M1inside_calculate_trimming",616,5,616,49,5,49,10815,10815,583
"R/UtilitiesFunc.R","M1inside_calculate_trimming",617,5,617,17,5,17,10816,10816,583
"R/UtilitiesFunc.R","M1inside_calculate_trimming",618,5,618,23,5,23,10817,10817,583
"R/UtilitiesFunc.R","M1inside_calculate_trimming",619,5,619,66,5,66,10818,10818,583
"R/UtilitiesFunc.R","M1inside_calculate_trimming",626,5,626,38,5,38,10825,10825,583
"R/UtilitiesFunc.R","M1inside_calculate_trimming",627,8,627,16,8,16,627,627,583
"R/UtilitiesFunc.R","M1inside_calculate_trimming",628,9,628,17,9,17,10827,10827,573
"R/UtilitiesFunc.R","M1inside_calculate_trimming",630,9,630,27,9,27,10829,10829,10
"R/UtilitiesFunc.R","M1inside_calculate_trimming",631,9,631,20,9,20,10830,10830,10
"R/UtilitiesFunc.R","M1inside_calculate_trimming",633,5,633,27,5,27,10832,10832,583
"R/UtilitiesFunc.R","M1inside_calculate_trimming",641,8,641,47,8,47,641,641,583
"R/UtilitiesFunc.R","M1inside_calculate_trimming",642,9,642,79,9,79,10841,10841,409692
"R/UtilitiesFunc.R","M1inside_calculate_trimming",643,13,643,22,13,22,643,643,409692
"R/UtilitiesFunc.R","M1inside_calculate_trimming",644,13,644,45,13,45,10843,10843,34112
"R/UtilitiesFunc.R","M1inside_calculate_trimming",646,13,646,49,13,49,10845,10845,375580
"R/UtilitiesFunc.R","M1inside_calculate_trimming",647,16,647,29,16,29,647,647,375580
"R/UtilitiesFunc.R","M1inside_calculate_trimming",648,17,648,35,17,35,10847,10847,563
"R/UtilitiesFunc.R","M1inside_calculate_trimming",649,17,649,28,17,28,10848,10848,563
"R/UtilitiesFunc.R","M1inside_calculate_trimming",652,9,652,50,9,50,10851,10851,409692
"R/UtilitiesFunc.R","M1inside_calculate_trimming",658,8,658,27,8,27,658,658,583
"R/UtilitiesFunc.R","M1inside_calculate_trimming",658,30,658,49,30,49,10857,10857,10
"R/UtilitiesFunc.R","M1inside_calculate_trimming",659,9,659,47,9,47,659,659,583
"R/UtilitiesFunc.R","M1inside_calculate_trimming",660,9,660,27,9,27,10859,10859,10
"R/UtilitiesFunc.R","M1inside_calculate_trimming",661,9,661,28,9,28,10860,10860,10
"R/UtilitiesFunc.R","M1inside_calculate_trimming",663,5,663,57,5,57,10862,10862,583
"R/UtilitiesFunc.R","M1inside_calculate_trimming",664,5,665,64,5,64,10863,10864,583
"R/UtilitiesFunc.R","M1inside_calculate_trimming",666,5,666,61,5,61,10865,10865,583
"R/UtilitiesFunc.R","M1inside_calculate_trimming",667,5,667,59,5,59,10866,10866,583
"R/UtilitiesFunc.R","M1inside_calculate_trimming",668,5,668,52,5,52,10867,10867,583
"R/UtilitiesFunc.R","M1inside_calculate_trimming",670,5,678,51,5,51,10869,10877,583
"R/UtilitiesFunc.R","M2inside_calculate_trimming",683,5,683,46,5,46,10882,10882,76
"R/UtilitiesFunc.R","M2inside_calculate_trimming",684,5,684,51,5,51,10883,10883,76
"R/UtilitiesFunc.R","M2inside_calculate_trimming",685,5,685,49,5,49,10884,10884,76
"R/UtilitiesFunc.R","M2inside_calculate_trimming",686,9,689,34,9,34,686,689,76
"R/UtilitiesFunc.R","M2inside_calculate_trimming",690,9,690,30,9,30,10889,10889,0
"R/UtilitiesFunc.R","M2inside_calculate_trimming",691,9,691,31,9,31,10890,10890,0
"R/UtilitiesFunc.R","M2inside_calculate_trimming",698,9,698,73,9,73,10897,10897,76
"R/UtilitiesFunc.R","M2inside_calculate_trimming",699,9,699,27,9,27,10898,10898,76
"R/UtilitiesFunc.R","M2inside_calculate_trimming",700,9,700,28,9,28,10899,10899,76
"R/UtilitiesFunc.R","M2inside_calculate_trimming",701,13,701,64,13,64,701,701,76
"R/UtilitiesFunc.R","M2inside_calculate_trimming",702,13,703,68,13,68,10901,10902,1574
"R/UtilitiesFunc.R","M2inside_calculate_trimming",704,17,704,48,17,48,704,704,1574
"R/UtilitiesFunc.R","M2inside_calculate_trimming",705,17,705,35,17,35,10904,10904,76
"R/UtilitiesFunc.R","M2inside_calculate_trimming",706,17,706,21,17,21,10905,10905,76
"R/UtilitiesFunc.R","M2inside_calculate_trimming",709,9,709,56,9,56,10908,10908,76
"R/UtilitiesFunc.R","M2inside_calculate_trimming",710,13,710,64,13,64,710,710,76
"R/UtilitiesFunc.R","M2inside_calculate_trimming",711,13,712,71,13,71,10910,10911,1209
"R/UtilitiesFunc.R","M2inside_calculate_trimming",713,17,713,48,17,48,713,713,1209
"R/UtilitiesFunc.R","M2inside_calculate_trimming",714,17,714,36,17,36,10913,10913,76
"R/UtilitiesFunc.R","M2inside_calculate_trimming",715,17,715,21,17,21,10914,10914,76
"R/UtilitiesFunc.R","M2inside_calculate_trimming",718,9,718,80,9,80,10917,10917,76
"R/UtilitiesFunc.R","M2inside_calculate_trimming",728,13,729,47,13,47,728,729,76
"R/UtilitiesFunc.R","M2inside_calculate_trimming",730,13,730,31,13,31,10929,10929,0
"R/UtilitiesFunc.R","M2inside_calculate_trimming",731,13,731,32,13,32,10930,10930,0
"R/UtilitiesFunc.R","M2inside_calculate_trimming",733,9,733,61,9,61,10932,10932,76
"R/UtilitiesFunc.R","M2inside_calculate_trimming",734,9,735,68,9,68,10933,10934,76
"R/UtilitiesFunc.R","M2inside_calculate_trimming",736,9,736,65,9,65,10935,10935,76
"R/UtilitiesFunc.R","M2inside_calculate_trimming",737,9,737,63,9,63,10936,10936,76
"R/UtilitiesFunc.R","M2inside_calculate_trimming",738,9,738,56,9,56,10937,10937,76
"R/UtilitiesFunc.R","M2inside_calculate_trimming",740,5,748,51,5,51,10939,10947,76
"R/UtilitiesFunc.R","QualityBasePlotly",756,5,805,14,5,14,10955,11004,20
"R/UtilitiesFunc.R","QualityBasePlotly",806,5,806,13,5,13,11005,11005,20
"R/UtilitiesFunc.R","vline",810,5,818,5,5,5,11009,11017,40
"R/UtilitiesFunc.R","chromatogram_plotly",879,9,879,29,9,29,879,879,12
"R/UtilitiesFunc.R","chromatogram_plotly",880,9,880,68,9,68,11079,11079,1
"R/UtilitiesFunc.R","chromatogram_plotly",883,5,893,5,5,5,11082,11092,11
"R/UtilitiesFunc.R","chromatogram_plotly",884,9,885,28,9,28,11083,11084,7
"R/UtilitiesFunc.R","chromatogram_plotly",887,9,888,28,9,28,11086,11087,1
"R/UtilitiesFunc.R","chromatogram_plotly",890,9,890,56,9,56,11089,11089,2
"R/UtilitiesFunc.R","chromatogram_plotly",892,9,892,93,9,93,11091,11091,1
"R/UtilitiesFunc.R","chromatogram_plotly",895,5,895,32,5,32,11094,11094,10
"R/UtilitiesFunc.R","chromatogram_plotly",896,9,896,51,9,51,896,896,10
"R/UtilitiesFunc.R","chromatogram_plotly",897,9,897,72,9,72,11096,11096,0
"R/UtilitiesFunc.R","chromatogram_plotly",899,5,899,30,5,30,11098,11098,10
"R/UtilitiesFunc.R","chromatogram_plotly",902,9,902,28,9,28,902,902,10
"R/UtilitiesFunc.R","chromatogram_plotly",903,9,903,47,9,47,11102,11102,9
"R/UtilitiesFunc.R","chromatogram_plotly",904,9,904,51,9,51,11103,11103,9
"R/UtilitiesFunc.R","chromatogram_plotly",906,9,906,35,9,35,11105,11105,1
"R/UtilitiesFunc.R","chromatogram_plotly",908,5,908,17,5,17,11107,11107,10
"R/UtilitiesFunc.R","chromatogram_plotly",911,5,911,26,5,26,11110,11110,10
"R/UtilitiesFunc.R","chromatogram_plotly",912,5,916,19,5,19,11111,11115,10
"R/UtilitiesFunc.R","chromatogram_plotly",917,5,921,19,5,19,11116,11120,10
"R/UtilitiesFunc.R","chromatogram_plotly",922,5,926,19,5,19,11121,11125,10
"R/UtilitiesFunc.R","chromatogram_plotly",927,5,931,19,5,19,11126,11130,10
"R/UtilitiesFunc.R","chromatogram_plotly",934,9,934,44,9,44,934,934,10
"R/UtilitiesFunc.R","chromatogram_plotly",935,13,935,21,13,21,935,935,1
"R/UtilitiesFunc.R","chromatogram_plotly",936,13,940,56,13,56,11135,11139,1
"R/UtilitiesFunc.R","chromatogram_plotly",942,13,942,21,13,21,942,942,1
"R/UtilitiesFunc.R","chromatogram_plotly",943,13,947,56,13,56,11142,11146,1
"R/UtilitiesFunc.R","chromatogram_plotly",951,5,956,32,5,32,11150,11155,10
"R/UtilitiesFunc.R","chromatogram_plotly",958,5,962,5,5,5,11157,11161,10
"R/UtilitiesFunc.R","chromatogram_plotly",963,5,963,5,5,5,11162,11162,10
"R/UtilitiesFunc.R","SangerReadInnerTrimming",967,5,967,57,5,57,11166,11166,0
"R/UtilitiesFunc.R","SangerReadInnerTrimming",968,9,968,29,9,29,968,968,0
"R/UtilitiesFunc.R","SangerReadInnerTrimming",969,9,970,56,9,56,11168,11169,0
"R/UtilitiesFunc.R","SangerReadInnerTrimming",971,9,972,57,9,57,11170,11171,0
"R/UtilitiesFunc.R","SangerReadInnerTrimming",973,9,974,67,9,67,11172,11173,0
"R/UtilitiesFunc.R","SangerReadInnerTrimming",976,5,976,22,5,22,11175,11175,0
"R/UtilitiesFunc.R","chromatogram_overwrite",1014,9,1014,27,9,27,1014,1014,1
"R/UtilitiesFunc.R","chromatogram_overwrite",1015,9,1015,25,9,25,11214,11214,1
"R/UtilitiesFunc.R","chromatogram_overwrite",1016,9,1016,24,9,24,11215,11215,1
"R/UtilitiesFunc.R","chromatogram_overwrite",1017,9,1017,25,9,25,11216,11216,1
"R/UtilitiesFunc.R","chromatogram_overwrite",1018,9,1018,23,9,23,11217,11217,1
"R/UtilitiesFunc.R","chromatogram_overwrite",1019,9,1019,32,9,32,11218,11218,1
"R/UtilitiesFunc.R","chromatogram_overwrite",1020,16,1020,38,16,38,1020,1020,0
"R/UtilitiesFunc.R","chromatogram_overwrite",1021,9,1021,51,9,51,11220,11220,0
"R/UtilitiesFunc.R","chromatogram_overwrite",1022,9,1022,57,9,57,11221,11221,0
"R/UtilitiesFunc.R","chromatogram_overwrite",1023,9,1023,55,9,55,11222,11222,0
"R/UtilitiesFunc.R","chromatogram_overwrite",1024,9,1024,54,9,54,11223,11223,0
"R/UtilitiesFunc.R","chromatogram_overwrite",1025,9,1025,63,9,63,11224,11224,0
"R/UtilitiesFunc.R","chromatogram_overwrite",1027,9,1027,27,9,27,11226,11226,0
"R/UtilitiesFunc.R","chromatogram_overwrite",1028,9,1028,27,9,27,11227,11227,0
"R/UtilitiesFunc.R","chromatogram_overwrite",1029,9,1029,27,9,27,11228,11228,0
"R/UtilitiesFunc.R","chromatogram_overwrite",1030,9,1030,27,9,27,11229,11229,0
"R/UtilitiesFunc.R","chromatogram_overwrite",1031,9,1031,33,9,33,11230,11230,0
"R/UtilitiesFunc.R","chromatogram_overwrite",1033,5,1033,40,5,40,11232,11232,1
"R/UtilitiesFunc.R","chromatogram_overwrite",1034,5,1034,29,5,29,11233,11233,1
"R/UtilitiesFunc.R","chromatogram_overwrite",1035,5,1035,29,5,29,11234,11234,1
"R/UtilitiesFunc.R","chromatogram_overwrite",1036,5,1036,64,5,64,11235,11235,1
"R/UtilitiesFunc.R","chromatogram_overwrite",1037,5,1037,66,5,66,11236,11236,1
"R/UtilitiesFunc.R","chromatogram_overwrite",1038,5,1038,58,5,58,11237,11237,1
"R/UtilitiesFunc.R","chromatogram_overwrite",1039,5,1039,51,5,51,11238,11238,1
"R/UtilitiesFunc.R","chromatogram_overwrite",1040,5,1040,51,5,51,11239,11239,1
"R/UtilitiesFunc.R","chromatogram_overwrite",1041,8,1041,24,8,24,1041,1041,1
"R/UtilitiesFunc.R","chromatogram_overwrite",1042,12,1042,43,12,43,1042,1042,0
"R/UtilitiesFunc.R","chromatogram_overwrite",1042,46,1042,61,46,61,1042,1042,0
"R/UtilitiesFunc.R","chromatogram_overwrite",1043,14,1043,79,14,79,1043,1043,0
"R/UtilitiesFunc.R","chromatogram_overwrite",1044,12,1044,43,12,43,1044,1044,0
"R/UtilitiesFunc.R","chromatogram_overwrite",1044,46,1044,61,46,61,1044,1044,0
"R/UtilitiesFunc.R","chromatogram_overwrite",1045,14,1045,79,14,79,1045,1045,0
"R/UtilitiesFunc.R","chromatogram_overwrite",1046,9,1046,77,9,77,11245,11245,0
"R/UtilitiesFunc.R","chromatogram_overwrite",1048,5,1048,35,5,35,11247,11247,1
"R/UtilitiesFunc.R","chromatogram_overwrite",1049,5,1049,72,5,72,11248,11248,1
"R/UtilitiesFunc.R","chromatogram_overwrite",1051,9,1051,23,9,23,1051,1051,1
"R/UtilitiesFunc.R","chromatogram_overwrite",1052,9,1053,49,9,49,11251,11252,1
"R/UtilitiesFunc.R","chromatogram_overwrite",1055,9,1055,23,9,23,1055,1055,1
"R/UtilitiesFunc.R","chromatogram_overwrite",1056,9,1056,48,9,48,11255,11255,1
"R/UtilitiesFunc.R","chromatogram_overwrite",1057,9,1057,46,9,46,11256,11256,1
"R/UtilitiesFunc.R","chromatogram_overwrite",1058,9,1058,47,9,47,11257,11257,1
"R/UtilitiesFunc.R","chromatogram_overwrite",1060,5,1060,38,5,38,11259,11259,1
"R/UtilitiesFunc.R","chromatogram_overwrite",1061,5,1061,63,5,63,11260,11260,1
"R/UtilitiesFunc.R","chromatogram_overwrite",1062,5,1062,40,5,40,11261,11261,1
"R/UtilitiesFunc.R","chromatogram_overwrite",1063,5,1063,21,5,21,11262,11262,1
"R/UtilitiesFunc.R","chromatogram_overwrite",1064,5,1064,52,5,52,11263,11263,1
"R/UtilitiesFunc.R","chromatogram_overwrite",1065,5,1065,23,5,23,11264,11264,1
"R/UtilitiesFunc.R","chromatogram_overwrite",1066,5,1066,45,5,45,11265,11265,1
"R/UtilitiesFunc.R","chromatogram_overwrite",1067,5,1067,48,5,48,11266,11266,1
"R/UtilitiesFunc.R","chromatogram_overwrite",1068,5,1068,19,5,19,11267,11267,1
"R/UtilitiesFunc.R","chromatogram_overwrite",1069,5,1069,43,5,43,11268,11268,1
"R/UtilitiesFunc.R","chromatogram_overwrite",1070,5,1070,24,5,24,11269,11269,1
"R/UtilitiesFunc.R","chromatogram_overwrite",1071,5,1071,30,5,30,11270,11270,1
"R/UtilitiesFunc.R","chromatogram_overwrite",1072,5,1072,20,5,20,11271,11271,1
"R/UtilitiesFunc.R","chromatogram_overwrite",1073,5,1073,28,5,28,11272,11272,1
"R/UtilitiesFunc.R","chromatogram_overwrite",1075,5,1075,67,5,67,11274,11274,1
"R/UtilitiesFunc.R","chromatogram_overwrite",1076,5,1076,54,5,54,11275,11275,1
"R/UtilitiesFunc.R","chromatogram_overwrite",1077,5,1077,54,5,54,11276,11276,1
"R/UtilitiesFunc.R","chromatogram_overwrite",1078,5,1078,54,5,54,11277,11277,1
"R/UtilitiesFunc.R","chromatogram_overwrite",1079,5,1079,54,5,54,11278,11278,1
"R/UtilitiesFunc.R","chromatogram_overwrite",1081,5,1081,52,5,52,11280,11280,1
"R/UtilitiesFunc.R","chromatogram_overwrite",1082,5,1082,37,5,37,11281,11281,1
"R/UtilitiesFunc.R","chromatogram_overwrite",1083,5,1083,48,5,48,11282,11282,1
"R/UtilitiesFunc.R","chromatogram_overwrite",1084,5,1084,30,5,30,11283,11283,1
"R/UtilitiesFunc.R","chromatogram_overwrite",1085,8,1085,25,8,25,1085,1085,1
"R/UtilitiesFunc.R","chromatogram_overwrite",1086,13,1086,43,13,43,1086,1086,1
"R/UtilitiesFunc.R","chromatogram_overwrite",1087,13,1087,41,13,41,11286,11286,0
"R/UtilitiesFunc.R","chromatogram_overwrite",1089,9,1089,56,9,56,11288,11288,1
"R/UtilitiesFunc.R","chromatogram_overwrite",1091,5,1091,45,5,45,11290,11290,1
"R/UtilitiesFunc.R","chromatogram_overwrite",1092,5,1092,24,5,24,11291,11291,1
"R/UtilitiesFunc.R","chromatogram_overwrite",1093,5,1093,24,5,24,11292,11292,1
"R/UtilitiesFunc.R","chromatogram_overwrite",1094,5,1094,9,5,9,11293,11293,1
"R/UtilitiesFunc.R","chromatogram_overwrite",1096,8,1096,20,8,20,1096,1096,1
"R/UtilitiesFunc.R","chromatogram_overwrite",1097,9,1097,64,9,64,11296,11296,9
"R/UtilitiesFunc.R","chromatogram_overwrite",1098,9,1098,55,9,55,11297,11297,9
"R/UtilitiesFunc.R","chromatogram_overwrite",1099,9,1099,35,9,35,11298,11298,9
"R/UtilitiesFunc.R","chromatogram_overwrite",1100,9,1100,51,9,51,11299,11299,9
"R/UtilitiesFunc.R","chromatogram_overwrite",1101,9,1101,49,9,49,11300,11300,9
"R/UtilitiesFunc.R","chromatogram_overwrite",1102,9,1102,33,9,33,11301,11301,9
"R/UtilitiesFunc.R","chromatogram_overwrite",1103,9,1103,33,9,33,11302,11302,9
"R/UtilitiesFunc.R","chromatogram_overwrite",1104,9,1104,52,9,52,11303,11303,9
"R/UtilitiesFunc.R","chromatogram_overwrite",1105,9,1105,38,9,38,11304,11304,9
"R/UtilitiesFunc.R","chromatogram_overwrite",1106,9,1106,38,9,38,11305,11305,9
"R/UtilitiesFunc.R","chromatogram_overwrite",1107,9,1107,57,9,57,11306,11306,9
"R/UtilitiesFunc.R","chromatogram_overwrite",1108,9,1108,53,9,53,11307,11307,9
"R/UtilitiesFunc.R","chromatogram_overwrite",1109,9,1109,54,9,54,11308,11308,9
"R/UtilitiesFunc.R","chromatogram_overwrite",1110,9,1111,64,9,64,11309,11310,9
"R/UtilitiesFunc.R","chromatogram_overwrite",1112,13,1112,26,13,26,1112,1112,9
"R/UtilitiesFunc.R","chromatogram_overwrite",1113,13,1113,80,13,80,11312,11312,9
"R/UtilitiesFunc.R","chromatogram_overwrite",1115,13,1115,26,13,26,1115,1115,9
"R/UtilitiesFunc.R","chromatogram_overwrite",1116,13,1117,28,13,28,11315,11316,9
"R/UtilitiesFunc.R","chromatogram_overwrite",1119,9,1119,47,9,47,11318,11318,9
"R/UtilitiesFunc.R","chromatogram_overwrite",1120,9,1120,48,9,48,11319,11319,9
"R/UtilitiesFunc.R","chromatogram_overwrite",1121,9,1121,47,9,47,11320,11320,9
"R/UtilitiesFunc.R","chromatogram_overwrite",1122,9,1122,47,9,47,11321,11321,9
"R/UtilitiesFunc.R","chromatogram_overwrite",1123,9,1123,75,9,75,11322,11322,9
"R/UtilitiesFunc.R","chromatogram_overwrite",1125,12,1125,32,12,32,1125,1125,9
"R/UtilitiesFunc.R","chromatogram_overwrite",1126,17,1126,56,17,56,1126,1126,702
"R/UtilitiesFunc.R","chromatogram_overwrite",1127,21,1127,62,21,62,1127,1127,702
"R/UtilitiesFunc.R","chromatogram_overwrite",1128,21,1128,56,21,56,11327,11327,0
"R/UtilitiesFunc.R","chromatogram_overwrite",1129,21,1129,40,21,40,11328,11328,0
"R/UtilitiesFunc.R","chromatogram_overwrite",1131,26,1131,41,26,41,1131,1131,702
"R/UtilitiesFunc.R","chromatogram_overwrite",1132,21,1134,82,21,82,11331,11333,702
"R/UtilitiesFunc.R","chromatogram_overwrite",1137,17,1137,58,17,58,1137,1137,702
"R/UtilitiesFunc.R","chromatogram_overwrite",1138,21,1138,64,21,64,1138,1138,702
"R/UtilitiesFunc.R","chromatogram_overwrite",1139,21,1139,58,21,58,11338,11338,0
"R/UtilitiesFunc.R","chromatogram_overwrite",1140,21,1140,40,21,40,11339,11339,0
"R/UtilitiesFunc.R","chromatogram_overwrite",1142,26,1142,41,26,41,1142,1142,702
"R/UtilitiesFunc.R","chromatogram_overwrite",1143,21,1144,74,21,74,11342,11343,702
"R/UtilitiesFunc.R","chromatogram_overwrite",1148,9,1148,17,9,17,11347,11347,9
"R/UtilitiesFunc.R","chromatogram_overwrite",1150,8,1150,25,8,25,1150,1150,1
"R/UtilitiesFunc.R","chromatogram_overwrite",1151,9,1151,17,9,17,11350,11350,1
"R/UtilitiesFunc.R","chromatogram_overwrite",1152,9,1153,53,9,53,11351,11352,1
"R/UtilitiesFunc.R","chromatogram_overwrite",1155,10,1155,25,10,25,1155,1155,0
"R/UtilitiesFuncInputChecker.R",".errAppend",21,5,21,45,5,45,11377,11377,64
"R/UtilitiesFuncInputChecker.R",".requireType",28,9,28,25,9,25,28,28,273
"R/UtilitiesFuncInputChecker.R",".requireType",29,9,31,32,9,32,11385,11387,1
"R/UtilitiesFuncInputChecker.R",".requireType",33,5,33,28,5,28,11389,11389,272
"R/UtilitiesFuncInputChecker.R",".requireEnum",39,9,39,36,9,36,39,39,783
"R/UtilitiesFuncInputChecker.R",".requireEnum",40,9,42,32,9,32,11396,11398,1
"R/UtilitiesFuncInputChecker.R",".requireEnum",44,9,44,52,9,52,44,44,782
"R/UtilitiesFuncInputChecker.R",".requireEnum",45,9,49,32,9,32,11401,11405,5
"R/UtilitiesFuncInputChecker.R",".requireEnum",51,5,51,28,5,28,11407,11407,777
"R/UtilitiesFuncInputChecker.R",".requireRange",58,9,58,26,9,26,58,58,4638
"R/UtilitiesFuncInputChecker.R",".requireRange",59,9,61,50,9,50,11415,11417,1
"R/UtilitiesFuncInputChecker.R",".requireRange",63,9,63,36,9,36,63,63,4637
"R/UtilitiesFuncInputChecker.R",".requireRange",64,9,66,50,9,50,11420,11422,1
"R/UtilitiesFuncInputChecker.R",".requireRange",68,9,68,34,9,34,68,68,4636
"R/UtilitiesFuncInputChecker.R",".requireRange",69,9,72,51,9,51,11425,11428,2
"R/UtilitiesFuncInputChecker.R",".requireRange",74,9,74,34,9,34,74,74,4634
"R/UtilitiesFuncInputChecker.R",".requireRange",75,9,78,51,9,51,11431,11434,6
"R/UtilitiesFuncInputChecker.R",".requireRange",80,5,80,28,5,28,11436,11436,4628
"R/UtilitiesFuncInputChecker.R",".requireExt",88,9,88,60,9,60,88,88,678
"R/UtilitiesFuncInputChecker.R",".requireExt",89,9,89,61,9,61,11445,11445,12
"R/UtilitiesFuncInputChecker.R",".requireExt",91,5,91,28,5,28,11447,11447,666
"R/UtilitiesFuncInputChecker.R","checkInputSource",99,5,100,37,5,37,11455,11456,390
"R/UtilitiesFuncInputChecker.R","checkProcessMethod",104,5,105,37,5,37,11460,11461,274
"R/UtilitiesFuncInputChecker.R","checkContigName",109,9,109,27,9,27,109,109,89
"R/UtilitiesFuncInputChecker.R","checkContigName",110,9,112,51,9,51,11466,11468,1
"R/UtilitiesFuncInputChecker.R","checkContigName",114,5,114,28,5,28,11470,11470,88
"R/UtilitiesFuncInputChecker.R","checkGeneticCode",118,9,118,42,9,42,118,118,387
"R/UtilitiesFuncInputChecker.R","checkGeneticCode",119,9,121,51,9,51,11475,11477,0
"R/UtilitiesFuncInputChecker.R","checkGeneticCode",123,9,123,31,9,31,123,123,387
"R/UtilitiesFuncInputChecker.R","checkGeneticCode",124,9,126,51,9,51,11480,11482,0
"R/UtilitiesFuncInputChecker.R","checkGeneticCode",128,5,128,28,5,28,11484,11484,387
"R/UtilitiesFuncInputChecker.R","checkRefAAS",132,5,135,49,5,49,11488,11491,271
"R/UtilitiesFuncInputChecker.R","checkMinReadsNum",141,5,142,61,5,61,11497,11498,272
"R/UtilitiesFuncInputChecker.R","checkMinReadsNum",143,9,144,24,9,24,143,144,272
"R/UtilitiesFuncInputChecker.R","checkMinReadsNum",145,9,147,51,9,51,11501,11503,2
"R/UtilitiesFuncInputChecker.R","checkMinReadsNum",149,5,149,7,5,7,11505,11505,272
"R/UtilitiesFuncInputChecker.R","checkMinReadLength",153,5,154,54,5,54,11509,11510,271
"R/UtilitiesFuncInputChecker.R","checkMinFractionCall",158,5,159,38,5,38,11514,11515,273
"R/UtilitiesFuncInputChecker.R","checkMaxFractionLost",163,5,164,38,5,38,11519,11520,273
"R/UtilitiesFuncInputChecker.R","checkAcceptStopCodons",168,9,168,37,9,37,168,168,273
"R/UtilitiesFuncInputChecker.R","checkAcceptStopCodons",169,9,171,51,9,51,11525,11527,1
"R/UtilitiesFuncInputChecker.R","checkAcceptStopCodons",173,5,173,28,5,28,11529,11529,272
"R/UtilitiesFuncInputChecker.R","checkReadingFrame",177,9,177,33,9,33,177,177,275
"R/UtilitiesFuncInputChecker.R","checkReadingFrame",178,9,180,50,9,50,11534,11536,0
"R/UtilitiesFuncInputChecker.R","checkReadingFrame",182,9,182,39,9,39,182,182,275
"R/UtilitiesFuncInputChecker.R","checkReadingFrame",183,9,185,51,9,51,11539,11541,2
"R/UtilitiesFuncInputChecker.R","checkReadingFrame",187,5,187,28,5,28,11543,11543,273
"R/UtilitiesFuncInputChecker.R","checkProcessorsNum",191,9,191,30,9,30,191,191,274
"R/UtilitiesFuncInputChecker.R","checkProcessorsNum",191,33,191,64,33,64,191,191,1
"R/UtilitiesFuncInputChecker.R","checkProcessorsNum",192,9,192,34,9,34,192,192,273
"R/UtilitiesFuncInputChecker.R","checkProcessorsNum",193,9,195,50,9,50,11549,11551,2
"R/UtilitiesFuncInputChecker.R","checkProcessorsNum",197,9,197,31,9,31,197,197,271
"R/UtilitiesFuncInputChecker.R","checkProcessorsNum",198,9,200,50,9,50,11554,11556,0
"R/UtilitiesFuncInputChecker.R","checkProcessorsNum",202,5,202,28,5,28,11558,11558,271
"R/UtilitiesFuncInputChecker.R","checkABIF_Directory",208,9,208,31,9,31,208,208,190
"R/UtilitiesFuncInputChecker.R","checkABIF_Directory",209,9,211,51,9,51,11565,11567,0
"R/UtilitiesFuncInputChecker.R","checkABIF_Directory",213,9,213,45,9,45,213,213,190
"R/UtilitiesFuncInputChecker.R","checkABIF_Directory",214,9,216,51,9,51,11570,11572,0
"R/UtilitiesFuncInputChecker.R","checkABIF_Directory",218,9,218,35,9,35,218,218,190
"R/UtilitiesFuncInputChecker.R","checkABIF_Directory",219,9,222,55,9,55,11575,11578,0
"R/UtilitiesFuncInputChecker.R","checkABIF_Directory",224,5,224,28,5,28,11580,11580,190
"R/UtilitiesFuncInputChecker.R","checkTrimParam",232,9,232,30,9,30,232,232,1033
"R/UtilitiesFuncInputChecker.R","checkTrimParam",233,9,234,65,9,65,11589,11590,916
"R/UtilitiesFuncInputChecker.R","checkTrimParam",235,9,235,19,9,19,11591,11591,916
"R/UtilitiesFuncInputChecker.R","checkTrimParam",237,9,237,30,9,30,237,237,117
"R/UtilitiesFuncInputChecker.R","checkTrimParam",238,9,240,45,9,45,11594,11596,114
"R/UtilitiesFuncInputChecker.R","checkTrimParam",241,9,243,45,9,45,11597,11599,114
"R/UtilitiesFuncInputChecker.R","checkTrimParam",244,9,244,19,9,19,11600,11600,114
"R/UtilitiesFuncInputChecker.R","checkTrimParam",246,5,248,40,5,40,11602,11604,3
"R/UtilitiesFuncInputChecker.R","checkBaseNumPerRow",254,5,255,54,5,54,11610,11611,794
"R/UtilitiesFuncInputChecker.R","checkHeightPerRow",259,5,260,54,5,54,11615,11616,794
"R/UtilitiesFuncInputChecker.R","checkSignalRatioCutoff",264,5,265,38,5,38,11620,11621,812
"R/UtilitiesFuncInputChecker.R","checkShowTrimmed",269,9,269,32,9,32,269,269,794
"R/UtilitiesFuncInputChecker.R","checkShowTrimmed",270,9,272,51,9,51,11626,11628,0
"R/UtilitiesFuncInputChecker.R","checkShowTrimmed",274,5,274,28,5,28,11630,11630,794
"R/UtilitiesFuncInputChecker.R","checkFASTA_File",286,9,286,27,9,27,286,286,80
"R/UtilitiesFuncInputChecker.R","checkFASTA_File",287,9,289,51,9,51,11643,11645,0
"R/UtilitiesFuncInputChecker.R","checkFASTA_File",291,9,291,41,9,41,291,291,80
"R/UtilitiesFuncInputChecker.R","checkFASTA_File",292,9,294,51,9,51,11648,11650,0
"R/UtilitiesFuncInputChecker.R","checkFASTA_File",296,9,296,32,9,32,296,296,80
"R/UtilitiesFuncInputChecker.R","checkFASTA_File",297,9,299,50,9,50,11653,11655,0
"R/UtilitiesFuncInputChecker.R","checkFASTA_File",301,5,303,81,5,81,11657,11659,80
"R/UtilitiesFuncInputChecker.R","checkREGEX_SuffixForward",307,9,307,36,9,36,307,307,247
"R/UtilitiesFuncInputChecker.R","checkREGEX_SuffixForward",308,9,310,51,9,51,11664,11666,0
"R/UtilitiesFuncInputChecker.R","checkREGEX_SuffixForward",312,9,312,50,9,50,312,312,247
"R/UtilitiesFuncInputChecker.R","checkREGEX_SuffixForward",313,9,315,51,9,51,11669,11671,0
"R/UtilitiesFuncInputChecker.R","checkREGEX_SuffixForward",317,5,317,28,5,28,11673,11673,247
"R/UtilitiesFuncInputChecker.R","checkREGEX_SuffixReverse",321,9,321,36,9,36,321,321,247
"R/UtilitiesFuncInputChecker.R","checkREGEX_SuffixReverse",322,9,324,51,9,51,11678,11680,0
"R/UtilitiesFuncInputChecker.R","checkREGEX_SuffixReverse",326,9,326,50,9,50,326,326,247
"R/UtilitiesFuncInputChecker.R","checkREGEX_SuffixReverse",327,9,329,51,9,51,11683,11685,0
"R/UtilitiesFuncInputChecker.R","checkREGEX_SuffixReverse",331,5,331,28,5,28,11687,11687,247
"R/UtilitiesFuncInputChecker.R","checkCSV_NamesConversion",335,9,335,36,9,36,335,335,23
"R/UtilitiesFuncInputChecker.R","checkCSV_NamesConversion",336,9,338,51,9,51,11692,11694,0
"R/UtilitiesFuncInputChecker.R","checkCSV_NamesConversion",340,9,340,50,9,50,340,340,23
"R/UtilitiesFuncInputChecker.R","checkCSV_NamesConversion",341,9,343,51,9,51,11697,11699,0
"R/UtilitiesFuncInputChecker.R","checkCSV_NamesConversion",345,9,345,41,9,41,345,345,23
"R/UtilitiesFuncInputChecker.R","checkCSV_NamesConversion",346,9,349,54,9,54,11702,11705,0
"R/UtilitiesFuncInputChecker.R","checkCSV_NamesConversion",351,5,351,28,5,28,11707,11707,23
"R/UtilitiesFuncInputChecker.R","checkReadFileNameExist",355,9,355,34,9,34,355,355,595
"R/UtilitiesFuncInputChecker.R","checkReadFileNameExist",356,9,358,50,9,50,11712,11714,11
"R/UtilitiesFuncInputChecker.R","checkReadFileNameExist",360,5,360,28,5,28,11716,11716,584
"R/UtilitiesFuncInputChecker.R","checkReadFileName",364,9,364,29,9,29,364,364,593
"R/UtilitiesFuncInputChecker.R","checkReadFileName",365,9,367,82,9,82,11721,11723,514
"R/UtilitiesFuncInputChecker.R","checkReadFileName",369,9,369,30,9,30,369,369,79
"R/UtilitiesFuncInputChecker.R","checkReadFileName",370,9,373,68,9,68,11726,11729,79
"R/UtilitiesFuncInputChecker.R","checkReadFileName",375,5,375,28,5,28,11731,11731,0
"R/UtilitiesFuncInputChecker.R","checkTargetFastaName",380,9,380,32,9,32,380,380,75
"R/UtilitiesFuncInputChecker.R","checkTargetFastaName",381,9,385,50,9,50,11737,11741,1
"R/UtilitiesFuncInputChecker.R","checkTargetFastaName",387,5,387,28,5,28,11743,11743,74
"R/UtilitiesFuncInputChecker.R","checkReadFeature",391,5,393,37,5,37,11747,11749,116
"R/UtilitiesFuncInputChecker.R","checkQualityPhredScores",397,9,397,39,9,39,397,397,508
"R/UtilitiesFuncInputChecker.R","checkQualityPhredScores",398,9,400,51,9,51,11754,11756,0
"R/UtilitiesFuncInputChecker.R","checkQualityPhredScores",403,5,405,66,5,66,11759,11761,508
"R/UtilitiesFuncInputChecker.R","checkQualityPhredScores",406,9,406,17,9,17,406,406,508
"R/UtilitiesFuncInputChecker.R","checkQualityPhredScores",407,9,410,51,9,51,11763,11766,0
"R/UtilitiesFuncInputChecker.R","checkQualityPhredScores",412,5,412,28,5,28,11768,11768,508
"R/UtilitiesFuncInputChecker.R","checkAb1FastaCsv",422,9,422,41,9,41,422,422,23
"R/UtilitiesFuncInputChecker.R","checkAb1FastaCsv",423,9,427,50,9,50,11779,11783,0
"R/UtilitiesFuncInputChecker.R","checkAb1FastaCsv",429,5,429,27,5,27,11785,11785,23
"R/UtilitiesFuncInputChecker.R","checkAb1FastaCsv",430,9,430,29,9,29,430,430,23
"R/UtilitiesFuncInputChecker.R","checkAb1FastaCsv",431,9,431,63,9,63,11787,11787,7
"R/UtilitiesFuncInputChecker.R","checkAb1FastaCsv",432,9,432,47,9,47,11788,11788,7
"R/UtilitiesFuncInputChecker.R","checkAb1FastaCsv",433,9,433,52,9,52,11789,11789,7
"R/UtilitiesFuncInputChecker.R","checkAb1FastaCsv",434,9,434,71,9,71,11790,11790,7
"R/UtilitiesFuncInputChecker.R","checkAb1FastaCsv",435,16,435,37,16,37,435,435,16
"R/UtilitiesFuncInputChecker.R","checkAb1FastaCsv",436,9,436,63,9,63,11792,11792,16
"R/UtilitiesFuncInputChecker.R","checkAb1FastaCsv",437,9,437,47,9,47,11793,11793,16
"R/UtilitiesFuncInputChecker.R","checkAb1FastaCsv",438,9,438,61,9,61,11794,11794,16
"R/UtilitiesFuncInputChecker.R","checkAb1FastaCsv",439,9,439,39,9,39,11795,11795,16
"R/UtilitiesFuncInputChecker.R","checkAb1FastaCsv",443,5,443,52,5,52,11799,11799,23
"R/UtilitiesFuncInputChecker.R","checkAb1FastaCsv",444,9,444,35,9,35,444,444,23
"R/UtilitiesFuncInputChecker.R","checkAb1FastaCsv",445,9,448,56,9,56,11801,11804,2
"R/UtilitiesFuncInputChecker.R","checkAb1FastaCsv",450,5,450,52,5,52,11806,11806,23
"R/UtilitiesFuncInputChecker.R","checkAb1FastaCsv",451,9,451,35,9,35,451,451,23
"R/UtilitiesFuncInputChecker.R","checkAb1FastaCsv",452,9,454,67,9,67,11808,11810,2
"R/UtilitiesFuncInputChecker.R","checkAb1FastaCsv",457,5,457,54,5,54,11813,11813,23
"R/UtilitiesFuncInputChecker.R","checkAb1FastaCsv",458,5,458,61,5,61,11814,11814,23
"R/UtilitiesFuncInputChecker.R","checkAb1FastaCsv",459,9,459,33,9,33,459,459,23
"R/UtilitiesFuncInputChecker.R","checkAb1FastaCsv",460,9,464,48,9,48,11816,11820,3
"R/UtilitiesFuncInputChecker.R","checkAb1FastaCsv",467,5,467,54,5,54,11823,11823,20
"R/UtilitiesFuncInputChecker.R","checkAb1FastaCsv",468,9,469,40,9,40,468,469,20
"R/UtilitiesFuncInputChecker.R","checkAb1FastaCsv",470,9,472,45,9,45,11826,11828,1
"R/UtilitiesFuncInputChecker.R","checkAb1FastaCsv",475,9,475,30,9,30,475,475,19
"R/UtilitiesFuncInputChecker.R","checkAb1FastaCsv",475,33,475,69,33,69,475,475,2
"R/UtilitiesFuncInputChecker.R","checkAb1FastaCsv",476,5,476,28,5,28,11832,11832,19
"R/UtilitiesFuncInputChecker.R","checkGreplForward",482,9,482,45,9,45,482,482,793
"R/UtilitiesFuncInputChecker.R","checkGreplForward",483,9,487,46,9,46,11839,11843,1
"R/UtilitiesFuncInputChecker.R","checkGreplForward",489,5,489,32,5,32,11845,11845,792
"R/UtilitiesFuncInputChecker.R","checkGreplReverse",493,9,493,45,9,45,493,493,793
"R/UtilitiesFuncInputChecker.R","checkGreplReverse",494,9,498,46,9,46,11850,11854,1
"R/UtilitiesFuncInputChecker.R","checkGreplReverse",500,5,500,32,5,32,11856,11856,792
"R/UtilitiesFuncInputChecker.R","checkCSVConvForward",504,9,504,34,9,34,504,504,35
"R/UtilitiesFuncInputChecker.R","checkCSVConvForward",505,9,509,44,9,44,11861,11865,3
"R/UtilitiesFuncInputChecker.R","checkCSVConvForward",511,5,511,32,5,32,11867,11867,32
"R/UtilitiesFuncInputChecker.R","checkCSVConvReverse",515,9,515,34,9,34,515,515,34
"R/UtilitiesFuncInputChecker.R","checkCSVConvReverse",516,9,520,44,9,44,11872,11876,1
"R/UtilitiesFuncInputChecker.R","checkCSVConvReverse",522,5,522,32,5,32,11878,11878,33
"src/peakvalues.cpp",NA,31,1,31,57,1,57,31,31,261
"src/peakvalues.cpp",NA,34,1,34,27,1,27,34,34,261
"src/peakvalues.cpp",NA,35,1,35,30,1,30,35,35,261
"src/peakvalues.cpp",NA,36,1,36,29,1,29,36,36,261
"src/peakvalues.cpp",NA,37,1,37,27,1,27,37,37,261
"src/peakvalues.cpp",NA,38,1,38,30,1,30,38,38,261
"src/peakvalues.cpp",NA,40,1,40,33,1,33,40,40,15316
"src/peakvalues.cpp",NA,41,1,41,35,1,35,41,41,15055
"src/peakvalues.cpp",NA,42,1,42,42,1,42,42,42,15055
"src/peakvalues.cpp",NA,43,1,43,29,1,29,43,43,826
"src/peakvalues.cpp",NA,44,1,44,37,1,37,44,44,826
"src/peakvalues.cpp",NA,45,1,45,49,1,49,45,45,826
"src/peakvalues.cpp",NA,46,1,46,51,1,51,46,46,823
"src/peakvalues.cpp",NA,47,1,47,32,1,32,47,47,379
"src/peakvalues.cpp",NA,48,1,48,34,1,34,48,48,379
"src/peakvalues.cpp",NA,49,1,49,40,1,40,49,49,379
"src/peakvalues.cpp",NA,50,1,50,17,1,17,50,50,379
"src/peakvalues.cpp",NA,51,1,51,13,1,13,51,51,823
"src/peakvalues.cpp",NA,52,1,52,9,1,9,52,52,826
"src/peakvalues.cpp",NA,53,1,53,5,1,5,53,53,15055
"src/peakvalues.cpp",NA,55,1,55,31,1,31,55,55,261
"src/peakvalues.cpp",NA,56,1,56,21,1,21,56,56,261
"src/peakvalues.cpp",NA,57,1,57,21,1,21,57,57,61
"src/peakvalues.cpp",NA,58,1,58,25,1,25,58,58,61
"src/peakvalues.cpp",NA,59,1,59,31,1,31,59,59,261
"src/peakvalues.cpp",NA,62,1,62,25,1,25,62,62,1
"src/peakvalues.cpp",NA,63,1,63,25,1,25,63,63,1
"src/peakvalues.cpp",NA,64,1,64,12,1,12,64,64,1
"src/peakvalues.cpp",NA,65,1,65,25,1,25,65,65,199
"src/peakvalues.cpp",NA,66,1,66,25,1,25,66,66,199
"src/peakvalues.cpp",NA,68,1,68,15,1,15,68,68,261
"src/peakvalues.cpp",NA,69,1,69,1,1,1,69,69,261
"src/peakvalues.cpp",NA,82,1,82,63,1,63,82,82,648
"src/peakvalues.cpp",NA,85,1,85,27,1,27,85,85,648
"src/peakvalues.cpp",NA,86,1,86,33,1,33,86,86,648
"src/peakvalues.cpp",NA,87,1,87,29,1,29,87,87,648
"src/peakvalues.cpp",NA,88,1,88,64,1,64,88,88,2
"src/peakvalues.cpp",NA,91,1,91,34,1,34,91,91,646
"src/peakvalues.cpp",NA,93,1,93,33,1,33,93,93,454378
"src/peakvalues.cpp",NA,94,1,94,41,1,41,94,94,453732
"src/peakvalues.cpp",NA,95,1,95,40,1,40,95,95,453732
"src/peakvalues.cpp",NA,96,1,96,39,1,39,96,96,453732
"src/peakvalues.cpp",NA,97,1,97,38,1,38,97,97,453732
"src/peakvalues.cpp",NA,98,1,98,36,1,36,98,98,453732
"src/peakvalues.cpp",NA,99,1,99,36,1,36,99,99,453732
"src/peakvalues.cpp",NA,101,1,101,37,1,37,101,101,488918944
"src/peakvalues.cpp",NA,102,1,102,39,1,39,102,102,488465212
"src/peakvalues.cpp",NA,103,1,103,46,1,46,103,103,488465212
"src/peakvalues.cpp",NA,104,1,104,33,1,33,104,104,584708
"src/peakvalues.cpp",NA,105,1,105,41,1,41,105,105,584708
"src/peakvalues.cpp",NA,106,1,106,53,1,53,106,106,584708
"src/peakvalues.cpp",NA,107,1,107,55,1,55,107,107,584708
"src/peakvalues.cpp",NA,108,1,108,36,1,36,108,108,382014
"src/peakvalues.cpp",NA,109,1,109,38,1,38,109,109,382014
"src/peakvalues.cpp",NA,110,1,110,44,1,44,110,110,382014
"src/peakvalues.cpp",NA,111,1,111,21,1,21,111,111,382014
"src/peakvalues.cpp",NA,112,1,112,17,1,17,112,112,584708
"src/peakvalues.cpp",NA,113,1,113,13,1,13,113,113,584708
"src/peakvalues.cpp",NA,114,1,114,9,1,9,114,114,488465212
"src/peakvalues.cpp",NA,116,1,116,25,1,25,116,116,453732
"src/peakvalues.cpp",NA,117,1,117,28,1,28,117,117,83053
"src/peakvalues.cpp",NA,118,1,118,32,1,32,118,118,83053
"src/peakvalues.cpp",NA,119,1,119,35,1,35,119,119,453732
"src/peakvalues.cpp",NA,120,1,120,32,1,32,120,120,0
"src/peakvalues.cpp",NA,121,1,121,32,1,32,121,121,0
"src/peakvalues.cpp",NA,122,1,122,16,1,16,122,122,0
"src/peakvalues.cpp",NA,123,1,123,32,1,32,123,123,370679
"src/peakvalues.cpp",NA,124,1,124,32,1,32,124,124,370679
"src/peakvalues.cpp",NA,126,1,126,5,1,5,126,126,453732
"src/peakvalues.cpp",NA,127,1,127,15,1,15,127,127,646
"src/peakvalues.cpp",NA,128,1,128,1,1,1,128,128,646
