sample.interval=5000
"isatty" "num_ansi_colors" "color" "paste0" "grayscale_by_log_level" "eval" "eval" "withCallingHandlers" "with_glue_error" ".transformer" "%||%" "<Anonymous>" "glue_data" "glue::glue" "layout" "<Anonymous>" "do.call" "structure" "FUN" "lapply" "log_level" "log_info" ".local" "initialize" "initialize" "new" "FUN" "lapply" ".local" "initialize" "initialize" "new" "SangerAlignment" 
"str_replace" "RTC" "read.abif" ".local" "initialize" "initialize" "new" "FUN" "lapply" ".local" "initialize" "initialize" "new" "FUN" "lapply" ".local" "initialize" "initialize" "new" "SangerAlignment" 
".identC" "<Anonymous>" "read.abif" ".local" "initialize" "initialize" "new" "FUN" "lapply" ".local" "initialize" "initialize" "new" "FUN" "lapply" ".local" "initialize" "initialize" "new" "SangerAlignment" 
"read.abif" ".local" "initialize" "initialize" "new" "FUN" "lapply" ".local" "initialize" "initialize" "new" "FUN" "lapply" ".local" "initialize" "initialize" "new" "SangerAlignment" 
"readBin" "SInt16" "read.abif" ".local" "initialize" "initialize" "new" "FUN" "lapply" ".local" "initialize" "initialize" "new" "FUN" "lapply" ".local" "initialize" "initialize" "new" "SangerAlignment" 
"%in%" "read.abif" ".local" "initialize" "initialize" "new" "FUN" "lapply" ".local" "initialize" "initialize" "new" "FUN" "lapply" ".local" "initialize" "initialize" "new" "SangerAlignment" 
"vapply" "fix_replacement" "stri_replace_first_regex" "str_replace" "RTC" "read.abif" ".local" "initialize" "initialize" "new" "FUN" "lapply" ".local" "initialize" "initialize" "new" "FUN" "lapply" ".local" "initialize" "initialize" "new" "SangerAlignment" 
"<" "peakvalues" "MakeBaseCallsInside" ".local" "initialize" "initialize" "new" "FUN" "lapply" ".local" "initialize" "initialize" "new" "FUN" "lapply" ".local" "initialize" "initialize" "new" "SangerAlignment" 
"peakvalues" "MakeBaseCallsInside" ".local" "initialize" "initialize" "new" "FUN" "lapply" ".local" "initialize" "initialize" "new" "FUN" "lapply" ".local" "initialize" "initialize" "new" "SangerAlignment" 
">" "peakvalues" "MakeBaseCallsInside" ".local" "initialize" "initialize" "new" "FUN" "lapply" ".local" "initialize" "initialize" "new" "FUN" "lapply" ".local" "initialize" "initialize" "new" "SangerAlignment" 
"c" "MakeBaseCallsInside" ".local" "initialize" "initialize" "new" "FUN" "lapply" ".local" "initialize" "initialize" "new" "FUN" "lapply" ".local" "initialize" "initialize" "new" "SangerAlignment" 
"peakvalues" "MakeBaseCallsInside" ".local" "initialize" "initialize" "new" "FUN" "lapply" ".local" "initialize" "initialize" "new" "FUN" "lapply" ".local" "initialize" "initialize" "new" "SangerAlignment" 
"order" "MakeBaseCallsInside" ".local" "initialize" "initialize" "new" "FUN" "lapply" ".local" "initialize" "initialize" "new" "FUN" "lapply" ".local" "initialize" "initialize" "new" "SangerAlignment" 
"peakvalues" "MakeBaseCallsInside" ".local" "initialize" "initialize" "new" "FUN" "lapply" ".local" "initialize" "initialize" "new" "FUN" "lapply" ".local" "initialize" "initialize" "new" "SangerAlignment" 
"peakvalues" "MakeBaseCallsInside" ".local" "initialize" "initialize" "new" "FUN" "lapply" ".local" "initialize" "initialize" "new" "FUN" "lapply" ".local" "initialize" "initialize" "new" "SangerAlignment" 
"peakvalues" "MakeBaseCallsInside" ".local" "initialize" "initialize" "new" "FUN" "lapply" ".local" "initialize" "initialize" "new" "FUN" "lapply" ".local" "initialize" "initialize" "new" "SangerAlignment" 
"<" "peakvalues" "MakeBaseCallsInside" ".local" "initialize" "initialize" "new" "FUN" "lapply" ".local" "initialize" "initialize" "new" "FUN" "lapply" ".local" "initialize" "initialize" "new" "SangerAlignment" 
"eval" "match.arg" "order" "MakeBaseCallsInside" ".local" "initialize" "initialize" "new" "FUN" "lapply" ".local" "initialize" "initialize" "new" "FUN" "lapply" ".local" "initialize" "initialize" "new" "SangerAlignment" 
"MakeBaseCallsInside" ".local" "initialize" "initialize" "new" "FUN" "lapply" ".local" "initialize" "initialize" "new" "FUN" "lapply" ".local" "initialize" "initialize" "new" "SangerAlignment" 
"match.arg" "order" "MakeBaseCallsInside" ".local" "initialize" "initialize" "new" "FUN" "lapply" ".local" "initialize" "initialize" "new" "FUN" "lapply" ".local" "initialize" "initialize" "new" "SangerAlignment" 
"<" "peakvalues" "MakeBaseCallsInside" ".local" "initialize" "initialize" "new" "FUN" "lapply" ".local" "initialize" "initialize" "new" "FUN" "lapply" ".local" "initialize" "initialize" "new" "SangerAlignment" 
"peakvalues" "MakeBaseCallsInside" ".local" "initialize" "initialize" "new" "FUN" "lapply" ".local" "initialize" "initialize" "new" "FUN" "lapply" ".local" "initialize" "initialize" "new" "SangerAlignment" 
"rev.default" "rev" "validObject" "shift" "shift" "initialize" "initialize" "new" "new2" ".unsafe.extractList" "extractList" "extractList" ".oneSeqToXStringSet" "XStringSet" "XStringSet" "DNAStringSet" "translate" "Biostrings::translate" "Biostrings::translate" "withCallingHandlers" "suppressWarnings" "calculateAASeq" ".local" "initialize" "initialize" "new" "FUN" "lapply" ".local" "initialize" "initialize" "new" "FUN" "lapply" ".local" "initialize" "initialize" "new" "SangerAlignment" 
".Call2" ".vmatch.XStringSet.XStringSet" ".vmatch.XStringSet" ".vmatchPDict" "vwhichPDict" "vwhichPDict" ".make_fuzzy_genetic_code" "translate" "translate" "Biostrings::translate" "Biostrings::translate" "withCallingHandlers" "suppressWarnings" "calculateAASeq" ".local" "initialize" "initialize" "new" "FUN" "lapply" ".local" "initialize" "initialize" "new" "FUN" "lapply" ".local" "initialize" "initialize" "new" "SangerAlignment" 
".Call2" ".vmatch.XStringSet.XStringSet" ".vmatch.XStringSet" ".vmatchPDict" "vwhichPDict" "vwhichPDict" ".make_fuzzy_genetic_code" "translate" "translate" "Biostrings::translate" "Biostrings::translate" "withCallingHandlers" "suppressWarnings" "calculateAASeq" ".local" "initialize" "initialize" "new" "FUN" "lapply" ".local" "initialize" "initialize" "new" "FUN" "lapply" ".local" "initialize" "initialize" "new" "SangerAlignment" 
"names<-" "names<-" ".make_fuzzy_genetic_code" "translate" "translate" "Biostrings::translate" "Biostrings::translate" "withCallingHandlers" "suppressWarnings" "calculateAASeq" ".local" "initialize" "initialize" "new" "FUN" "lapply" ".local" "initialize" "initialize" "new" "FUN" "lapply" ".local" "initialize" "initialize" "new" "SangerAlignment" 
"eval" "match.arg" "sort.int" "sort.default" "sort" "methods:::.selectDotsMethod" "standardGeneric" "paste" "FUN" "lapply" "lapply" "unlist" ".mkAllStringsR" ".mkAllStringsR" ".mkAllStrings" "mkAllStrings" ".make_translation_lkup" "translate" "translate" "Biostrings::translate" "Biostrings::translate" "withCallingHandlers" "suppressWarnings" "calculateAASeq" ".local" "initialize" "initialize" "new" "FUN" "lapply" ".local" "initialize" "initialize" "new" "FUN" "lapply" ".local" "initialize" "initialize" "new" "SangerAlignment" 
"stopifnot" "is" "callNextMethod" "methods:::loadMethod" "methods:::loadMethod" "updateObject" "names<-" "names<-" "names<-" "names<-" ".charToXStringSet" "XStringSet" "XStringSet" "DNAStringSet" "vwhichPDict" ".make_fuzzy_genetic_code" "translate" "translate" "Biostrings::translate" "Biostrings::translate" "withCallingHandlers" "suppressWarnings" "calculateAASeq" ".local" "initialize" "initialize" "new" "FUN" "lapply" ".local" "initialize" "initialize" "new" "FUN" "lapply" ".local" "initialize" "initialize" "new" "SangerAlignment" 
".Call2" ".vmatch.XStringSet.XStringSet" ".vmatch.XStringSet" ".vmatchPDict" "vwhichPDict" "vwhichPDict" ".make_fuzzy_genetic_code" "translate" "translate" "Biostrings::translate" "Biostrings::translate" "withCallingHandlers" "suppressWarnings" "calculateAASeq" ".local" "initialize" "initialize" "new" "FUN" "lapply" ".local" "initialize" "initialize" "new" "FUN" "lapply" ".local" "initialize" "initialize" "new" "SangerAlignment" 
"FUN" "lapply" "sapply" "sapply" "standardGeneric" "which" "listClassName" ".selectListClassName" "relistToClass" "relistToClass" "relist" "standardGeneric" "relist" "relist" "standardGeneric" "relist" ".dotargsAsList" "IntegerList" "initialize" "initialize" "new" "ManyToOneGrouping" "asMethod" "as" "subgrouping" ".local" "duplicated" "duplicated" "unique" "unique" ".make_fuzzy_genetic_code" "translate" "translate" "Biostrings::translate" "Biostrings::translate" "withCallingHandlers" "suppressWarnings" "calculateAASeq" ".local" "initialize" "initialize" "new" "FUN" "lapply" ".local" "initialize" "initialize" "new" "FUN" "lapply" ".local" "initialize" "initialize" "new" "SangerAlignment" 
"validObject" "initialize" "initialize" "extractROWS" "extractROWS" "recycleSingleBracketReplacementValue" ".nextMethod" "eval" "eval" "callNextMethod" "[<-" "[<-" ".make_fuzzy_genetic_code" "translate" "translate" "Biostrings::translate" "Biostrings::translate" "withCallingHandlers" "suppressWarnings" "calculateAASeq" ".local" "initialize" "initialize" "new" "FUN" "lapply" ".local" "initialize" "initialize" "new" "FUN" "lapply" ".local" "initialize" "initialize" "new" "SangerAlignment" 
"%in%" "methods:::.selectDotsMethod" "standardGeneric" "paste" "FUN" "lapply" "lapply" "unlist" ".mkAllStringsR" ".mkAllStrings" "mkAllStrings" ".make_fuzzy_genetic_code" "translate" "translate" "Biostrings::translate" "Biostrings::translate" "withCallingHandlers" "suppressWarnings" "calculateAASeq" ".local" "initialize" "initialize" "new" "FUN" "lapply" ".local" "initialize" "initialize" "new" "FUN" "lapply" ".local" "initialize" "initialize" "new" "SangerAlignment" 
".Call2" ".vmatch.XStringSet.XStringSet" ".vmatch.XStringSet" ".vmatchPDict" "vwhichPDict" "vwhichPDict" ".make_fuzzy_genetic_code" "translate" "translate" "Biostrings::translate" "Biostrings::translate" "withCallingHandlers" "suppressWarnings" "calculateAASeq" ".local" "initialize" "initialize" "new" "FUN" "lapply" ".local" "initialize" "initialize" "new" "FUN" "lapply" ".local" "initialize" "initialize" "new" "SangerAlignment" 
"rep.int" "standardGeneric" "rep.int" "togroup" "togroup" "grouping" "subgrouping" ".local" "duplicated" "duplicated" "unique" "unique" ".make_fuzzy_genetic_code" "translate" "translate" "Biostrings::translate" "Biostrings::translate" "withCallingHandlers" "suppressWarnings" "calculateAASeq" ".local" "initialize" "initialize" "new" "FUN" "lapply" ".local" "initialize" "initialize" "new" "FUN" "lapply" ".local" "initialize" "initialize" "new" "SangerAlignment" 
"is.list" "getClassDef" "initialize" "initialize" "new" "new2" "NativeNSBS" "NSBS" "NSBS" "normalizeSingleBracketSubscript" "extractROWS" "extractROWS" "recycleSingleBracketReplacementValue" ".nextMethod" "eval" "eval" "callNextMethod" "[<-" "[<-" ".make_fuzzy_genetic_code" "translate" "translate" "Biostrings::translate" "Biostrings::translate" "withCallingHandlers" "suppressWarnings" "calculateAASeq" ".local" "initialize" "initialize" "new" "FUN" "lapply" ".local" "initialize" "initialize" "new" "FUN" "lapply" ".local" "initialize" "initialize" "new" "SangerAlignment" 
"is.na" ".make_translation_lkup" "translate" "translate" "Biostrings::translate" "Biostrings::translate" "withCallingHandlers" "suppressWarnings" "calculateAASeq" ".local" "initialize" "initialize" "new" "FUN" "lapply" ".local" "initialize" "initialize" "new" "FUN" "lapply" ".local" "initialize" "initialize" "new" "SangerAlignment" 
"file.info" "readBin" "readBinaryData" "read.abif" ".local" "initialize" "initialize" "new" "FUN" "lapply" ".local" "initialize" "initialize" "new" "FUN" "lapply" ".local" "initialize" "initialize" "new" "SangerAlignment" 
"getClass" "<Anonymous>" "read.abif" ".local" "initialize" "initialize" "new" "FUN" "lapply" ".local" "initialize" "initialize" "new" "FUN" "lapply" ".local" "initialize" "initialize" "new" "SangerAlignment" 
"read.abif" ".local" "initialize" "initialize" "new" "FUN" "lapply" ".local" "initialize" "initialize" "new" "FUN" "lapply" ".local" "initialize" "initialize" "new" "SangerAlignment" 
"stri_replace_first_regex" "str_replace" "RTC" "read.abif" ".local" "initialize" "initialize" "new" "FUN" "lapply" ".local" "initialize" "initialize" "new" "FUN" "lapply" ".local" "initialize" "initialize" "new" "SangerAlignment" 
"rle" "getpeaks" "MakeBaseCallsInside" ".local" "initialize" "initialize" "new" "FUN" "lapply" ".local" "initialize" "initialize" "new" "FUN" "lapply" ".local" "initialize" "initialize" "new" "SangerAlignment" 
"<" "peakvalues" "MakeBaseCallsInside" ".local" "initialize" "initialize" "new" "FUN" "lapply" ".local" "initialize" "initialize" "new" "FUN" "lapply" ".local" "initialize" "initialize" "new" "SangerAlignment" 
"c" "MakeBaseCallsInside" ".local" "initialize" "initialize" "new" "FUN" "lapply" ".local" "initialize" "initialize" "new" "FUN" "lapply" ".local" "initialize" "initialize" "new" "SangerAlignment" 
"&" "peakvalues" "MakeBaseCallsInside" ".local" "initialize" "initialize" "new" "FUN" "lapply" ".local" "initialize" "initialize" "new" "FUN" "lapply" ".local" "initialize" "initialize" "new" "SangerAlignment" 
"&" "peakvalues" "MakeBaseCallsInside" ".local" "initialize" "initialize" "new" "FUN" "lapply" ".local" "initialize" "initialize" "new" "FUN" "lapply" ".local" "initialize" "initialize" "new" "SangerAlignment" 
"peakvalues" "MakeBaseCallsInside" ".local" "initialize" "initialize" "new" "FUN" "lapply" ".local" "initialize" "initialize" "new" "FUN" "lapply" ".local" "initialize" "initialize" "new" "SangerAlignment" 
"peakvalues" "MakeBaseCallsInside" ".local" "initialize" "initialize" "new" "FUN" "lapply" ".local" "initialize" "initialize" "new" "FUN" "lapply" ".local" "initialize" "initialize" "new" "SangerAlignment" 
"peakvalues" "MakeBaseCallsInside" ".local" "initialize" "initialize" "new" "FUN" "lapply" ".local" "initialize" "initialize" "new" "FUN" "lapply" ".local" "initialize" "initialize" "new" "SangerAlignment" 
"peakvalues" "MakeBaseCallsInside" ".local" "initialize" "initialize" "new" "FUN" "lapply" ".local" "initialize" "initialize" "new" "FUN" "lapply" ".local" "initialize" "initialize" "new" "SangerAlignment" 
"peakvalues" "MakeBaseCallsInside" ".local" "initialize" "initialize" "new" "FUN" "lapply" ".local" "initialize" "initialize" "new" "FUN" "lapply" ".local" "initialize" "initialize" "new" "SangerAlignment" 
"peakvalues" "MakeBaseCallsInside" ".local" "initialize" "initialize" "new" "FUN" "lapply" ".local" "initialize" "initialize" "new" "FUN" "lapply" ".local" "initialize" "initialize" "new" "SangerAlignment" 
"peakvalues" "MakeBaseCallsInside" ".local" "initialize" "initialize" "new" "FUN" "lapply" ".local" "initialize" "initialize" "new" "FUN" "lapply" ".local" "initialize" "initialize" "new" "SangerAlignment" 
"match.arg" "order" "MakeBaseCallsInside" ".local" "initialize" "initialize" "new" "FUN" "lapply" ".local" "initialize" "initialize" "new" "FUN" "lapply" ".local" "initialize" "initialize" "new" "SangerAlignment" 
"peakvalues" "MakeBaseCallsInside" ".local" "initialize" "initialize" "new" "FUN" "lapply" ".local" "initialize" "initialize" "new" "FUN" "lapply" ".local" "initialize" "initialize" "new" "SangerAlignment" 
"peakvalues" "MakeBaseCallsInside" ".local" "initialize" "initialize" "new" "FUN" "lapply" ".local" "initialize" "initialize" "new" "FUN" "lapply" ".local" "initialize" "initialize" "new" "SangerAlignment" 
".identC" "as" "checkSlotAssignment" "methods::slot<-" "asMethod" "as<-" "initialize" "initialize" "new" "new2" ".unsafe.extractList" "extractList" "extractList" ".oneSeqToXStringSet" "XStringSet" "XStringSet" "DNAStringSet" "translate" "Biostrings::translate" "Biostrings::translate" "withCallingHandlers" "suppressWarnings" "calculateAASeq" ".local" "initialize" "initialize" "new" "FUN" "lapply" ".local" "initialize" "initialize" "new" "FUN" "lapply" ".local" "initialize" "initialize" "new" "SangerAlignment" 
".Call2" ".vmatch.XStringSet.XStringSet" ".vmatch.XStringSet" ".vmatchPDict" "vwhichPDict" "vwhichPDict" ".make_fuzzy_genetic_code" "translate" "translate" "Biostrings::translate" "Biostrings::translate" "withCallingHandlers" "suppressWarnings" "calculateAASeq" ".local" "initialize" "initialize" "new" "FUN" "lapply" ".local" "initialize" "initialize" "new" "FUN" "lapply" ".local" "initialize" "initialize" "new" "SangerAlignment" 
".Call2" ".vmatch.XStringSet.XStringSet" ".vmatch.XStringSet" ".vmatchPDict" "vwhichPDict" "vwhichPDict" ".make_fuzzy_genetic_code" "translate" "translate" "Biostrings::translate" "Biostrings::translate" "withCallingHandlers" "suppressWarnings" "calculateAASeq" ".local" "initialize" "initialize" "new" "FUN" "lapply" ".local" "initialize" "initialize" "new" "FUN" "lapply" ".local" "initialize" "initialize" "new" "SangerAlignment" 
".Call2" "S4Vectors:::diffWithInitialZero" "width" "width" "setNames" "elementNROWS" "elementNROWS" "elementNROWS" "elementNROWS" ".make_fuzzy_genetic_code" "translate" "translate" "Biostrings::translate" "Biostrings::translate" "withCallingHandlers" "suppressWarnings" "calculateAASeq" ".local" "initialize" "initialize" "new" "FUN" "lapply" ".local" "initialize" "initialize" "new" "FUN" "lapply" ".local" "initialize" "initialize" "new" "SangerAlignment" 
"unique" "unique" "standardGeneric" "paste" "FUN" "lapply" "lapply" "unlist" ".mkAllStringsR" ".mkAllStrings" "mkAllStrings" ".make_translation_lkup" "translate" "translate" "Biostrings::translate" "Biostrings::translate" "withCallingHandlers" "suppressWarnings" "calculateAASeq" ".local" "initialize" "initialize" "new" "FUN" "lapply" ".local" "initialize" "initialize" "new" "FUN" "lapply" ".local" "initialize" "initialize" "new" "SangerAlignment" 
".Call2" ".vmatch.XStringSet.XStringSet" ".vmatch.XStringSet" ".vmatchPDict" "vwhichPDict" "vwhichPDict" ".make_fuzzy_genetic_code" "translate" "translate" "Biostrings::translate" "Biostrings::translate" "withCallingHandlers" "suppressWarnings" "calculateAASeq" ".local" "initialize" "initialize" "new" "FUN" "lapply" ".local" "initialize" "initialize" "new" "FUN" "lapply" ".local" "initialize" "initialize" "new" "SangerAlignment" 
".Call2" ".vmatch.XStringSet.XStringSet" ".vmatch.XStringSet" ".vmatchPDict" "vwhichPDict" "vwhichPDict" ".make_fuzzy_genetic_code" "translate" "translate" "Biostrings::translate" "Biostrings::translate" "withCallingHandlers" "suppressWarnings" "calculateAASeq" ".local" "initialize" "initialize" "new" "FUN" "lapply" ".local" "initialize" "initialize" "new" "FUN" "lapply" ".local" "initialize" "initialize" "new" "SangerAlignment" 
".local" "duplicated" "duplicated" "unique" "unique" ".make_fuzzy_genetic_code" "translate" "translate" "Biostrings::translate" "Biostrings::translate" "withCallingHandlers" "suppressWarnings" "calculateAASeq" ".local" "initialize" "initialize" "new" "FUN" "lapply" ".local" "initialize" "initialize" "new" "FUN" "lapply" ".local" "initialize" "initialize" "new" "SangerAlignment" 
"eval" "eval" "eval" "standardGeneric" "paste" "FUN" "lapply" "lapply" "unlist" ".mkAllStringsR" ".mkAllStrings" "mkAllStrings" ".make_translation_lkup" "translate" "translate" "Biostrings::translate" "Biostrings::translate" "withCallingHandlers" "suppressWarnings" "calculateAASeq" ".local" "initialize" "initialize" "new" "FUN" "lapply" ".local" "initialize" "initialize" "new" "FUN" "lapply" ".local" "initialize" "initialize" "new" "SangerAlignment" 
".Call2" ".vmatch.XStringSet.XStringSet" ".vmatch.XStringSet" ".vmatchPDict" "vwhichPDict" "vwhichPDict" ".make_fuzzy_genetic_code" "translate" "translate" "Biostrings::translate" "Biostrings::translate" "withCallingHandlers" "suppressWarnings" "calculateAASeq" ".local" "initialize" "initialize" "new" "FUN" "lapply" ".local" "initialize" "initialize" "new" "FUN" "lapply" ".local" "initialize" "initialize" "new" "SangerAlignment" 
".Call2" ".vmatch.XStringSet.XStringSet" ".vmatch.XStringSet" ".vmatchPDict" "vwhichPDict" "vwhichPDict" ".make_fuzzy_genetic_code" "translate" "translate" "Biostrings::translate" "Biostrings::translate" "withCallingHandlers" "suppressWarnings" "calculateAASeq" ".local" "initialize" "initialize" "new" "FUN" "lapply" ".local" "initialize" "initialize" "new" "FUN" "lapply" ".local" "initialize" "initialize" "new" "SangerAlignment" 
"lapply" "sapply" "sapply" "standardGeneric" "which" "S4Vectors:::listClassName" "IntegerList" "initialize" "initialize" "new" "ManyToOneGrouping" "asMethod" "as" "subgrouping" ".local" "duplicated" "duplicated" "unique" "unique" ".make_fuzzy_genetic_code" "translate" "translate" "Biostrings::translate" "Biostrings::translate" "withCallingHandlers" "suppressWarnings" "calculateAASeq" ".local" "initialize" "initialize" "new" "FUN" "lapply" ".local" "initialize" "initialize" "new" "FUN" "lapply" ".local" "initialize" "initialize" "new" "SangerAlignment" 
"assign" "disableValidity" "new2" "NativeNSBS" "NSBS" "NSBS" "normalizeSingleBracketSubscript" "mergeROWS" "mergeROWS" ".nextMethod" "eval" "eval" "callNextMethod" "[<-" "[<-" ".make_fuzzy_genetic_code" "translate" "translate" "Biostrings::translate" "Biostrings::translate" "withCallingHandlers" "suppressWarnings" "calculateAASeq" ".local" "initialize" "initialize" "new" "FUN" "lapply" ".local" "initialize" "initialize" "new" "FUN" "lapply" ".local" "initialize" "initialize" "new" "SangerAlignment" 
"isatty" "num_ansi_colors" "color" "paste0" "colorize_by_log_level" "lapply" "mypaste" "crayon::bold" "eval" "eval" "withCallingHandlers" "with_glue_error" ".transformer" "%||%" "<Anonymous>" "glue_data" "glue::glue" "layout" "<Anonymous>" "do.call" "structure" "FUN" "lapply" "log_level" "log_success" ".local" "initialize" "initialize" "new" "FUN" "lapply" ".local" "initialize" "initialize" "new" "FUN" "lapply" ".local" "initialize" "initialize" "new" "SangerAlignment" 
"standardGeneric" "setdiff" ".XStringCodec.DNAorRNA" "getDNAComplementLookup" ".Call2" "SharedVector.mcopy" "xvcopy" "xvcopy" "xvcopy" "xvcopy" "reverseComplement" "reverseComplement" "FUN" "lapply" "calculateContigSeq" ".local" "initialize" "initialize" "new" "FUN" "lapply" ".local" "initialize" "initialize" "new" "SangerAlignment" 
"shift" "shift" "initialize" "initialize" "new" "new2" ".unsafe.extractList" "extractList" "extractList" ".oneSeqToXStringSet" ".charToXStringSet" "XStringSet" "XStringSet" "DNAStringSet" "ConsensusSequence" "calculateContigSeq" ".local" "initialize" "initialize" "new" "FUN" "lapply" ".local" "initialize" "initialize" "new" "SangerAlignment" 
"validObject" "initialize" "initialize" "new" "new2" ".unsafe.extractList" "extractList" "extractList" ".oneSeqToXStringSet" "XStringSet" "XStringSet" "DNAStringSet" "is" "RemoveGaps" "calculateContigSeq" ".local" "initialize" "initialize" "new" "FUN" "lapply" ".local" "initialize" "initialize" "new" "SangerAlignment" 
"%in%" "FUN" "lapply" "mclapply" "countCoincidentSp" "calculateContigSeq" ".local" "initialize" "initialize" "new" "FUN" "lapply" ".local" "initialize" "initialize" "new" "SangerAlignment" 
"windows" "windows" "narrow" "narrow" "subseq" "subseq" "FUN" "lapply" "mclapply" "countCoincidentSp" "calculateContigSeq" ".local" "initialize" "initialize" "new" "FUN" "lapply" ".local" "initialize" "initialize" "new" "SangerAlignment" 
"names" "names" "names" "names" "names" ".local" "as.character" "as.character" "as.character" "FUN" "lapply" "mclapply" "countCoincidentSp" "calculateContigSeq" ".local" "initialize" "initialize" "new" "FUN" "lapply" ".local" "initialize" "initialize" "new" "SangerAlignment" 
"is" "narrow" "narrow" "subseq" "subseq" "FUN" "lapply" "mclapply" "countCoincidentSp" "calculateContigSeq" ".local" "initialize" "initialize" "new" "FUN" "lapply" ".local" "initialize" "initialize" "new" "SangerAlignment" 
"width" "windows" "windows" "windows" "windows" "narrow" "narrow" "subseq" "subseq" "FUN" "lapply" "mclapply" "countCoincidentSp" "calculateContigSeq" ".local" "initialize" "initialize" "new" "FUN" "lapply" ".local" "initialize" "initialize" "new" "SangerAlignment" 
"c" "unsafe_replaceSlots" "<Anonymous>" "do.call" "do.call" "update_ranges" "update_ranges" "windows" "windows" "windows" "windows" "narrow" "narrow" "subseq" "subseq" "FUN" "lapply" "mclapply" "countCoincidentSp" "calculateContigSeq" ".local" "initialize" "initialize" "new" "FUN" "lapply" ".local" "initialize" "initialize" "new" "SangerAlignment" 
"stopifnot" "is" "narrow" "narrow" "subseq" "subseq" "FUN" "lapply" "mclapply" "countCoincidentSp" "calculateContigSeq" ".local" "initialize" "initialize" "new" "FUN" "lapply" ".local" "initialize" "initialize" "new" "SangerAlignment" 
"seqtype" "seqtype" "seqtype" "xscodec" "xs_dec_lkup" ".Call2" ".local" "as.character" "as.character" "as.character" "FUN" "lapply" "mclapply" "countCoincidentSp" "calculateContigSeq" ".local" "initialize" "initialize" "new" "FUN" "lapply" ".local" "initialize" "initialize" "new" "SangerAlignment" 
"isatty" "num_ansi_colors" "num_colors" "...elt" "stopifnot" "crayon::make_style" "grayscale_by_log_level" "eval" "eval" "withCallingHandlers" "with_glue_error" ".transformer" "%||%" "<Anonymous>" "glue_data" "glue::glue" "layout" "<Anonymous>" "do.call" "structure" "FUN" "lapply" "log_level" "log_success" ".local" "initialize" "initialize" "new" "FUN" "lapply" ".local" "initialize" "initialize" "new" "SangerAlignment" 
".getMethodsTable" "as" ".nextMethod" "eval" "eval" "callNextMethod" ".local" "initialize" "initialize" "new" "FUN" "lapply" ".local" "initialize" "initialize" "new" "SangerAlignment" 
"stri_replace_first_regex" "str_replace" "RTC" "read.abif" ".local" "initialize" "initialize" "new" "FUN" "lapply" ".local" "initialize" "initialize" "new" "FUN" "lapply" ".local" "initialize" "initialize" "new" "SangerAlignment" 
"stri_split_boundaries" "str_split" "FUN" "vapply" "fix_replacement" "stri_replace_first_regex" "str_replace" "RTC" "read.abif" ".local" "initialize" "initialize" "new" "FUN" "lapply" ".local" "initialize" "initialize" "new" "FUN" "lapply" ".local" "initialize" "initialize" "new" "SangerAlignment" 
"getClassDef" "getClass" "<Anonymous>" "read.abif" ".local" "initialize" "initialize" "new" "FUN" "lapply" ".local" "initialize" "initialize" "new" "FUN" "lapply" ".local" "initialize" "initialize" "new" "SangerAlignment" 
"paste" "RTC" "read.abif" ".local" "initialize" "initialize" "new" "FUN" "lapply" ".local" "initialize" "initialize" "new" "FUN" "lapply" ".local" "initialize" "initialize" "new" "SangerAlignment" 
"peakvalues" "MakeBaseCallsInside" ".local" "initialize" "initialize" "new" "FUN" "lapply" ".local" "initialize" "initialize" "new" "FUN" "lapply" ".local" "initialize" "initialize" "new" "SangerAlignment" 
"<" "peakvalues" "MakeBaseCallsInside" ".local" "initialize" "initialize" "new" "FUN" "lapply" ".local" "initialize" "initialize" "new" "FUN" "lapply" ".local" "initialize" "initialize" "new" "SangerAlignment" 
"<" "peakvalues" "MakeBaseCallsInside" ".local" "initialize" "initialize" "new" "FUN" "lapply" ".local" "initialize" "initialize" "new" "FUN" "lapply" ".local" "initialize" "initialize" "new" "SangerAlignment" 
"peakvalues" "MakeBaseCallsInside" ".local" "initialize" "initialize" "new" "FUN" "lapply" ".local" "initialize" "initialize" "new" "FUN" "lapply" ".local" "initialize" "initialize" "new" "SangerAlignment" 
"peakvalues" "MakeBaseCallsInside" ".local" "initialize" "initialize" "new" "FUN" "lapply" ".local" "initialize" "initialize" "new" "FUN" "lapply" ".local" "initialize" "initialize" "new" "SangerAlignment" 
"peakvalues" "MakeBaseCallsInside" ".local" "initialize" "initialize" "new" "FUN" "lapply" ".local" "initialize" "initialize" "new" "FUN" "lapply" ".local" "initialize" "initialize" "new" "SangerAlignment" 
"peakvalues" "MakeBaseCallsInside" ".local" "initialize" "initialize" "new" "FUN" "lapply" ".local" "initialize" "initialize" "new" "FUN" "lapply" ".local" "initialize" "initialize" "new" "SangerAlignment" 
"peakvalues" "MakeBaseCallsInside" ".local" "initialize" "initialize" "new" "FUN" "lapply" ".local" "initialize" "initialize" "new" "FUN" "lapply" ".local" "initialize" "initialize" "new" "SangerAlignment" 
"eval" "match.arg" "order" "MakeBaseCallsInside" ".local" "initialize" "initialize" "new" "FUN" "lapply" ".local" "initialize" "initialize" "new" "FUN" "lapply" ".local" "initialize" "initialize" "new" "SangerAlignment" 
"peakvalues" "MakeBaseCallsInside" ".local" "initialize" "initialize" "new" "FUN" "lapply" ".local" "initialize" "initialize" "new" "FUN" "lapply" ".local" "initialize" "initialize" "new" "SangerAlignment" 
"peakvalues" "MakeBaseCallsInside" ".local" "initialize" "initialize" "new" "FUN" "lapply" ".local" "initialize" "initialize" "new" "FUN" "lapply" ".local" "initialize" "initialize" "new" "SangerAlignment" 
"peakvalues" "MakeBaseCallsInside" ".local" "initialize" "initialize" "new" "FUN" "lapply" ".local" "initialize" "initialize" "new" "FUN" "lapply" ".local" "initialize" "initialize" "new" "SangerAlignment" 
"peakvalues" "MakeBaseCallsInside" ".local" "initialize" "initialize" "new" "FUN" "lapply" ".local" "initialize" "initialize" "new" "FUN" "lapply" ".local" "initialize" "initialize" "new" "SangerAlignment" 
"MakeBaseCallsInside" ".local" "initialize" "initialize" "new" "FUN" "lapply" ".local" "initialize" "initialize" "new" "FUN" "lapply" ".local" "initialize" "initialize" "new" "SangerAlignment" 
"mean" "M1inside_calculate_trimming" ".local" "initialize" "initialize" "new" ".local" "initialize" "initialize" "new" "FUN" "lapply" ".local" "initialize" "initialize" "new" "FUN" "lapply" ".local" "initialize" "initialize" "new" "SangerAlignment" 
".Call2" ".vmatch.XStringSet.XStringSet" ".vmatch.XStringSet" ".vmatchPDict" "vwhichPDict" "vwhichPDict" ".make_fuzzy_genetic_code" "translate" "translate" "Biostrings::translate" "Biostrings::translate" "withCallingHandlers" "suppressWarnings" "calculateAASeq" ".local" "initialize" "initialize" "new" "FUN" "lapply" ".local" "initialize" "initialize" "new" "FUN" "lapply" ".local" "initialize" "initialize" "new" "SangerAlignment" 
".Call2" ".vmatch.XStringSet.XStringSet" ".vmatch.XStringSet" ".vmatchPDict" "vwhichPDict" "vwhichPDict" ".make_fuzzy_genetic_code" "translate" "translate" "Biostrings::translate" "Biostrings::translate" "withCallingHandlers" "suppressWarnings" "calculateAASeq" ".local" "initialize" "initialize" "new" "FUN" "lapply" ".local" "initialize" "initialize" "new" "FUN" "lapply" ".local" "initialize" "initialize" "new" "SangerAlignment" 
"unique" "unique" ".make_fuzzy_genetic_code" "translate" "translate" "Biostrings::translate" "Biostrings::translate" "withCallingHandlers" "suppressWarnings" "calculateAASeq" ".local" "initialize" "initialize" "new" "FUN" "lapply" ".local" "initialize" "initialize" "new" "FUN" "lapply" ".local" "initialize" "initialize" "new" "SangerAlignment" 
"extractROWS" "extractROWS" ".new_IRanges" "IRanges" "extractROWS" "extractROWS" "replaceROWS" "replaceROWS" "mergeROWS" "mergeROWS" ".nextMethod" "eval" "eval" "callNextMethod" "[<-" "[<-" ".make_fuzzy_genetic_code" "translate" "translate" "Biostrings::translate" "Biostrings::translate" "withCallingHandlers" "suppressWarnings" "calculateAASeq" ".local" "initialize" "initialize" "new" "FUN" "lapply" ".local" "initialize" "initialize" "new" "FUN" "lapply" ".local" "initialize" "initialize" "new" "SangerAlignment" 
"sort" "methods:::.selectDotsMethod" "standardGeneric" "paste" "FUN" "lapply" "lapply" "unlist" ".mkAllStringsR" ".mkAllStringsR" ".mkAllStrings" "mkAllStrings" ".make_fuzzy_genetic_code" "translate" "translate" "Biostrings::translate" "Biostrings::translate" "withCallingHandlers" "suppressWarnings" "calculateAASeq" ".local" "initialize" "initialize" "new" "FUN" "lapply" ".local" "initialize" "initialize" "new" "FUN" "lapply" ".local" "initialize" "initialize" "new" "SangerAlignment" 
".Call2" ".vmatch.XStringSet.XStringSet" ".vmatch.XStringSet" ".vmatchPDict" "vwhichPDict" "vwhichPDict" ".make_fuzzy_genetic_code" "translate" "translate" "Biostrings::translate" "Biostrings::translate" "withCallingHandlers" "suppressWarnings" "calculateAASeq" ".local" "initialize" "initialize" "new" "FUN" "lapply" ".local" "initialize" "initialize" "new" "FUN" "lapply" ".local" "initialize" "initialize" "new" "SangerAlignment" 
".Call2" "S4Vectors:::diffWithInitialZero" "width" "width" "togroup" "togroup" "grouping" "subgrouping" ".local" "duplicated" "duplicated" "unique" "unique" ".make_fuzzy_genetic_code" "translate" "translate" "Biostrings::translate" "Biostrings::translate" "withCallingHandlers" "suppressWarnings" "calculateAASeq" ".local" "initialize" "initialize" "new" "FUN" "lapply" ".local" "initialize" "initialize" "new" "FUN" "lapply" ".local" "initialize" "initialize" "new" "SangerAlignment" 
".identC" "possibleExtends" "FUN" "lapply" "sapply" "sapply" "standardGeneric" "which" "listClassName" ".selectListClassName" "relistToClass" "relistToClass" "relist" "standardGeneric" "relist" ".coerceToList" "asMethod" "as" "doTryCatch" "tryCatchOne" "tryCatchList" "tryCatch" "try" ".nextMethod" "callNextMethod" "normalizeSingleBracketReplacementValue" "normalizeSingleBracketReplacementValue" ".nextMethod" "eval" "eval" "callNextMethod" "[<-" "[<-" ".make_fuzzy_genetic_code" "translate" "translate" "Biostrings::translate" "Biostrings::translate" "withCallingHandlers" "suppressWarnings" "calculateAASeq" ".local" "initialize" "initialize" "new" "FUN" "lapply" ".local" "initialize" "initialize" "new" "FUN" "lapply" ".local" "initialize" "initialize" "new" "SangerAlignment" 
"as.integer" ".aa2byte" ".make_translation_lkup" "translate" "translate" "Biostrings::translate" "Biostrings::translate" "withCallingHandlers" "suppressWarnings" "calculateAASeq" ".local" "initialize" "initialize" "new" "FUN" "lapply" ".local" "initialize" "initialize" "new" "FUN" "lapply" ".local" "initialize" "initialize" "new" "SangerAlignment" 
".Call2" ".vmatch.XStringSet.XStringSet" ".vmatch.XStringSet" ".vmatchPDict" "vwhichPDict" "vwhichPDict" ".make_fuzzy_genetic_code" "translate" "translate" "Biostrings::translate" "Biostrings::translate" "withCallingHandlers" "suppressWarnings" "calculateAASeq" ".local" "initialize" "initialize" "new" "FUN" "lapply" ".local" "initialize" "initialize" "new" "FUN" "lapply" ".local" "initialize" "initialize" "new" "SangerAlignment" 
".Call2" ".vmatch.XStringSet.XStringSet" ".vmatch.XStringSet" ".vmatchPDict" "vwhichPDict" "vwhichPDict" ".make_fuzzy_genetic_code" "translate" "translate" "Biostrings::translate" "Biostrings::translate" "withCallingHandlers" "suppressWarnings" "calculateAASeq" ".local" "initialize" "initialize" "new" "FUN" "lapply" ".local" "initialize" "initialize" "new" "FUN" "lapply" ".local" "initialize" "initialize" "new" "SangerAlignment" 
".identC" "possibleExtends" "checkSlotAssignment" "methods::slot<-" "asMethod" "methods::as" "asMethod" "as<-" "initialize" "initialize" "new" "ManyToOneGrouping" "asMethod" "as" "subgrouping" ".local" "duplicated" "duplicated" "unique" "unique" ".make_fuzzy_genetic_code" "translate" "translate" "Biostrings::translate" "Biostrings::translate" "withCallingHandlers" "suppressWarnings" "calculateAASeq" ".local" "initialize" "initialize" "new" "FUN" "lapply" ".local" "initialize" "initialize" "new" "FUN" "lapply" ".local" "initialize" "initialize" "new" "SangerAlignment" 
"unlist" "bindROWS" "bindROWS" "bindROWS" "bindROWS" "replaceROWS" "replaceROWS" "mergeROWS" "mergeROWS" ".nextMethod" "eval" "eval" "callNextMethod" "[<-" "[<-" ".make_fuzzy_genetic_code" "translate" "translate" "Biostrings::translate" "Biostrings::translate" "withCallingHandlers" "suppressWarnings" "calculateAASeq" ".local" "initialize" "initialize" "new" "FUN" "lapply" ".local" "initialize" "initialize" "new" "FUN" "lapply" ".local" "initialize" "initialize" "new" "SangerAlignment" 
"isatty" "num_ansi_colors" "crayon::italic" "eval" "eval" "withCallingHandlers" "with_glue_error" ".transformer" "%||%" "<Anonymous>" "glue_data" "glue::glue" "layout" "<Anonymous>" "do.call" "structure" "FUN" "lapply" "log_level" "log_success" ".local" "initialize" "initialize" "new" "FUN" "lapply" ".local" "initialize" "initialize" "new" "FUN" "lapply" ".local" "initialize" "initialize" "new" "SangerAlignment" 
".External2" "vctrs::vec_size_common" "check_lengths" "str_split" "FUN" "vapply" "fix_replacement" "stri_replace_first_regex" "str_replace" "RTC" "read.abif" ".local" "initialize" "initialize" "new" "FUN" "lapply" ".local" "initialize" "initialize" "new" "FUN" "lapply" ".local" "initialize" "initialize" "new" "SangerAlignment" 
"any" "readBin" "SInt32" "read.abif" ".local" "initialize" "initialize" "new" "FUN" "lapply" ".local" "initialize" "initialize" "new" "FUN" "lapply" ".local" "initialize" "initialize" "new" "SangerAlignment" 
".identC" "<Anonymous>" "read.abif" ".local" "initialize" "initialize" "new" "FUN" "lapply" ".local" "initialize" "initialize" "new" "FUN" "lapply" ".local" "initialize" "initialize" "new" "SangerAlignment" 
"stri_replace_first_regex" "str_replace" "RTC" "read.abif" ".local" "initialize" "initialize" "new" "FUN" "lapply" ".local" "initialize" "initialize" "new" "FUN" "lapply" ".local" "initialize" "initialize" "new" "SangerAlignment" 
"&" "peakvalues" "MakeBaseCallsInside" ".local" "initialize" "initialize" "new" "FUN" "lapply" ".local" "initialize" "initialize" "new" "FUN" "lapply" ".local" "initialize" "initialize" "new" "SangerAlignment" 
"peakvalues" "MakeBaseCallsInside" ".local" "initialize" "initialize" "new" "FUN" "lapply" ".local" "initialize" "initialize" "new" "FUN" "lapply" ".local" "initialize" "initialize" "new" "SangerAlignment" 
"peakvalues" "MakeBaseCallsInside" ".local" "initialize" "initialize" "new" "FUN" "lapply" ".local" "initialize" "initialize" "new" "FUN" "lapply" ".local" "initialize" "initialize" "new" "SangerAlignment" 
"peakvalues" "MakeBaseCallsInside" ".local" "initialize" "initialize" "new" "FUN" "lapply" ".local" "initialize" "initialize" "new" "FUN" "lapply" ".local" "initialize" "initialize" "new" "SangerAlignment" 
"<" "peakvalues" "MakeBaseCallsInside" ".local" "initialize" "initialize" "new" "FUN" "lapply" ".local" "initialize" "initialize" "new" "FUN" "lapply" ".local" "initialize" "initialize" "new" "SangerAlignment" 
"peakvalues" "MakeBaseCallsInside" ".local" "initialize" "initialize" "new" "FUN" "lapply" ".local" "initialize" "initialize" "new" "FUN" "lapply" ".local" "initialize" "initialize" "new" "SangerAlignment" 
"&" "peakvalues" "MakeBaseCallsInside" ".local" "initialize" "initialize" "new" "FUN" "lapply" ".local" "initialize" "initialize" "new" "FUN" "lapply" ".local" "initialize" "initialize" "new" "SangerAlignment" 
"peakvalues" "MakeBaseCallsInside" ".local" "initialize" "initialize" "new" "FUN" "lapply" ".local" "initialize" "initialize" "new" "FUN" "lapply" ".local" "initialize" "initialize" "new" "SangerAlignment" 
"&" "peakvalues" "MakeBaseCallsInside" ".local" "initialize" "initialize" "new" "FUN" "lapply" ".local" "initialize" "initialize" "new" "FUN" "lapply" ".local" "initialize" "initialize" "new" "SangerAlignment" 
"peakvalues" "MakeBaseCallsInside" ".local" "initialize" "initialize" "new" "FUN" "lapply" ".local" "initialize" "initialize" "new" "FUN" "lapply" ".local" "initialize" "initialize" "new" "SangerAlignment" 
"peakvalues" "MakeBaseCallsInside" ".local" "initialize" "initialize" "new" "FUN" "lapply" ".local" "initialize" "initialize" "new" "FUN" "lapply" ".local" "initialize" "initialize" "new" "SangerAlignment" 
"&" "peakvalues" "MakeBaseCallsInside" ".local" "initialize" "initialize" "new" "FUN" "lapply" ".local" "initialize" "initialize" "new" "FUN" "lapply" ".local" "initialize" "initialize" "new" "SangerAlignment" 
"&" "peakvalues" "MakeBaseCallsInside" ".local" "initialize" "initialize" "new" "FUN" "lapply" ".local" "initialize" "initialize" "new" "FUN" "lapply" ".local" "initialize" "initialize" "new" "SangerAlignment" 
"IRanges:::solveUserSEWForSingleSeq" "subseq" "subseq" "XString" "XString" ".oneSeqToXStringSet" "XStringSet" "XStringSet" "DNAStringSet" "translate" "Biostrings::translate" "Biostrings::translate" "withCallingHandlers" "suppressWarnings" "calculateAASeq" ".local" "initialize" "initialize" "new" "FUN" "lapply" ".local" "initialize" "initialize" "new" "FUN" "lapply" ".local" "initialize" "initialize" "new" "SangerAlignment" 
".Call2" ".vmatch.XStringSet.XStringSet" ".vmatch.XStringSet" ".vmatchPDict" "vwhichPDict" "vwhichPDict" ".make_fuzzy_genetic_code" "translate" "translate" "Biostrings::translate" "Biostrings::translate" "withCallingHandlers" "suppressWarnings" "calculateAASeq" ".local" "initialize" "initialize" "new" "FUN" "lapply" ".local" "initialize" "initialize" "new" "FUN" "lapply" ".local" "initialize" "initialize" "new" "SangerAlignment" 
".Call2" ".vmatch.XStringSet.XStringSet" ".vmatch.XStringSet" ".vmatchPDict" "vwhichPDict" "vwhichPDict" ".make_fuzzy_genetic_code" "translate" "translate" "Biostrings::translate" "Biostrings::translate" "withCallingHandlers" "suppressWarnings" "calculateAASeq" ".local" "initialize" "initialize" "new" "FUN" "lapply" ".local" "initialize" "initialize" "new" "FUN" "lapply" ".local" "initialize" "initialize" "new" "SangerAlignment" 
"unique" "unique" ".make_fuzzy_genetic_code" "translate" "translate" "Biostrings::translate" "Biostrings::translate" "withCallingHandlers" "suppressWarnings" "calculateAASeq" ".local" "initialize" "initialize" "new" "FUN" "lapply" ".local" "initialize" "initialize" "new" "FUN" "lapply" ".local" "initialize" "initialize" "new" "SangerAlignment" 
"unlist" "bindROWS" "bindROWS" "bindROWS" "bindROWS" "replaceROWS" "replaceROWS" "mergeROWS" "mergeROWS" ".nextMethod" "eval" "eval" "callNextMethod" "[<-" "[<-" ".make_fuzzy_genetic_code" "translate" "translate" "Biostrings::translate" "Biostrings::translate" "withCallingHandlers" "suppressWarnings" "calculateAASeq" ".local" "initialize" "initialize" "new" "FUN" "lapply" ".local" "initialize" "initialize" "new" "FUN" "lapply" ".local" "initialize" "initialize" "new" "SangerAlignment" 
"anyDuplicated" "anyDuplicated" ".normarg_genetic.code" "translate" "translate" "Biostrings::translate" "Biostrings::translate" "withCallingHandlers" "suppressWarnings" "calculateAASeq" ".local" "initialize" "initialize" "new" "FUN" "lapply" ".local" "initialize" "initialize" "new" "FUN" "lapply" ".local" "initialize" "initialize" "new" "SangerAlignment" 
".Call2" ".vmatch.XStringSet.XStringSet" ".vmatch.XStringSet" ".vmatchPDict" "vwhichPDict" "vwhichPDict" ".make_fuzzy_genetic_code" "translate" "translate" "Biostrings::translate" "Biostrings::translate" "withCallingHandlers" "suppressWarnings" "calculateAASeq" ".local" "initialize" "initialize" "new" "FUN" "lapply" ".local" "initialize" "initialize" "new" "FUN" "lapply" ".local" "initialize" "initialize" "new" "SangerAlignment" 
".Call2" ".vmatch.XStringSet.XStringSet" ".vmatch.XStringSet" ".vmatchPDict" "vwhichPDict" "vwhichPDict" ".make_fuzzy_genetic_code" "translate" "translate" "Biostrings::translate" "Biostrings::translate" "withCallingHandlers" "suppressWarnings" "calculateAASeq" ".local" "initialize" "initialize" "new" "FUN" "lapply" ".local" "initialize" "initialize" "new" "FUN" "lapply" ".local" "initialize" "initialize" "new" "SangerAlignment" 
"possibleExtends" "FUN" "lapply" "sapply" "sapply" "standardGeneric" "which" "listClassName" ".selectListClassName" "relistToClass" "relistToClass" "relist" "standardGeneric" "relist" "unique" "unique" ".make_fuzzy_genetic_code" "translate" "translate" "Biostrings::translate" "Biostrings::translate" "withCallingHandlers" "suppressWarnings" "calculateAASeq" ".local" "initialize" "initialize" "new" "FUN" "lapply" ".local" "initialize" "initialize" "new" "FUN" "lapply" ".local" "initialize" "initialize" "new" "SangerAlignment" 
"names" "elementNROWS" "elementNROWS" "rep.int" "standardGeneric" "rep.int" "S4Vectors:::set_unlisted_names" "unlist" "unlist" "unlist" ".make_fuzzy_genetic_code" "translate" "translate" "Biostrings::translate" "Biostrings::translate" "withCallingHandlers" "suppressWarnings" "calculateAASeq" ".local" "initialize" "initialize" "new" "FUN" "lapply" ".local" "initialize" "initialize" "new" "FUN" "lapply" ".local" "initialize" "initialize" "new" "SangerAlignment" 
"sort.int" "sort.default" "sort" "methods:::.selectDotsMethod" "standardGeneric" "paste" "FUN" "lapply" "lapply" "unlist" ".mkAllStringsR" ".mkAllStrings" "mkAllStrings" ".make_fuzzy_genetic_code" "translate" "translate" "Biostrings::translate" "Biostrings::translate" "withCallingHandlers" "suppressWarnings" "calculateAASeq" ".local" "initialize" "initialize" "new" "FUN" "lapply" ".local" "initialize" "initialize" "new" "FUN" "lapply" ".local" "initialize" "initialize" "new" "SangerAlignment" 
".Call2" ".vmatch.XStringSet.XStringSet" ".vmatch.XStringSet" ".vmatchPDict" "vwhichPDict" "vwhichPDict" ".make_fuzzy_genetic_code" "translate" "translate" "Biostrings::translate" "Biostrings::translate" "withCallingHandlers" "suppressWarnings" "calculateAASeq" ".local" "initialize" "initialize" "new" "FUN" "lapply" ".local" "initialize" "initialize" "new" "FUN" "lapply" ".local" "initialize" "initialize" "new" "SangerAlignment" 
".getGeneric" "getGeneric" "as" "initialize" "initialize" "new" "new2" "PartitioningByEnd" "standardGeneric" "relist" ".make_fuzzy_genetic_code" "translate" "translate" "Biostrings::translate" "Biostrings::translate" "withCallingHandlers" "suppressWarnings" "calculateAASeq" ".local" "initialize" "initialize" "new" "FUN" "lapply" ".local" "initialize" "initialize" "new" "FUN" "lapply" ".local" "initialize" "initialize" "new" "SangerAlignment" 
"possibleExtends" "validObject" "initialize" "initialize" "new" "new2" "PartitioningByEnd" "unique" "unique" ".make_fuzzy_genetic_code" "translate" "translate" "Biostrings::translate" "Biostrings::translate" "withCallingHandlers" "suppressWarnings" "calculateAASeq" ".local" "initialize" "initialize" "new" "FUN" "lapply" ".local" "initialize" "initialize" "new" "FUN" "lapply" ".local" "initialize" "initialize" "new" "SangerAlignment" 
"is" "normarg_mcols" "elementMetadata<-" "elementMetadata<-" "mcols<-" "mcols<-" "DataFrame" "IRanges" "extractROWS" "extractROWS" "replaceROWS" "replaceROWS" "mergeROWS" "mergeROWS" ".nextMethod" "eval" "eval" "callNextMethod" "[<-" "[<-" ".make_fuzzy_genetic_code" "translate" "translate" "Biostrings::translate" "Biostrings::translate" "withCallingHandlers" "suppressWarnings" "calculateAASeq" ".local" "initialize" "initialize" "new" "FUN" "lapply" ".local" "initialize" "initialize" "new" "FUN" "lapply" ".local" "initialize" "initialize" "new" "SangerAlignment" 
"cat" "appender" "<Anonymous>" "do.call" "structure" "FUN" "lapply" "log_level" "log_success" ".local" "initialize" "initialize" "new" "FUN" "lapply" ".local" "initialize" "initialize" "new" "FUN" "lapply" ".local" "initialize" "initialize" "new" "SangerAlignment" 
"sys.function" "match.call" "standardGeneric" "paste" "charToRaw" ".letterAsByteVal" ".local" "initialize" "initialize" "new" ".XStringCodec.DNAorRNA" "getDNAComplementLookup" ".Call2" "SharedVector.mcopy" "xvcopy" "xvcopy" "xvcopy" "xvcopy" "reverseComplement" "reverseComplement" "FUN" "lapply" "calculateContigSeq" ".local" "initialize" "initialize" "new" "FUN" "lapply" ".local" "initialize" "initialize" "new" "SangerAlignment" 
"as" ".unsafe.extractList" "extractList" "extractList" ".oneSeqToXStringSet" ".charToXStringSet" "XStringSet" "XStringSet" "DNAStringSet" "ConsensusSequence" "calculateContigSeq" ".local" "initialize" "initialize" "new" "FUN" "lapply" ".local" "initialize" "initialize" "new" "SangerAlignment" 
".getClassesFromCache" "getClassDef" "is" "callNextMethod" "methods:::loadMethod" "methods:::loadMethod" "updateObject" "names<-" "names<-" "names<-" "names<-" "calculateContigSeq" ".local" "initialize" "initialize" "new" "FUN" "lapply" ".local" "initialize" "initialize" "new" "SangerAlignment" 
"all" "stopifnot" "is" "narrow" "narrow" "subseq" "subseq" "FUN" "lapply" "mclapply" "countCoincidentSp" "calculateContigSeq" ".local" "initialize" "initialize" "new" "FUN" "lapply" ".local" "initialize" "initialize" "new" "SangerAlignment" 
"isTRUEorFALSE" "solveUserSEW" "make_IRanges_from_windows_args" "windows" "windows" "windows" "windows" "narrow" "narrow" "subseq" "subseq" "FUN" "lapply" "mclapply" "countCoincidentSp" "calculateContigSeq" ".local" "initialize" "initialize" "new" "FUN" "lapply" ".local" "initialize" "initialize" "new" "SangerAlignment" 
".Call2" "solveUserSEW" "make_IRanges_from_windows_args" "windows" "windows" "windows" "windows" "narrow" "narrow" "subseq" "subseq" "FUN" "lapply" "mclapply" "countCoincidentSp" "calculateContigSeq" ".local" "initialize" "initialize" "new" "FUN" "lapply" ".local" "initialize" "initialize" "new" "SangerAlignment" 
".getClassesFromCache" "getClassDef" "getClass" "new" "seqtype" "seqtype" "seqtype" "xscodec" "xs_dec_lkup" ".Call2" ".local" "as.character" "as.character" "as.character" "FUN" "lapply" "mclapply" "countCoincidentSp" "calculateContigSeq" ".local" "initialize" "initialize" "new" "FUN" "lapply" ".local" "initialize" "initialize" "new" "SangerAlignment" 
"...elt" "stopifnot" "is" "narrow" "narrow" "subseq" "subseq" "FUN" "lapply" "mclapply" "countCoincidentSp" "calculateContigSeq" ".local" "initialize" "initialize" "new" "FUN" "lapply" ".local" "initialize" "initialize" "new" "SangerAlignment" 
"windows" "windows" "narrow" "narrow" "subseq" "subseq" "FUN" "lapply" "mclapply" "countCoincidentSp" "calculateContigSeq" ".local" "initialize" "initialize" "new" "FUN" "lapply" ".local" "initialize" "initialize" "new" "SangerAlignment" 
"names" "unsafe_replaceSlots" "<Anonymous>" "do.call" "do.call" "update_ranges" "update_ranges" "windows" "windows" "windows" "windows" "narrow" "narrow" "subseq" "subseq" "FUN" "lapply" "mclapply" "countCoincidentSp" "calculateContigSeq" ".local" "initialize" "initialize" "new" "FUN" "lapply" ".local" "initialize" "initialize" "new" "SangerAlignment" 
"S4Vectors:::isNumericOrNAs" ".normargSEW" "solveUserSEW" "make_IRanges_from_windows_args" "windows" "windows" "windows" "windows" "narrow" "narrow" "subseq" "subseq" "FUN" "lapply" "mclapply" "countCoincidentSp" "calculateContigSeq" ".local" "initialize" "initialize" "new" "FUN" "lapply" ".local" "initialize" "initialize" "new" "SangerAlignment" 
"stopifnot" "update_ranges" "update_ranges" "windows" "windows" "windows" "windows" "narrow" "narrow" "subseq" "subseq" "FUN" "lapply" "mclapply" "countCoincidentSp" "calculateContigSeq" ".local" "initialize" "initialize" "new" "FUN" "lapply" ".local" "initialize" "initialize" "new" "SangerAlignment" 
"isatty" "num_ansi_colors" "crayon::reset" "paste0" "colorize_by_log_level" "lapply" "mypaste" "crayon::bold" "eval" "eval" "withCallingHandlers" "with_glue_error" ".transformer" "%||%" "<Anonymous>" "glue_data" "glue::glue" "layout" "<Anonymous>" "do.call" "structure" "FUN" "lapply" "log_level" "log_info" ".local" "initialize" "initialize" "new" "FUN" "lapply" ".local" "initialize" "initialize" "new" "SangerAlignment" 
"stri_split_boundaries" "str_split" "FUN" "vapply" "fix_replacement" "stri_replace_first_regex" "str_replace" "RTC" "read.abif" ".local" "initialize" "initialize" "new" "FUN" "lapply" ".local" "initialize" "initialize" "new" "FUN" "lapply" ".local" "initialize" "initialize" "new" "SangerAlignment" 
"stri_replace_first_regex" "str_replace" "RTC" "read.abif" ".local" "initialize" "initialize" "new" "FUN" "lapply" ".local" "initialize" "initialize" "new" "FUN" "lapply" ".local" "initialize" "initialize" "new" "SangerAlignment" 
"stri_split_boundaries" "str_split" "FUN" "vapply" "fix_replacement" "stri_replace_first_regex" "str_replace" "RTC" "read.abif" ".local" "initialize" "initialize" "new" "FUN" "lapply" ".local" "initialize" "initialize" "new" "FUN" "lapply" ".local" "initialize" "initialize" "new" "SangerAlignment" 
"readBin" "SInt16" "read.abif" ".local" "initialize" "initialize" "new" "FUN" "lapply" ".local" "initialize" "initialize" "new" "FUN" "lapply" ".local" "initialize" "initialize" "new" "SangerAlignment" 
"which" "getpeaks" "MakeBaseCallsInside" ".local" "initialize" "initialize" "new" "FUN" "lapply" ".local" "initialize" "initialize" "new" "FUN" "lapply" ".local" "initialize" "initialize" "new" "SangerAlignment" 
"order" "MakeBaseCallsInside" ".local" "initialize" "initialize" "new" "FUN" "lapply" ".local" "initialize" "initialize" "new" "FUN" "lapply" ".local" "initialize" "initialize" "new" "SangerAlignment" 
"order" "MakeBaseCallsInside" ".local" "initialize" "initialize" "new" "FUN" "lapply" ".local" "initialize" "initialize" "new" "FUN" "lapply" ".local" "initialize" "initialize" "new" "SangerAlignment" 
"peakvalues" "MakeBaseCallsInside" ".local" "initialize" "initialize" "new" "FUN" "lapply" ".local" "initialize" "initialize" "new" "FUN" "lapply" ".local" "initialize" "initialize" "new" "SangerAlignment" 
"peakvalues" "MakeBaseCallsInside" ".local" "initialize" "initialize" "new" "FUN" "lapply" ".local" "initialize" "initialize" "new" "FUN" "lapply" ".local" "initialize" "initialize" "new" "SangerAlignment" 
"peakvalues" "MakeBaseCallsInside" ".local" "initialize" "initialize" "new" "FUN" "lapply" ".local" "initialize" "initialize" "new" "FUN" "lapply" ".local" "initialize" "initialize" "new" "SangerAlignment" 
"vapply" "order" "MakeBaseCallsInside" ".local" "initialize" "initialize" "new" "FUN" "lapply" ".local" "initialize" "initialize" "new" "FUN" "lapply" ".local" "initialize" "initialize" "new" "SangerAlignment" 
"<" "peakvalues" "MakeBaseCallsInside" ".local" "initialize" "initialize" "new" "FUN" "lapply" ".local" "initialize" "initialize" "new" "FUN" "lapply" ".local" "initialize" "initialize" "new" "SangerAlignment" 
">" "peakvalues" "MakeBaseCallsInside" ".local" "initialize" "initialize" "new" "FUN" "lapply" ".local" "initialize" "initialize" "new" "FUN" "lapply" ".local" "initialize" "initialize" "new" "SangerAlignment" 
"peakvalues" "MakeBaseCallsInside" ".local" "initialize" "initialize" "new" "FUN" "lapply" ".local" "initialize" "initialize" "new" "FUN" "lapply" ".local" "initialize" "initialize" "new" "SangerAlignment" 
"peakvalues" "MakeBaseCallsInside" ".local" "initialize" "initialize" "new" "FUN" "lapply" ".local" "initialize" "initialize" "new" "FUN" "lapply" ".local" "initialize" "initialize" "new" "SangerAlignment" 
"peakvalues" "MakeBaseCallsInside" ".local" "initialize" "initialize" "new" "FUN" "lapply" ".local" "initialize" "initialize" "new" "FUN" "lapply" ".local" "initialize" "initialize" "new" "SangerAlignment" 
"&" "peakvalues" "MakeBaseCallsInside" ".local" "initialize" "initialize" "new" "FUN" "lapply" ".local" "initialize" "initialize" "new" "FUN" "lapply" ".local" "initialize" "initialize" "new" "SangerAlignment" 
"standardGeneric" "nchar" "width" "width" "solveUserSEW" ".charToXStringSet" "XStringSet" "XStringSet" "DNAStringSet" "vwhichPDict" ".make_fuzzy_genetic_code" "translate" "translate" "Biostrings::translate" "Biostrings::translate" "withCallingHandlers" "suppressWarnings" "calculateAASeq" ".local" "initialize" "initialize" "new" "FUN" "lapply" ".local" "initialize" "initialize" "new" "FUN" "lapply" ".local" "initialize" "initialize" "new" "SangerAlignment" 
".Call2" ".vmatch.XStringSet.XStringSet" ".vmatch.XStringSet" ".vmatchPDict" "vwhichPDict" "vwhichPDict" ".make_fuzzy_genetic_code" "translate" "translate" "Biostrings::translate" "Biostrings::translate" "withCallingHandlers" "suppressWarnings" "calculateAASeq" ".local" "initialize" "initialize" "new" "FUN" "lapply" ".local" "initialize" "initialize" "new" "FUN" "lapply" ".local" "initialize" "initialize" "new" "SangerAlignment" 
"rep.int" "standardGeneric" "rep.int" "togroup" "togroup" "grouping" "subgrouping" ".local" "duplicated" "duplicated" "unique" "unique" ".make_fuzzy_genetic_code" "translate" "translate" "Biostrings::translate" "Biostrings::translate" "withCallingHandlers" "suppressWarnings" "calculateAASeq" ".local" "initialize" "initialize" "new" "FUN" "lapply" ".local" "initialize" "initialize" "new" "FUN" "lapply" ".local" "initialize" "initialize" "new" "SangerAlignment" 
"unique.default" "unique" "simplify2array" "sapply" "sapply" "standardGeneric" "which" "S4Vectors:::listClassName" "...elt" "stopifnot" "is" ".coerceToList" "asMethod" "as" "doTryCatch" "tryCatchOne" "tryCatchList" "tryCatch" "try" ".nextMethod" "callNextMethod" "normalizeSingleBracketReplacementValue" "normalizeSingleBracketReplacementValue" ".nextMethod" "eval" "eval" "callNextMethod" "[<-" "[<-" ".make_fuzzy_genetic_code" "translate" "translate" "Biostrings::translate" "Biostrings::translate" "withCallingHandlers" "suppressWarnings" "calculateAASeq" ".local" "initialize" "initialize" "new" "FUN" "lapply" ".local" "initialize" "initialize" "new" "FUN" "lapply" ".local" "initialize" "initialize" "new" "SangerAlignment" 
"paste" "eval" "eval" "eval" "standardGeneric" "paste" "FUN" "lapply" "lapply" "unlist" ".mkAllStringsR" ".mkAllStrings" "mkAllStrings" ".make_translation_lkup" "translate" "translate" "Biostrings::translate" "Biostrings::translate" "withCallingHandlers" "suppressWarnings" "calculateAASeq" ".local" "initialize" "initialize" "new" "FUN" "lapply" ".local" "initialize" "initialize" "new" "FUN" "lapply" ".local" "initialize" "initialize" "new" "SangerAlignment" 
".Call2" ".vmatch.XStringSet.XStringSet" ".vmatch.XStringSet" ".vmatchPDict" "vwhichPDict" "vwhichPDict" ".make_fuzzy_genetic_code" "translate" "translate" "Biostrings::translate" "Biostrings::translate" "withCallingHandlers" "suppressWarnings" "calculateAASeq" ".local" "initialize" "initialize" "new" "FUN" "lapply" ".local" "initialize" "initialize" "new" "FUN" "lapply" ".local" "initialize" "initialize" "new" "SangerAlignment" 
".Call2" ".vmatch.XStringSet.XStringSet" ".vmatch.XStringSet" ".vmatchPDict" "vwhichPDict" "vwhichPDict" ".make_fuzzy_genetic_code" "translate" "translate" "Biostrings::translate" "Biostrings::translate" "withCallingHandlers" "suppressWarnings" "calculateAASeq" ".local" "initialize" "initialize" "new" "FUN" "lapply" ".local" "initialize" "initialize" "new" "FUN" "lapply" ".local" "initialize" "initialize" "new" "SangerAlignment" 
"unique.default" "unique" "simplify2array" "sapply" "sapply" "standardGeneric" "which" "S4Vectors:::listClassName" "IntegerList" "initialize" "initialize" "new" "ManyToOneGrouping" "asMethod" "as" "subgrouping" ".local" "duplicated" "duplicated" "unique" "unique" ".make_fuzzy_genetic_code" "translate" "translate" "Biostrings::translate" "Biostrings::translate" "withCallingHandlers" "suppressWarnings" "calculateAASeq" ".local" "initialize" "initialize" "new" "FUN" "lapply" ".local" "initialize" "initialize" "new" "FUN" "lapply" ".local" "initialize" "initialize" "new" "SangerAlignment" 
"which" "standardGeneric" "which" "NSBS" "NSBS" "normalizeSingleBracketSubscript" "mergeROWS" "mergeROWS" ".nextMethod" "eval" "eval" "callNextMethod" "[<-" "[<-" ".make_fuzzy_genetic_code" "translate" "translate" "Biostrings::translate" "Biostrings::translate" "withCallingHandlers" "suppressWarnings" "calculateAASeq" ".local" "initialize" "initialize" "new" "FUN" "lapply" ".local" "initialize" "initialize" "new" "FUN" "lapply" ".local" "initialize" "initialize" "new" "SangerAlignment" 
"initialize" "initialize" "new" "seqtype<-" "seqtype<-" "XString" "XString" ".oneSeqToXStringSet" "XStringSet" "XStringSet" "DNAStringSet" "translate" "Biostrings::translate" "Biostrings::translate" "withCallingHandlers" "suppressWarnings" "calculateAASeq" ".local" "initialize" "initialize" "new" "FUN" "lapply" ".local" "initialize" "initialize" "new" "FUN" "lapply" ".local" "initialize" "initialize" "new" "SangerAlignment" 
".Call2" ".vmatch.XStringSet.XStringSet" ".vmatch.XStringSet" ".vmatchPDict" "vwhichPDict" "vwhichPDict" ".make_fuzzy_genetic_code" "translate" "translate" "Biostrings::translate" "Biostrings::translate" "withCallingHandlers" "suppressWarnings" "calculateAASeq" ".local" "initialize" "initialize" "new" "FUN" "lapply" ".local" "initialize" "initialize" "new" "FUN" "lapply" ".local" "initialize" "initialize" "new" "SangerAlignment" 
".Call2" ".vmatch.XStringSet.XStringSet" ".vmatch.XStringSet" ".vmatchPDict" "vwhichPDict" "vwhichPDict" ".make_fuzzy_genetic_code" "translate" "translate" "Biostrings::translate" "Biostrings::translate" "withCallingHandlers" "suppressWarnings" "calculateAASeq" ".local" "initialize" "initialize" "new" "FUN" "lapply" ".local" "initialize" "initialize" "new" "FUN" "lapply" ".local" "initialize" "initialize" "new" "SangerAlignment" 
".Call2" ".vmatch.XStringSet.XStringSet" ".vmatch.XStringSet" ".vmatchPDict" "vwhichPDict" "vwhichPDict" ".make_fuzzy_genetic_code" "translate" "translate" "Biostrings::translate" "Biostrings::translate" "withCallingHandlers" "suppressWarnings" "calculateAASeq" ".local" "initialize" "initialize" "new" "FUN" "lapply" ".local" "initialize" "initialize" "new" "FUN" "lapply" ".local" "initialize" "initialize" "new" "SangerAlignment" 
".local" "duplicated" "duplicated" "unique" "unique" ".make_fuzzy_genetic_code" "translate" "translate" "Biostrings::translate" "Biostrings::translate" "withCallingHandlers" "suppressWarnings" "calculateAASeq" ".local" "initialize" "initialize" "new" "FUN" "lapply" ".local" "initialize" "initialize" "new" "FUN" "lapply" ".local" "initialize" "initialize" "new" "SangerAlignment" 
"do.call" "mergeROWS" "mergeROWS" "replaceROWS" "replaceROWS" "replaceROWS" "replaceROWS" "mergeROWS" "mergeROWS" ".nextMethod" "eval" "eval" "callNextMethod" "[<-" "[<-" ".make_fuzzy_genetic_code" "translate" "translate" "Biostrings::translate" "Biostrings::translate" "withCallingHandlers" "suppressWarnings" "calculateAASeq" ".local" "initialize" "initialize" "new" "FUN" "lapply" ".local" "initialize" "initialize" "new" "FUN" "lapply" ".local" "initialize" "initialize" "new" "SangerAlignment" 
"isatty" "num_ansi_colors" "crayon::bold" "eval" "eval" "withCallingHandlers" "with_glue_error" ".transformer" "%||%" "<Anonymous>" "glue_data" "glue::glue" "layout" "<Anonymous>" "do.call" "structure" "FUN" "lapply" "log_level" "log_success" ".local" "initialize" "initialize" "new" "FUN" "lapply" ".local" "initialize" "initialize" "new" "FUN" "lapply" ".local" "initialize" "initialize" "new" "SangerAlignment" 
"check_lengths" "str_split" "FUN" "vapply" "fix_replacement" "stri_replace_first_regex" "str_replace" "RTC" "read.abif" ".local" "initialize" "initialize" "new" "FUN" "lapply" ".local" "initialize" "initialize" "new" "FUN" "lapply" ".local" "initialize" "initialize" "new" "SangerAlignment" 
"SInt16" "read.abif" ".local" "initialize" "initialize" "new" "FUN" "lapply" ".local" "initialize" "initialize" "new" "FUN" "lapply" ".local" "initialize" "initialize" "new" "SangerAlignment" 
"paste" "RTC" "read.abif" ".local" "initialize" "initialize" "new" "FUN" "lapply" ".local" "initialize" "initialize" "new" "FUN" "lapply" ".local" "initialize" "initialize" "new" "SangerAlignment" 
"rle" "getpeaks" "MakeBaseCallsInside" ".local" "initialize" "initialize" "new" "FUN" "lapply" ".local" "initialize" "initialize" "new" "FUN" "lapply" ".local" "initialize" "initialize" "new" "SangerAlignment" 
">" "peakvalues" "MakeBaseCallsInside" ".local" "initialize" "initialize" "new" "FUN" "lapply" ".local" "initialize" "initialize" "new" "FUN" "lapply" ".local" "initialize" "initialize" "new" "SangerAlignment" 
"peakvalues" "MakeBaseCallsInside" ".local" "initialize" "initialize" "new" "FUN" "lapply" ".local" "initialize" "initialize" "new" "FUN" "lapply" ".local" "initialize" "initialize" "new" "SangerAlignment" 
"peakvalues" "MakeBaseCallsInside" ".local" "initialize" "initialize" "new" "FUN" "lapply" ".local" "initialize" "initialize" "new" "FUN" "lapply" ".local" "initialize" "initialize" "new" "SangerAlignment" 
"<" "peakvalues" "MakeBaseCallsInside" ".local" "initialize" "initialize" "new" "FUN" "lapply" ".local" "initialize" "initialize" "new" "FUN" "lapply" ".local" "initialize" "initialize" "new" "SangerAlignment" 
"c" "MakeBaseCallsInside" ".local" "initialize" "initialize" "new" "FUN" "lapply" ".local" "initialize" "initialize" "new" "FUN" "lapply" ".local" "initialize" "initialize" "new" "SangerAlignment" 
"order" "MakeBaseCallsInside" ".local" "initialize" "initialize" "new" "FUN" "lapply" ".local" "initialize" "initialize" "new" "FUN" "lapply" ".local" "initialize" "initialize" "new" "SangerAlignment" 
"c" "MakeBaseCallsInside" ".local" "initialize" "initialize" "new" "FUN" "lapply" ".local" "initialize" "initialize" "new" "FUN" "lapply" ".local" "initialize" "initialize" "new" "SangerAlignment" 
"vapply" "order" "MakeBaseCallsInside" ".local" "initialize" "initialize" "new" "FUN" "lapply" ".local" "initialize" "initialize" "new" "FUN" "lapply" ".local" "initialize" "initialize" "new" "SangerAlignment" 
"c" "MakeBaseCallsInside" ".local" "initialize" "initialize" "new" "FUN" "lapply" ".local" "initialize" "initialize" "new" "FUN" "lapply" ".local" "initialize" "initialize" "new" "SangerAlignment" 
"c" "MakeBaseCallsInside" ".local" "initialize" "initialize" "new" "FUN" "lapply" ".local" "initialize" "initialize" "new" "FUN" "lapply" ".local" "initialize" "initialize" "new" "SangerAlignment" 
"class" "initialize" "new" "new2" "new_SharedVector_Pool_from_list_of_SharedVector" "new_SharedVector_Pool_from_SharedVector" "asMethod" "as" ".unsafe.extractList" "extractList" "extractList" ".oneSeqToXStringSet" "XStringSet" "XStringSet" "DNAStringSet" "translate" "Biostrings::translate" "Biostrings::translate" "withCallingHandlers" "suppressWarnings" "calculateAASeq" ".local" "initialize" "initialize" "new" "FUN" "lapply" ".local" "initialize" "initialize" "new" "FUN" "lapply" ".local" "initialize" "initialize" "new" "SangerAlignment" 
".Call2" ".vmatch.XStringSet.XStringSet" ".vmatch.XStringSet" ".vmatchPDict" "vwhichPDict" "vwhichPDict" ".make_fuzzy_genetic_code" "translate" "translate" "Biostrings::translate" "Biostrings::translate" "withCallingHandlers" "suppressWarnings" "calculateAASeq" ".local" "initialize" "initialize" "new" "FUN" "lapply" ".local" "initialize" "initialize" "new" "FUN" "lapply" ".local" "initialize" "initialize" "new" "SangerAlignment" 
".Call2" ".vmatch.XStringSet.XStringSet" ".vmatch.XStringSet" ".vmatchPDict" "vwhichPDict" "vwhichPDict" ".make_fuzzy_genetic_code" "translate" "translate" "Biostrings::translate" "Biostrings::translate" "withCallingHandlers" "suppressWarnings" "calculateAASeq" ".local" "initialize" "initialize" "new" "FUN" "lapply" ".local" "initialize" "initialize" "new" "FUN" "lapply" ".local" "initialize" "initialize" "new" "SangerAlignment" 
"parallel_slot_names" ".validate_Vector_parallel_slots" "method" "validityMethod" "isTRUE" "anyStrings" "validObject" "initialize" "initialize" "new" "ManyToOneGrouping" "asMethod" "as" "subgrouping" ".local" "duplicated" "duplicated" "unique" "unique" ".make_fuzzy_genetic_code" "translate" "translate" "Biostrings::translate" "Biostrings::translate" "withCallingHandlers" "suppressWarnings" "calculateAASeq" ".local" "initialize" "initialize" "new" "FUN" "lapply" ".local" "initialize" "initialize" "new" "FUN" "lapply" ".local" "initialize" "initialize" "new" "SangerAlignment" 
"standardGeneric" "setdiff" ".nextMethod" "eval" "eval" "callNextMethod" "bindROWS" "bindROWS" "replaceROWS" "replaceROWS" "mergeROWS" "mergeROWS" ".nextMethod" "eval" "eval" "callNextMethod" "[<-" "[<-" ".make_fuzzy_genetic_code" "translate" "translate" "Biostrings::translate" "Biostrings::translate" "withCallingHandlers" "suppressWarnings" "calculateAASeq" ".local" "initialize" "initialize" "new" "FUN" "lapply" ".local" "initialize" "initialize" "new" "FUN" "lapply" ".local" "initialize" "initialize" "new" "SangerAlignment" 
"initialize" "initialize" "new" "seqtype<-" "seqtype<-" "XString" "XString" ".oneSeqToXStringSet" "XStringSet" "XStringSet" "DNAStringSet" "translate" "Biostrings::translate" "Biostrings::translate" "withCallingHandlers" "suppressWarnings" "calculateAASeq" ".local" "initialize" "initialize" "new" "FUN" "lapply" ".local" "initialize" "initialize" "new" "FUN" "lapply" ".local" "initialize" "initialize" "new" "SangerAlignment" 
".Call2" ".vmatch.XStringSet.XStringSet" ".vmatch.XStringSet" ".vmatchPDict" "vwhichPDict" "vwhichPDict" ".make_fuzzy_genetic_code" "translate" "translate" "Biostrings::translate" "Biostrings::translate" "withCallingHandlers" "suppressWarnings" "calculateAASeq" ".local" "initialize" "initialize" "new" "FUN" "lapply" ".local" "initialize" "initialize" "new" "FUN" "lapply" ".local" "initialize" "initialize" "new" "SangerAlignment" 
".Call2" ".vmatch.XStringSet.XStringSet" ".vmatch.XStringSet" ".vmatchPDict" "vwhichPDict" "vwhichPDict" ".make_fuzzy_genetic_code" "translate" "translate" "Biostrings::translate" "Biostrings::translate" "withCallingHandlers" "suppressWarnings" "calculateAASeq" ".local" "initialize" "initialize" "new" "FUN" "lapply" ".local" "initialize" "initialize" "new" "FUN" "lapply" ".local" "initialize" "initialize" "new" "SangerAlignment" 
"FUN" "lapply" "sapply" "sapply" "standardGeneric" "which" "listClassName" ".selectListClassName" "relistToClass" "relistToClass" "relist" "standardGeneric" "relist" "relist" "standardGeneric" "relist" ".local" "duplicated" "duplicated" "unique" "unique" ".make_fuzzy_genetic_code" "translate" "translate" "Biostrings::translate" "Biostrings::translate" "withCallingHandlers" "suppressWarnings" "calculateAASeq" ".local" "initialize" "initialize" "new" "FUN" "lapply" ".local" "initialize" "initialize" "new" "FUN" "lapply" ".local" "initialize" "initialize" "new" "SangerAlignment" 
"disableValidity" "new2" "NativeNSBS" "replaceROWS" "replaceROWS" "mergeROWS" "mergeROWS" ".nextMethod" "eval" "eval" "callNextMethod" "[<-" "[<-" ".make_fuzzy_genetic_code" "translate" "translate" "Biostrings::translate" "Biostrings::translate" "withCallingHandlers" "suppressWarnings" "calculateAASeq" ".local" "initialize" "initialize" "new" "FUN" "lapply" ".local" "initialize" "initialize" "new" "FUN" "lapply" ".local" "initialize" "initialize" "new" "SangerAlignment" 
"is.factor" "sort.int" "sort.default" "sort" "methods:::.selectDotsMethod" "standardGeneric" "paste" "FUN" "lapply" "lapply" "unlist" ".mkAllStringsR" ".mkAllStringsR" ".mkAllStrings" "mkAllStrings" ".make_fuzzy_genetic_code" "translate" "translate" "Biostrings::translate" "Biostrings::translate" "withCallingHandlers" "suppressWarnings" "calculateAASeq" ".local" "initialize" "initialize" "new" "FUN" "lapply" ".local" "initialize" "initialize" "new" "FUN" "lapply" ".local" "initialize" "initialize" "new" "SangerAlignment" 
".Call2" ".vmatch.XStringSet.XStringSet" ".vmatch.XStringSet" ".vmatchPDict" "vwhichPDict" "vwhichPDict" ".make_fuzzy_genetic_code" "translate" "translate" "Biostrings::translate" "Biostrings::translate" "withCallingHandlers" "suppressWarnings" "calculateAASeq" ".local" "initialize" "initialize" "new" "FUN" "lapply" ".local" "initialize" "initialize" "new" "FUN" "lapply" ".local" "initialize" "initialize" "new" "SangerAlignment" 
"rep.int" "standardGeneric" "rep.int" "togroup" "togroup" "grouping" "subgrouping" ".local" "duplicated" "duplicated" "unique" "unique" ".make_fuzzy_genetic_code" "translate" "translate" "Biostrings::translate" "Biostrings::translate" "withCallingHandlers" "suppressWarnings" "calculateAASeq" ".local" "initialize" "initialize" "new" "FUN" "lapply" ".local" "initialize" "initialize" "new" "FUN" "lapply" ".local" "initialize" "initialize" "new" "SangerAlignment" 
".identC" "possibleExtends" "validObject" "initialize" "initialize" "new" "new2" "newCompressedList0" "relist" "standardGeneric" "relist" "unique" "unique" ".make_fuzzy_genetic_code" "translate" "translate" "Biostrings::translate" "Biostrings::translate" "withCallingHandlers" "suppressWarnings" "calculateAASeq" ".local" "initialize" "initialize" "new" "FUN" "lapply" ".local" "initialize" "initialize" "new" "FUN" "lapply" ".local" "initialize" "initialize" "new" "SangerAlignment" 
"rep.int" "standardGeneric" "rep.int" "S4Vectors:::set_unlisted_names" "unlist" "unlist" "unlist" ".make_fuzzy_genetic_code" "translate" "translate" "Biostrings::translate" "Biostrings::translate" "withCallingHandlers" "suppressWarnings" "calculateAASeq" ".local" "initialize" "initialize" "new" "FUN" "lapply" ".local" "initialize" "initialize" "new" "FUN" "lapply" ".local" "initialize" "initialize" "new" "SangerAlignment" 
"cat" "appender" "<Anonymous>" "do.call" "structure" "FUN" "lapply" "log_level" "log_success" ".local" "initialize" "initialize" "new" "FUN" "lapply" ".local" "initialize" "initialize" "new" "FUN" "lapply" ".local" "initialize" "initialize" "new" "SangerAlignment" 
".Call" "<Anonymous>" "do.call" "do.call" ".align" "AlignSeqs" "calculateContigSeq" ".local" "initialize" "initialize" "new" "FUN" "lapply" ".local" "initialize" "initialize" "new" "SangerAlignment" 
"new2" ".unsafe.extractList" "extractList" "extractList" ".oneSeqToXStringSet" "XStringSet" "XStringSet" "DNAStringSet" "calculateContigSeq" ".local" "initialize" "initialize" "new" "FUN" "lapply" ".local" "initialize" "initialize" "new" "SangerAlignment" 
"as.character" "as.character" "FUN" "lapply" "mclapply" "countCoincidentSp" "calculateContigSeq" ".local" "initialize" "initialize" "new" "FUN" "lapply" ".local" "initialize" "initialize" "new" "SangerAlignment" 
"windows" "windows" "windows" "windows" "narrow" "narrow" "subseq" "subseq" "FUN" "lapply" "mclapply" "countCoincidentSp" "calculateContigSeq" ".local" "initialize" "initialize" "new" "FUN" "lapply" ".local" "initialize" "initialize" "new" "SangerAlignment" 
".getClassesFromCache" "getClassDef" "is" "narrow" "narrow" "subseq" "subseq" "FUN" "lapply" "mclapply" "countCoincidentSp" "calculateContigSeq" ".local" "initialize" "initialize" "new" "FUN" "lapply" ".local" "initialize" "initialize" "new" "SangerAlignment" 
"initialize" "new" "seqtype" "seqtype" "seqtype" "xscodec" "xs_dec_lkup" ".Call2" ".local" "as.character" "as.character" "as.character" "FUN" "lapply" "mclapply" "countCoincidentSp" "calculateContigSeq" ".local" "initialize" "initialize" "new" "FUN" "lapply" ".local" "initialize" "initialize" "new" "SangerAlignment" 
".identC" "is" "narrow" "narrow" "subseq" "subseq" "FUN" "lapply" "mclapply" "countCoincidentSp" "calculateContigSeq" ".local" "initialize" "initialize" "new" "FUN" "lapply" ".local" "initialize" "initialize" "new" "SangerAlignment" 
"slot" "unsafe_replaceSlots" "<Anonymous>" "do.call" "do.call" "update_ranges" "update_ranges" "windows" "windows" "windows" "windows" "narrow" "narrow" "subseq" "subseq" "FUN" "lapply" "mclapply" "countCoincidentSp" "calculateContigSeq" ".local" "initialize" "initialize" "new" "FUN" "lapply" ".local" "initialize" "initialize" "new" "SangerAlignment" 
"windows" "narrow" "narrow" "subseq" "subseq" "FUN" "lapply" "mclapply" "countCoincidentSp" "calculateContigSeq" ".local" "initialize" "initialize" "new" "FUN" "lapply" ".local" "initialize" "initialize" "new" "SangerAlignment" 
"isatty" "num_ansi_colors" "crayon::bold" "eval" "eval" "withCallingHandlers" "with_glue_error" ".transformer" "%||%" "<Anonymous>" "glue_data" "glue::glue" "layout" "<Anonymous>" "do.call" "structure" "FUN" "lapply" "log_level" "log_success" ".local" "initialize" "initialize" "new" "FUN" "lapply" ".local" "initialize" "initialize" "new" "SangerAlignment" 
"isatty" "num_ansi_colors" "color" "paste0" "colorize_by_log_level" "lapply" "mypaste" "crayon::bold" "eval" "eval" "withCallingHandlers" "with_glue_error" ".transformer" "%||%" "<Anonymous>" "glue_data" "glue::glue" "layout" "<Anonymous>" "do.call" "structure" "FUN" "lapply" "log_level" "log_info" ".local" "initialize" "initialize" "new" "FUN" "lapply" ".local" "initialize" "initialize" "new" "SangerAlignment" 
"getClass" "<Anonymous>" "read.abif" ".local" "initialize" "initialize" "new" "FUN" "lapply" ".local" "initialize" "initialize" "new" "FUN" "lapply" ".local" "initialize" "initialize" "new" "SangerAlignment" 
"is.list" "getClassDef" "getClass" "<Anonymous>" "read.abif" ".local" "initialize" "initialize" "new" "FUN" "lapply" ".local" "initialize" "initialize" "new" "FUN" "lapply" ".local" "initialize" "initialize" "new" "SangerAlignment" 
"stri_replace_first_regex" "str_replace" "RTC" "read.abif" ".local" "initialize" "initialize" "new" "FUN" "lapply" ".local" "initialize" "initialize" "new" "FUN" "lapply" ".local" "initialize" "initialize" "new" "SangerAlignment" 
"sangerseq" "sangerseq" ".local" "initialize" "initialize" "new" "FUN" "lapply" ".local" "initialize" "initialize" "new" "FUN" "lapply" ".local" "initialize" "initialize" "new" "SangerAlignment" 
"<" "peakvalues" "MakeBaseCallsInside" ".local" "initialize" "initialize" "new" "FUN" "lapply" ".local" "initialize" "initialize" "new" "FUN" "lapply" ".local" "initialize" "initialize" "new" "SangerAlignment" 
"<" "peakvalues" "MakeBaseCallsInside" ".local" "initialize" "initialize" "new" "FUN" "lapply" ".local" "initialize" "initialize" "new" "FUN" "lapply" ".local" "initialize" "initialize" "new" "SangerAlignment" 
"peakvalues" "MakeBaseCallsInside" ".local" "initialize" "initialize" "new" "FUN" "lapply" ".local" "initialize" "initialize" "new" "FUN" "lapply" ".local" "initialize" "initialize" "new" "SangerAlignment" 
"peakvalues" "MakeBaseCallsInside" ".local" "initialize" "initialize" "new" "FUN" "lapply" ".local" "initialize" "initialize" "new" "FUN" "lapply" ".local" "initialize" "initialize" "new" "SangerAlignment" 
"peakvalues" "MakeBaseCallsInside" ".local" "initialize" "initialize" "new" "FUN" "lapply" ".local" "initialize" "initialize" "new" "FUN" "lapply" ".local" "initialize" "initialize" "new" "SangerAlignment" 
"eval" "match.arg" "order" "MakeBaseCallsInside" ".local" "initialize" "initialize" "new" "FUN" "lapply" ".local" "initialize" "initialize" "new" "FUN" "lapply" ".local" "initialize" "initialize" "new" "SangerAlignment" 
"peakvalues" "MakeBaseCallsInside" ".local" "initialize" "initialize" "new" "FUN" "lapply" ".local" "initialize" "initialize" "new" "FUN" "lapply" ".local" "initialize" "initialize" "new" "SangerAlignment" 
">" "peakvalues" "MakeBaseCallsInside" ".local" "initialize" "initialize" "new" "FUN" "lapply" ".local" "initialize" "initialize" "new" "FUN" "lapply" ".local" "initialize" "initialize" "new" "SangerAlignment" 
"peakvalues" "MakeBaseCallsInside" ".local" "initialize" "initialize" "new" "FUN" "lapply" ".local" "initialize" "initialize" "new" "FUN" "lapply" ".local" "initialize" "initialize" "new" "SangerAlignment" 
"c" "MakeBaseCallsInside" ".local" "initialize" "initialize" "new" "FUN" "lapply" ".local" "initialize" "initialize" "new" "FUN" "lapply" ".local" "initialize" "initialize" "new" "SangerAlignment" 
"peakvalues" "MakeBaseCallsInside" ".local" "initialize" "initialize" "new" "FUN" "lapply" ".local" "initialize" "initialize" "new" "FUN" "lapply" ".local" "initialize" "initialize" "new" "SangerAlignment" 
">" "peakvalues" "MakeBaseCallsInside" ".local" "initialize" "initialize" "new" "FUN" "lapply" ".local" "initialize" "initialize" "new" "FUN" "lapply" ".local" "initialize" "initialize" "new" "SangerAlignment" 
"c" "M1inside_calculate_trimming" ".local" "initialize" "initialize" "new" ".local" "initialize" "initialize" "new" "FUN" "lapply" ".local" "initialize" "initialize" "new" "FUN" "lapply" ".local" "initialize" "initialize" "new" "SangerAlignment" 
".Call2" ".vmatch.XStringSet.XStringSet" ".vmatch.XStringSet" ".vmatchPDict" "vwhichPDict" "vwhichPDict" ".make_fuzzy_genetic_code" "translate" "translate" "Biostrings::translate" "Biostrings::translate" "withCallingHandlers" "suppressWarnings" "calculateAASeq" ".local" "initialize" "initialize" "new" "FUN" "lapply" ".local" "initialize" "initialize" "new" "FUN" "lapply" ".local" "initialize" "initialize" "new" "SangerAlignment" 
".Call2" ".vmatch.XStringSet.XStringSet" ".vmatch.XStringSet" ".vmatchPDict" "vwhichPDict" "vwhichPDict" ".make_fuzzy_genetic_code" "translate" "translate" "Biostrings::translate" "Biostrings::translate" "withCallingHandlers" "suppressWarnings" "calculateAASeq" ".local" "initialize" "initialize" "new" "FUN" "lapply" ".local" "initialize" "initialize" "new" "FUN" "lapply" ".local" "initialize" "initialize" "new" "SangerAlignment" 
"methods::as" "asMethod" "as<-" "initialize" "initialize" "new" "ManyToOneGrouping" "asMethod" "as" "subgrouping" ".local" "duplicated" "duplicated" "unique" "unique" ".make_fuzzy_genetic_code" "translate" "translate" "Biostrings::translate" "Biostrings::translate" "withCallingHandlers" "suppressWarnings" "calculateAASeq" ".local" "initialize" "initialize" "new" "FUN" "lapply" ".local" "initialize" "initialize" "new" "FUN" "lapply" ".local" "initialize" "initialize" "new" "SangerAlignment" 
"getClassDef" "initialize" "initialize" "new" "new2" "new_DataFrame" "DataFrame" "IRanges" "extractROWS" "extractROWS" "replaceROWS" "replaceROWS" "mergeROWS" "mergeROWS" ".nextMethod" "eval" "eval" "callNextMethod" "[<-" "[<-" ".make_fuzzy_genetic_code" "translate" "translate" "Biostrings::translate" "Biostrings::translate" "withCallingHandlers" "suppressWarnings" "calculateAASeq" ".local" "initialize" "initialize" "new" "FUN" "lapply" ".local" "initialize" "initialize" "new" "FUN" "lapply" ".local" "initialize" "initialize" "new" "SangerAlignment" 
"standardGeneric" "paste" "FUN" "lapply" "lapply" "unlist" ".mkAllStringsR" ".mkAllStringsR" ".mkAllStrings" "mkAllStrings" ".make_fuzzy_genetic_code" "translate" "translate" "Biostrings::translate" "Biostrings::translate" "withCallingHandlers" "suppressWarnings" "calculateAASeq" ".local" "initialize" "initialize" "new" "FUN" "lapply" ".local" "initialize" "initialize" "new" "FUN" "lapply" ".local" "initialize" "initialize" "new" "SangerAlignment" 
".Call2" ".vmatch.XStringSet.XStringSet" ".vmatch.XStringSet" ".vmatchPDict" "vwhichPDict" "vwhichPDict" ".make_fuzzy_genetic_code" "translate" "translate" "Biostrings::translate" "Biostrings::translate" "withCallingHandlers" "suppressWarnings" "calculateAASeq" ".local" "initialize" "initialize" "new" "FUN" "lapply" ".local" "initialize" "initialize" "new" "FUN" "lapply" ".local" "initialize" "initialize" "new" "SangerAlignment" 
"grouping" "subgrouping" ".local" "duplicated" "duplicated" "unique" "unique" ".make_fuzzy_genetic_code" "translate" "translate" "Biostrings::translate" "Biostrings::translate" "withCallingHandlers" "suppressWarnings" "calculateAASeq" ".local" "initialize" "initialize" "new" "FUN" "lapply" ".local" "initialize" "initialize" "new" "FUN" "lapply" ".local" "initialize" "initialize" "new" "SangerAlignment" 
"extractROWS" "recycleSingleBracketReplacementValue" ".nextMethod" "eval" "eval" "callNextMethod" "[<-" "[<-" ".make_fuzzy_genetic_code" "translate" "translate" "Biostrings::translate" "Biostrings::translate" "withCallingHandlers" "suppressWarnings" "calculateAASeq" ".local" "initialize" "initialize" "new" "FUN" "lapply" ".local" "initialize" "initialize" "new" "FUN" "lapply" ".local" "initialize" "initialize" "new" "SangerAlignment" 
"sort.int" "sort.default" "sort" "methods:::.selectDotsMethod" "standardGeneric" "paste" "FUN" "lapply" "lapply" "unlist" ".mkAllStringsR" ".mkAllStrings" "mkAllStrings" ".make_fuzzy_genetic_code" "translate" "translate" "Biostrings::translate" "Biostrings::translate" "withCallingHandlers" "suppressWarnings" "calculateAASeq" ".local" "initialize" "initialize" "new" "FUN" "lapply" ".local" "initialize" "initialize" "new" "FUN" "lapply" ".local" "initialize" "initialize" "new" "SangerAlignment" 
".Call2" ".vmatch.XStringSet.XStringSet" ".vmatch.XStringSet" ".vmatchPDict" "vwhichPDict" "vwhichPDict" ".make_fuzzy_genetic_code" "translate" "translate" "Biostrings::translate" "Biostrings::translate" "withCallingHandlers" "suppressWarnings" "calculateAASeq" ".local" "initialize" "initialize" "new" "FUN" "lapply" ".local" "initialize" "initialize" "new" "FUN" "lapply" ".local" "initialize" "initialize" "new" "SangerAlignment" 
"standardGeneric" "relist" "relist" "standardGeneric" "relist" ".dotargsAsList" "IntegerList" "initialize" "initialize" "new" "ManyToOneGrouping" "asMethod" "as" "subgrouping" ".local" "duplicated" "duplicated" "unique" "unique" ".make_fuzzy_genetic_code" "translate" "translate" "Biostrings::translate" "Biostrings::translate" "withCallingHandlers" "suppressWarnings" "calculateAASeq" ".local" "initialize" "initialize" "new" "FUN" "lapply" ".local" "initialize" "initialize" "new" "FUN" "lapply" ".local" "initialize" "initialize" "new" "SangerAlignment" 
".identC" "FUN" "lapply" "sapply" "sapply" "standardGeneric" "which" "listClassName" ".selectListClassName" "relistToClass" "relistToClass" "relist" "standardGeneric" "relist" ".coerceToList" "asMethod" "as" "doTryCatch" "tryCatchOne" "tryCatchList" "tryCatch" "try" ".nextMethod" "callNextMethod" "normalizeSingleBracketReplacementValue" "normalizeSingleBracketReplacementValue" ".nextMethod" "eval" "eval" "callNextMethod" "[<-" "[<-" ".make_fuzzy_genetic_code" "translate" "translate" "Biostrings::translate" "Biostrings::translate" "withCallingHandlers" "suppressWarnings" "calculateAASeq" ".local" "initialize" "initialize" "new" "FUN" "lapply" ".local" "initialize" "initialize" "new" "FUN" "lapply" ".local" "initialize" "initialize" "new" "SangerAlignment" 
"unlist" ".mkAllStringsR" ".mkAllStrings" "mkAllStrings" ".make_translation_lkup" "translate" "translate" "Biostrings::translate" "Biostrings::translate" "withCallingHandlers" "suppressWarnings" "calculateAASeq" ".local" "initialize" "initialize" "new" "FUN" "lapply" ".local" "initialize" "initialize" "new" "FUN" "lapply" ".local" "initialize" "initialize" "new" "SangerAlignment" 
"file.exists" "checkReadFileNameExist" ".local" "initialize" "initialize" "new" "FUN" "lapply" ".local" "initialize" "initialize" "new" "FUN" "lapply" ".local" "initialize" "initialize" "new" "SangerAlignment" 
".identC" "<Anonymous>" "read.abif" ".local" "initialize" "initialize" "new" "FUN" "lapply" ".local" "initialize" "initialize" "new" "FUN" "lapply" ".local" "initialize" "initialize" "new" "SangerAlignment" 
"<Anonymous>" "read.abif" ".local" "initialize" "initialize" "new" "FUN" "lapply" ".local" "initialize" "initialize" "new" "FUN" "lapply" ".local" "initialize" "initialize" "new" "SangerAlignment" 
"paste" "RTC" "read.abif" ".local" "initialize" "initialize" "new" "FUN" "lapply" ".local" "initialize" "initialize" "new" "FUN" "lapply" ".local" "initialize" "initialize" "new" "SangerAlignment" 
"cbind" "sangerseq" "sangerseq" ".local" "initialize" "initialize" "new" "FUN" "lapply" ".local" "initialize" "initialize" "new" "FUN" "lapply" ".local" "initialize" "initialize" "new" "SangerAlignment" 
">" "peakvalues" "MakeBaseCallsInside" ".local" "initialize" "initialize" "new" "FUN" "lapply" ".local" "initialize" "initialize" "new" "FUN" "lapply" ".local" "initialize" "initialize" "new" "SangerAlignment" 
"peakvalues" "MakeBaseCallsInside" ".local" "initialize" "initialize" "new" "FUN" "lapply" ".local" "initialize" "initialize" "new" "FUN" "lapply" ".local" "initialize" "initialize" "new" "SangerAlignment" 
"peakvalues" "MakeBaseCallsInside" ".local" "initialize" "initialize" "new" "FUN" "lapply" ".local" "initialize" "initialize" "new" "FUN" "lapply" ".local" "initialize" "initialize" "new" "SangerAlignment" 
"peakvalues" "MakeBaseCallsInside" ".local" "initialize" "initialize" "new" "FUN" "lapply" ".local" "initialize" "initialize" "new" "FUN" "lapply" ".local" "initialize" "initialize" "new" "SangerAlignment" 
"order" "MakeBaseCallsInside" ".local" "initialize" "initialize" "new" "FUN" "lapply" ".local" "initialize" "initialize" "new" "FUN" "lapply" ".local" "initialize" "initialize" "new" "SangerAlignment" 
">" "peakvalues" "MakeBaseCallsInside" ".local" "initialize" "initialize" "new" "FUN" "lapply" ".local" "initialize" "initialize" "new" "FUN" "lapply" ".local" "initialize" "initialize" "new" "SangerAlignment" 
"&" "peakvalues" "MakeBaseCallsInside" ".local" "initialize" "initialize" "new" "FUN" "lapply" ".local" "initialize" "initialize" "new" "FUN" "lapply" ".local" "initialize" "initialize" "new" "SangerAlignment" 
"peakvalues" "MakeBaseCallsInside" ".local" "initialize" "initialize" "new" "FUN" "lapply" ".local" "initialize" "initialize" "new" "FUN" "lapply" ".local" "initialize" "initialize" "new" "SangerAlignment" 
"&" "peakvalues" "MakeBaseCallsInside" ".local" "initialize" "initialize" "new" "FUN" "lapply" ".local" "initialize" "initialize" "new" "FUN" "lapply" ".local" "initialize" "initialize" "new" "SangerAlignment" 
"peakvalues" "MakeBaseCallsInside" ".local" "initialize" "initialize" "new" "FUN" "lapply" ".local" "initialize" "initialize" "new" "FUN" "lapply" ".local" "initialize" "initialize" "new" "SangerAlignment" 
"&" "peakvalues" "MakeBaseCallsInside" ".local" "initialize" "initialize" "new" "FUN" "lapply" ".local" "initialize" "initialize" "new" "FUN" "lapply" ".local" "initialize" "initialize" "new" "SangerAlignment" 
"vapply" "order" "MakeBaseCallsInside" ".local" "initialize" "initialize" "new" "FUN" "lapply" ".local" "initialize" "initialize" "new" "FUN" "lapply" ".local" "initialize" "initialize" "new" "SangerAlignment" 
"<" "peakvalues" "MakeBaseCallsInside" ".local" "initialize" "initialize" "new" "FUN" "lapply" ".local" "initialize" "initialize" "new" "FUN" "lapply" ".local" "initialize" "initialize" "new" "SangerAlignment" 
"match.arg" "sort.int" "sort.default" "sort" "methods:::.selectDotsMethod" "standardGeneric" "paste" "FUN" "lapply" "lapply" "unlist" ".mkAllStringsR" ".mkAllStringsR" ".mkAllStrings" "mkAllStrings" ".make_fuzzy_genetic_code" "translate" "translate" "Biostrings::translate" "Biostrings::translate" "withCallingHandlers" "suppressWarnings" "calculateAASeq" ".local" "initialize" "initialize" "new" "FUN" "lapply" ".local" "initialize" "initialize" "new" "FUN" "lapply" ".local" "initialize" "initialize" "new" "SangerAlignment" 
".Call2" ".vmatch.XStringSet.XStringSet" ".vmatch.XStringSet" ".vmatchPDict" "vwhichPDict" "vwhichPDict" ".make_fuzzy_genetic_code" "translate" "translate" "Biostrings::translate" "Biostrings::translate" "withCallingHandlers" "suppressWarnings" "calculateAASeq" ".local" "initialize" "initialize" "new" "FUN" "lapply" ".local" "initialize" "initialize" "new" "FUN" "lapply" ".local" "initialize" "initialize" "new" "SangerAlignment" 
".Call2" "S4Vectors:::diffWithInitialZero" "width" "width" "setNames" "elementNROWS" "elementNROWS" "elementNROWS" "elementNROWS" "lengths" "lengths" "lengths" "IntegerList" "initialize" "initialize" "new" "ManyToOneGrouping" "asMethod" "as" "subgrouping" ".local" "duplicated" "duplicated" "unique" "unique" ".make_fuzzy_genetic_code" "translate" "translate" "Biostrings::translate" "Biostrings::translate" "withCallingHandlers" "suppressWarnings" "calculateAASeq" ".local" "initialize" "initialize" "new" "FUN" "lapply" ".local" "initialize" "initialize" "new" "FUN" "lapply" ".local" "initialize" "initialize" "new" "SangerAlignment" 
"validObject" "initialize" "initialize" "new" "new2" "NSBS" "NSBS" "normalizeSingleBracketSubscript" "extractROWS" "extractROWS" "extractROWS" "extractROWS" "recycleSingleBracketReplacementValue" ".nextMethod" "eval" "eval" "callNextMethod" "[<-" "[<-" ".make_fuzzy_genetic_code" "translate" "translate" "Biostrings::translate" "Biostrings::translate" "withCallingHandlers" "suppressWarnings" "calculateAASeq" ".local" "initialize" "initialize" "new" "FUN" "lapply" ".local" "initialize" "initialize" "new" "FUN" "lapply" ".local" "initialize" "initialize" "new" "SangerAlignment" 
".Call2" "solveUserSEW" ".charToXStringSet" "XStringSet" "XStringSet" "DNAStringSet" "vwhichPDict" ".make_fuzzy_genetic_code" "translate" "translate" "Biostrings::translate" "Biostrings::translate" "withCallingHandlers" "suppressWarnings" "calculateAASeq" ".local" "initialize" "initialize" "new" "FUN" "lapply" ".local" "initialize" "initialize" "new" "FUN" "lapply" ".local" "initialize" "initialize" "new" "SangerAlignment" 
".Call2" ".vmatch.XStringSet.XStringSet" ".vmatch.XStringSet" ".vmatchPDict" "vwhichPDict" "vwhichPDict" ".make_fuzzy_genetic_code" "translate" "translate" "Biostrings::translate" "Biostrings::translate" "withCallingHandlers" "suppressWarnings" "calculateAASeq" ".local" "initialize" "initialize" "new" "FUN" "lapply" ".local" "initialize" "initialize" "new" "FUN" "lapply" ".local" "initialize" "initialize" "new" "SangerAlignment" 
"rep.int" "standardGeneric" "rep.int" "unique" "unique" ".make_fuzzy_genetic_code" "translate" "translate" "Biostrings::translate" "Biostrings::translate" "withCallingHandlers" "suppressWarnings" "calculateAASeq" ".local" "initialize" "initialize" "new" "FUN" "lapply" ".local" "initialize" "initialize" "new" "FUN" "lapply" ".local" "initialize" "initialize" "new" "SangerAlignment" 
"standardGeneric" "paste" "FUN" "lapply" "lapply" "unlist" ".mkAllStringsR" ".mkAllStringsR" ".mkAllStringsR" ".mkAllStrings" "mkAllStrings" ".make_translation_lkup" "translate" "translate" "Biostrings::translate" "Biostrings::translate" "withCallingHandlers" "suppressWarnings" "calculateAASeq" ".local" "initialize" "initialize" "new" "FUN" "lapply" ".local" "initialize" "initialize" "new" "FUN" "lapply" ".local" "initialize" "initialize" "new" "SangerAlignment" 
"FUN" "lapply" "lapply" "unlist" ".mkAllStringsR" ".mkAllStrings" "mkAllStrings" ".make_fuzzy_genetic_code" "translate" "translate" "Biostrings::translate" "Biostrings::translate" "withCallingHandlers" "suppressWarnings" "calculateAASeq" ".local" "initialize" "initialize" "new" "FUN" "lapply" ".local" "initialize" "initialize" "new" "FUN" "lapply" ".local" "initialize" "initialize" "new" "SangerAlignment" 
".Call2" ".vmatch.XStringSet.XStringSet" ".vmatch.XStringSet" ".vmatchPDict" "vwhichPDict" "vwhichPDict" ".make_fuzzy_genetic_code" "translate" "translate" "Biostrings::translate" "Biostrings::translate" "withCallingHandlers" "suppressWarnings" "calculateAASeq" ".local" "initialize" "initialize" "new" "FUN" "lapply" ".local" "initialize" "initialize" "new" "FUN" "lapply" ".local" "initialize" "initialize" "new" "SangerAlignment" 
".Call2" ".vmatch.XStringSet.XStringSet" ".vmatch.XStringSet" ".vmatchPDict" "vwhichPDict" "vwhichPDict" ".make_fuzzy_genetic_code" "translate" "translate" "Biostrings::translate" "Biostrings::translate" "withCallingHandlers" "suppressWarnings" "calculateAASeq" ".local" "initialize" "initialize" "new" "FUN" "lapply" ".local" "initialize" "initialize" "new" "FUN" "lapply" ".local" "initialize" "initialize" "new" "SangerAlignment" 
"attr" "packageSlot" "isTRUE" "getClassDef" "FUN" "lapply" "sapply" "sapply" "standardGeneric" "which" "listClassName" ".selectListClassName" "relistToClass" "relistToClass" "relist" "standardGeneric" "relist" "unique" "unique" ".make_fuzzy_genetic_code" "translate" "translate" "Biostrings::translate" "Biostrings::translate" "withCallingHandlers" "suppressWarnings" "calculateAASeq" ".local" "initialize" "initialize" "new" "FUN" "lapply" ".local" "initialize" "initialize" "new" "FUN" "lapply" ".local" "initialize" "initialize" "new" "SangerAlignment" 
"rep.int" "standardGeneric" "rep.int" "S4Vectors:::set_unlisted_names" "unlist" "unlist" "unlist" ".make_fuzzy_genetic_code" "translate" "translate" "Biostrings::translate" "Biostrings::translate" "withCallingHandlers" "suppressWarnings" "calculateAASeq" ".local" "initialize" "initialize" "new" "FUN" "lapply" ".local" "initialize" "initialize" "new" "FUN" "lapply" ".local" "initialize" "initialize" "new" "SangerAlignment" 
"isatty" "num_ansi_colors" "num_colors" "...elt" "stopifnot" "crayon::make_style" "lapply" "crayon::combine_styles" "colorize_by_log_level" "lapply" "mypaste" "crayon::bold" "eval" "eval" "withCallingHandlers" "with_glue_error" ".transformer" "%||%" "<Anonymous>" "glue_data" "glue::glue" "layout" "<Anonymous>" "do.call" "structure" "FUN" "lapply" "log_level" "log_success" ".local" "initialize" "initialize" "new" "FUN" "lapply" ".local" "initialize" "initialize" "new" "FUN" "lapply" ".local" "initialize" "initialize" "new" "SangerAlignment" 
"is.unsorted" "Treeline" "withCallingHandlers" "suppressWarnings" "AlignSeqs" "calculateContigSeq" ".local" "initialize" "initialize" "new" "FUN" "lapply" ".local" "initialize" "initialize" "new" "SangerAlignment" 
".validate_Vector_parallel_slots" "method" "validityMethod" "isTRUE" "anyStrings" "validObject" "bindROWS" "bindROWS" "bindROWS2" "FUN" "lapply" "lapply" ".nextMethod" "eval" "eval" "callNextMethod" "bindROWS" "bindROWS" ".local" "c" "c" "c" "calculateContigSeq" ".local" "initialize" "initialize" "new" "FUN" "lapply" ".local" "initialize" "initialize" "new" "SangerAlignment" 
"<Anonymous>" "windows" "windows" "narrow" "narrow" "subseq" "subseq" "FUN" "lapply" "mclapply" "countCoincidentSp" "calculateContigSeq" ".local" "initialize" "initialize" "new" "FUN" "lapply" ".local" "initialize" "initialize" "new" "SangerAlignment" 
"new" "seqtype" "seqtype" "seqtype" "xscodec" "xs_dec_lkup" ".Call2" ".local" "as.character" "as.character" "as.character" "FUN" "lapply" "mclapply" "countCoincidentSp" "calculateContigSeq" ".local" "initialize" "initialize" "new" "FUN" "lapply" ".local" "initialize" "initialize" "new" "SangerAlignment" 
"windows" "windows" "narrow" "narrow" "subseq" "subseq" "FUN" "lapply" "mclapply" "countCoincidentSp" "calculateContigSeq" ".local" "initialize" "initialize" "new" "FUN" "lapply" ".local" "initialize" "initialize" "new" "SangerAlignment" 
"FUN" "lapply" "mclapply" "countCoincidentSp" "calculateContigSeq" ".local" "initialize" "initialize" "new" "FUN" "lapply" ".local" "initialize" "initialize" "new" "SangerAlignment" 
"narrow" "narrow" "subseq" "subseq" "FUN" "lapply" "mclapply" "countCoincidentSp" "calculateContigSeq" ".local" "initialize" "initialize" "new" "FUN" "lapply" ".local" "initialize" "initialize" "new" "SangerAlignment" 
"width" "setNames" "elementNROWS" "elementNROWS" "make_IRanges_from_windows_args" "windows" "windows" "windows" "windows" "narrow" "narrow" "subseq" "subseq" "FUN" "lapply" "mclapply" "countCoincidentSp" "calculateContigSeq" ".local" "initialize" "initialize" "new" "FUN" "lapply" ".local" "initialize" "initialize" "new" "SangerAlignment" 
"%in%" "FUN" "lapply" "mclapply" "countCoincidentSp" "calculateContigSeq" ".local" "initialize" "initialize" "new" "FUN" "lapply" ".local" "initialize" "initialize" "new" "SangerAlignment" 
".check_start_or_end_or_width" "update_ranges" "update_ranges" "windows" "windows" "windows" "windows" "narrow" "narrow" "subseq" "subseq" "FUN" "lapply" "mclapply" "countCoincidentSp" "calculateContigSeq" ".local" "initialize" "initialize" "new" "FUN" "lapply" ".local" "initialize" "initialize" "new" "SangerAlignment" 
"grepl" "has_newline" "trim" "glue_data" "glue::glue" "withCallingHandlers" "<Anonymous>" "do.call" "<Anonymous>" "do.call" "structure" "FUN" "lapply" "log_level" "log_success" ".local" "initialize" "initialize" "new" "FUN" "lapply" ".local" "initialize" "initialize" "new" "SangerAlignment" 
"slot<-" ".nextMethod" "eval" "eval" "callNextMethod" ".local" "initialize" "initialize" "new" "FUN" "lapply" ".local" "initialize" "initialize" "new" "SangerAlignment" 
".Call" "f" "<Anonymous>" "do.call" "do.call" ".align" "AlignSeqs" "alignContigs" ".local" "initialize" "initialize" "new" "SangerAlignment" 
"stopifnot" "is" "Treeline" "withCallingHandlers" "suppressWarnings" "AlignSeqs" "alignContigs" ".local" "initialize" "initialize" "new" "SangerAlignment" 
"match.arg" "sink.number" "no_sink" "num_ansi_colors" "num_colors" "...elt" "stopifnot" "crayon::make_style" "lapply" "crayon::combine_styles" "colorize_by_log_level" "lapply" "mypaste" "crayon::bold" "eval" "eval" "withCallingHandlers" "with_glue_error" ".transformer" "%||%" "<Anonymous>" "glue_data" "glue::glue" "layout" "<Anonymous>" "do.call" "structure" "FUN" "lapply" "log_level" "log_success" ".local" "initialize" "initialize" "new" "SangerAlignment" 
"isatty" "num_ansi_colors" "color" "paste0" "colorize_by_log_level" "lapply" "mypaste" "crayon::bold" "eval" "eval" "withCallingHandlers" "with_glue_error" ".transformer" "%||%" "<Anonymous>" "glue_data" "glue::glue" "layout" "<Anonymous>" "do.call" "structure" "FUN" "lapply" "log_level" "log_info" ".local" "initialize" "initialize" "new" "SangerAlignment" 
"isatty" "num_ansi_colors" "color" "paste0" "colorize_by_log_level" "lapply" "mypaste" "crayon::bold" "eval" "eval" "withCallingHandlers" "with_glue_error" ".transformer" "%||%" "<Anonymous>" "glue_data" "glue::glue" "layout" "<Anonymous>" "do.call" "structure" "FUN" "lapply" "log_level" "log_info" ".local" "initialize" "initialize" "new" "SangerAlignment" 
